timestamp,distance_km,base_duration_min,traffic_speed_kmh,free_flow_speed_kmh,congestion_ratio,hour,day_of_week,weekend,rainfall_mm,visibility_km,temperature_c,incident_count,incident_severity,road_type_encoded,vehicle_type_encoded,route_length_km,historical_mean_time,historical_std_time,actual_travel_time,delayed
2026-01-01T06:00:00,29.35,27.1,61.8,65.0,0.049,6,3,0,0.0,10.0,30.9,0,0,0,2,29.35,27.6,3.3,29.2,0
2026-01-01T06:18:00,48.36,44.6,41.0,65.0,0.369,6,3,0,12.3,4.5,33.1,0,0,0,1,48.36,51.2,6.1,69.6,1
2026-01-01T06:36:00,32.62,30.1,58.1,65.0,0.106,6,3,0,0.0,10.0,20.9,0,0,0,2,32.62,31.4,3.8,32.1,0
2026-01-01T06:54:00,37.31,34.4,31.6,65.0,0.514,6,3,0,0.0,10.0,30.6,1,3,0,0,37.31,41.5,5.0,75.6,1
2026-01-01T07:12:00,40.11,37.0,53.9,65.0,0.171,7,3,0,0.0,10.0,31.7,0,0,1,2,40.11,39.5,4.7,41.7,0
2026-01-01T07:30:00,51.06,47.1,55.8,65.0,0.142,7,3,0,0.0,10.0,24.5,0,0,1,2,51.06,49.8,6.0,55.1,1
2026-01-01T07:48:00,30.52,28.2,60.8,65.0,0.065,7,3,0,0.0,10.0,21.6,0,0,1,0,30.52,28.9,3.5,31.3,0
2026-01-01T08:06:00,38.76,35.8,35.8,65.0,0.449,8,3,0,0.0,10.0,31.0,0,0,0,2,38.76,42.2,5.1,66.8,1
2026-01-01T08:24:00,8.89,10.7,18.0,50.0,0.64,8,3,0,0.0,10.0,17.6,1,3,1,1,8.89,13.4,2.0,27.5,1
2026-01-01T08:42:00,57.2,52.8,39.8,65.0,0.388,8,3,0,0.0,10.0,25.1,0,0,0,1,57.2,61.0,7.3,85.2,1
2026-01-01T09:00:00,44.34,40.9,40.1,65.0,0.383,9,3,0,0.0,10.0,20.8,0,0,1,1,44.34,47.2,5.7,66.3,1
2026-01-01T09:18:00,37.8,34.9,32.8,65.0,0.495,9,3,0,0.0,10.0,36.4,1,1,0,1,37.8,41.8,5.0,68.9,1
2026-01-01T09:36:00,47.64,44.0,38.9,65.0,0.402,9,3,0,3.2,3.6,36.7,0,0,1,2,47.64,51.1,6.1,73.2,1
2026-01-01T09:54:00,20.45,18.9,38.0,65.0,0.415,9,3,0,0.0,10.0,21.3,0,0,0,0,20.45,22.0,2.6,31.4,1
2026-01-01T10:12:00,23.51,21.7,38.8,65.0,0.403,10,3,0,0.0,10.0,21.8,0,0,0,1,23.51,25.2,3.0,34.1,1
2026-01-01T10:30:00,17.59,21.1,29.0,50.0,0.42,10,3,0,0.0,10.0,22.1,0,0,0,2,17.59,24.6,3.0,36.0,1
2026-01-01T10:48:00,47.69,44.0,40.0,65.0,0.385,10,3,0,0.0,10.0,24.3,0,0,1,1,47.69,50.8,6.1,65.3,1
2026-01-01T11:06:00,39.51,36.5,53.2,65.0,0.182,11,3,0,0.0,10.0,35.9,0,0,1,2,39.51,39.2,4.7,42.9,1
2026-01-01T11:24:00,64.06,59.1,58.8,65.0,0.095,11,3,0,0.0,10.0,30.1,0,0,1,1,64.06,61.3,7.4,64.3,0
2026-01-01T11:42:00,20.55,19.0,55.0,65.0,0.154,11,3,0,0.0,10.0,32.1,0,0,2,2,20.55,20.2,2.4,21.7,0
2026-01-01T12:00:00,37.51,34.6,59.8,65.0,0.08,12,3,0,0.0,10.0,34.0,0,0,1,1,37.51,35.7,4.3,36.1,0
2026-01-01T12:18:00,63.98,59.1,60.2,65.0,0.074,12,3,0,0.0,10.0,23.9,0,0,0,2,63.98,60.8,7.3,64.1,0
2026-01-01T12:36:00,47.92,44.2,60.4,65.0,0.071,12,3,0,0.0,10.0,25.3,0,0,2,0,47.92,45.5,5.5,49.2,0
2026-01-01T12:54:00,41.1,37.9,56.8,65.0,0.126,12,3,0,0.0,10.0,33.6,0,0,0,0,41.1,39.8,4.8,38.6,0
2026-01-01T13:12:00,18.03,21.6,38.9,50.0,0.222,13,3,0,2.4,2.5,35.1,0,0,0,1,18.03,23.5,2.8,33.5,1
2026-01-01T13:30:00,22.28,20.6,59.9,65.0,0.078,13,3,0,0.0,10.0,27.9,0,0,0,2,22.28,21.2,2.5,22.2,0
2026-01-01T13:48:00,44.77,41.3,58.7,65.0,0.097,13,3,0,0.0,10.0,24.8,0,0,1,1,44.77,42.9,5.1,41.3,0
2026-01-01T14:06:00,58.36,53.9,59.0,65.0,0.092,14,3,0,0.0,10.0,25.5,0,0,1,0,58.36,55.9,6.7,54.5,0
2026-01-01T14:24:00,12.29,14.7,41.6,50.0,0.168,14,3,0,0.0,10.0,23.3,0,0,0,2,12.29,15.7,2.0,14.9,0
2026-01-01T14:42:00,22.49,20.8,58.5,65.0,0.1,14,3,0,0.0,10.0,35.3,0,0,0,2,22.49,21.6,2.6,27.5,1
2026-01-01T15:00:00,22.6,20.9,42.7,65.0,0.343,15,3,0,0.0,10.0,19.9,1,2,1,0,22.6,23.8,2.9,28.9,1
2026-01-01T15:18:00,13.36,16.0,36.4,50.0,0.272,15,3,0,0.0,10.0,18.0,1,1,0,2,13.36,17.7,2.1,22.4,1
2026-01-01T15:36:00,25.29,23.3,55.7,65.0,0.143,15,3,0,0.0,10.0,32.8,0,0,2,2,25.29,24.6,3.0,26.3,0
2026-01-01T15:54:00,31.45,29.0,53.3,65.0,0.18,15,3,0,0.0,10.0,29.6,0,0,1,2,31.45,31.1,3.7,30.4,0
2026-01-01T16:12:00,18.51,22.2,40.6,50.0,0.188,16,3,0,2.0,4.1,17.7,0,0,0,0,18.51,23.9,2.9,28.0,1
2026-01-01T16:30:00,45.46,42.0,57.5,65.0,0.115,16,3,0,0.0,10.0,40.5,0,0,0,2,45.46,43.9,5.3,46.0,0
2026-01-01T16:48:00,27.49,25.4,60.1,65.0,0.075,16,3,0,0.3,2.9,23.7,0,0,1,2,27.49,26.2,3.1,27.4,0
2026-01-01T17:06:00,38.74,35.8,41.3,65.0,0.365,17,3,0,0.0,10.0,31.5,0,0,1,1,38.74,41.0,4.9,58.6,1
2026-01-01T17:24:00,40.68,37.6,34.7,65.0,0.466,17,3,0,5.8,4.5,33.8,0,0,0,2,40.68,44.6,5.4,69.0,1
2026-01-01T17:42:00,10.22,12.3,27.5,50.0,0.45,17,3,0,0.0,10.0,19.4,0,0,1,2,10.22,14.5,2.0,26.2,1
2026-01-01T18:00:00,22.86,21.1,44.3,65.0,0.318,18,3,0,0.0,10.0,20.7,0,0,0,2,22.86,23.8,2.9,31.1,1
2026-01-01T18:18:00,32.14,29.7,38.5,65.0,0.408,18,3,0,0.0,10.0,30.0,0,0,0,1,32.14,34.5,4.1,51.0,1
2026-01-01T18:36:00,57.43,53.0,37.0,65.0,0.431,18,3,0,0.0,10.0,31.6,0,0,0,2,57.43,62.1,7.5,92.3,1
2026-01-01T18:54:00,30.21,27.9,39.1,65.0,0.398,18,3,0,0.0,10.0,46.5,0,0,2,1,30.21,32.3,3.9,48.8,1
2026-01-01T19:12:00,35.5,32.8,46.7,65.0,0.282,19,3,0,0.0,10.0,33.7,0,0,2,1,35.5,36.5,4.4,50.1,1
2026-01-01T19:30:00,63.21,58.3,40.5,65.0,0.377,19,3,0,0.0,10.0,29.4,0,0,0,2,63.21,67.1,8.1,93.8,1
2026-01-01T19:48:00,30.61,28.3,36.8,65.0,0.434,19,3,0,0.0,10.0,27.3,0,0,1,0,30.61,33.2,4.0,49.1,1
2026-01-01T20:06:00,59.74,55.1,39.8,65.0,0.388,20,3,0,0.0,10.0,29.8,0,0,0,1,59.74,63.7,7.6,94.7,1
2026-01-01T20:24:00,22.18,20.5,39.0,65.0,0.4,20,3,0,0.0,10.0,17.5,0,0,1,1,22.18,23.8,2.9,35.7,1
2026-01-01T20:42:00,50.42,46.5,38.7,65.0,0.405,20,3,0,0.0,10.0,30.2,0,0,0,1,50.42,54.0,6.5,72.0,1
2026-01-01T21:00:00,32.87,30.3,58.4,65.0,0.102,21,3,0,0.0,10.0,27.3,0,0,0,0,32.87,31.5,3.8,33.4,0
2026-01-01T21:18:00,47.64,44.0,60.8,65.0,0.065,21,3,0,0.6,2.7,28.7,0,0,2,0,47.64,45.1,5.4,45.3,0
2026-01-01T21:36:00,11.3,13.6,41.8,50.0,0.164,21,3,0,0.0,10.0,25.2,0,0,1,2,11.3,14.5,2.0,14.3,0
2026-01-01T21:54:00,28.54,26.3,62.4,65.0,0.04,21,3,0,0.0,10.0,21.7,0,0,0,2,28.54,26.7,3.2,26.3,0
2026-01-01T22:12:00,12.34,14.8,38.8,50.0,0.224,22,3,0,0.0,10.0,37.1,0,0,0,0,12.34,16.1,2.0,16.0,0
2026-01-01T22:30:00,31.44,29.0,55.4,65.0,0.148,22,3,0,0.0,10.0,28.1,0,0,1,1,31.44,30.7,3.7,37.6,1
2026-01-01T22:48:00,11.62,13.9,41.9,50.0,0.162,22,3,0,0.5,2.0,28.3,0,0,1,0,11.62,14.8,2.0,20.6,1
2026-01-01T23:06:00,51.15,47.2,55.2,65.0,0.151,23,3,0,0.0,10.0,30.6,0,0,0,2,51.15,50.1,6.0,53.7,0
2026-01-01T23:24:00,58.06,53.6,55.9,65.0,0.14,23,3,0,0.0,10.0,27.0,0,0,1,2,58.06,56.6,6.8,60.9,0
2026-01-01T23:42:00,31.97,29.5,57.8,65.0,0.111,23,3,0,0.0,10.0,42.2,0,0,1,1,31.97,30.8,3.7,33.3,0
2026-01-02T00:00:00,39.62,36.6,51.5,65.0,0.208,0,4,0,4.5,3.6,32.2,0,0,1,1,39.62,39.6,4.8,45.7,1
2026-01-02T00:18:00,56.0,51.7,49.2,65.0,0.243,0,4,0,0.0,10.0,35.5,1,1,0,1,56.0,56.7,6.8,69.3,1
2026-01-02T00:36:00,21.69,20.0,58.1,65.0,0.106,0,4,0,0.5,2.4,20.4,0,0,2,2,21.69,20.8,2.5,20.0,0
2026-01-02T00:54:00,18.96,22.8,39.0,50.0,0.22,0,4,0,0.6,2.8,30.0,0,0,0,1,18.96,24.8,3.0,28.7,1
2026-01-02T01:12:00,47.35,43.7,48.6,65.0,0.252,1,4,0,5.6,3.9,32.1,0,0,0,2,47.35,48.1,5.8,57.8,1
2026-01-02T01:30:00,43.24,39.9,59.8,65.0,0.08,1,4,0,0.0,10.0,13.2,0,0,2,1,43.24,41.2,4.9,40.9,0
2026-01-02T01:48:00,38.33,35.4,52.0,65.0,0.2,1,4,0,2.1,3.6,22.1,0,0,0,2,38.33,38.2,4.6,42.6,1
2026-01-02T02:06:00,14.83,17.8,47.2,50.0,0.056,2,4,0,0.0,10.0,20.5,0,0,0,2,14.83,18.2,2.2,20.5,1
2026-01-02T02:24:00,38.62,35.6,61.9,65.0,0.048,2,4,0,0.0,10.0,24.4,0,0,0,2,38.62,36.3,4.4,39.8,0
2026-01-02T02:42:00,28.3,26.1,56.1,65.0,0.137,2,4,0,0.0,10.0,38.5,0,0,0,2,28.3,27.5,3.3,29.7,0
2026-01-02T03:00:00,17.16,20.6,42.4,50.0,0.152,3,4,0,0.0,10.0,22.0,0,0,0,1,17.16,21.9,2.6,25.0,1
2026-01-02T03:18:00,14.39,17.3,44.7,50.0,0.106,3,4,0,0.0,10.0,26.7,0,0,0,2,14.39,18.0,2.2,20.0,1
2026-01-02T03:36:00,46.11,42.6,62.1,65.0,0.045,3,4,0,0.0,10.0,39.3,0,0,1,2,46.11,43.4,5.2,42.6,0
2026-01-02T03:54:00,36.93,34.1,52.6,65.0,0.191,3,4,0,0.0,10.0,16.2,0,0,1,2,36.93,36.7,4.4,44.1,1
2026-01-02T04:12:00,35.42,32.7,56.0,65.0,0.138,4,4,0,0.0,10.0,26.1,0,0,0,0,35.42,34.5,4.1,40.5,1
2026-01-02T04:30:00,22.51,20.8,55.0,65.0,0.154,4,4,0,0.0,10.0,23.5,0,0,0,2,22.51,22.1,2.7,30.6,1
2026-01-02T04:48:00,60.98,56.3,57.5,65.0,0.115,4,4,0,0.0,10.0,28.0,0,0,0,1,60.98,58.9,7.1,66.6,1
2026-01-02T05:06:00,15.97,19.2,43.0,50.0,0.14,5,4,0,0.0,10.0,28.5,0,0,1,1,15.97,20.3,2.4,21.5,0
2026-01-02T05:24:00,37.81,34.9,60.0,65.0,0.077,5,4,0,0.0,10.0,25.4,0,0,0,2,37.81,36.0,4.3,34.9,0
2026-01-02T05:42:00,50.61,46.7,56.5,65.0,0.131,5,4,0,0.0,10.0,24.9,0,0,1,0,50.61,49.1,5.9,55.8,1
2026-01-02T06:00:00,43.58,40.2,44.2,65.0,0.32,6,4,0,9.8,3.9,21.8,0,0,1,1,43.58,45.3,5.4,59.6,1
2026-01-02T06:18:00,16.65,20.0,48.5,50.0,0.03,6,4,0,0.0,10.0,28.5,0,0,2,2,16.65,20.2,2.4,21.6,0
2026-01-02T06:36:00,54.81,50.6,47.9,65.0,0.263,6,4,0,6.6,2.4,34.7,0,0,0,1,54.81,55.9,6.7,70.8,1
2026-01-02T06:54:00,47.56,43.9,54.0,65.0,0.169,6,4,0,0.0,10.0,35.1,0,0,2,1,47.56,46.9,5.6,51.6,1
2026-01-02T07:12:00,30.85,28.5,65.1,65.0,0.0,7,4,0,0.0,10.0,28.1,0,0,0,0,30.85,28.5,3.4,28.7,0
2026-01-02T07:30:00,47.71,44.0,58.0,65.0,0.108,7,4,0,0.0,10.0,31.4,0,0,1,2,47.71,45.9,5.5,46.5,0
2026-01-02T07:48:00,49.98,46.1,59.5,65.0,0.085,7,4,0,0.0,10.0,26.5,0,0,2,0,49.98,47.7,5.7,50.5,0
2026-01-02T08:06:00,41.7,38.5,34.1,65.0,0.475,8,4,0,0.0,10.0,33.6,1,1,1,2,41.7,45.8,5.5,71.8,1
2026-01-02T08:24:00,31.63,29.2,42.7,65.0,0.343,8,4,0,0.0,10.0,26.6,0,0,2,1,31.63,33.2,4.0,45.6,1
2026-01-02T08:42:00,17.43,20.9,27.4,50.0,0.452,8,4,0,1.3,4.3,17.8,0,0,1,0,17.43,24.7,3.0,36.5,1
2026-01-02T09:00:00,34.16,31.5,43.7,65.0,0.328,9,4,0,0.0,10.0,27.7,0,0,0,2,34.16,35.6,4.3,43.5,1
2026-01-02T09:18:00,53.59,49.5,36.0,65.0,0.446,9,4,0,0.0,10.0,15.5,0,0,1,1,53.59,58.3,7.0,93.0,1
2026-01-02T09:36:00,24.76,22.9,46.1,65.0,0.291,9,4,0,0.0,10.0,41.6,0,0,0,1,24.76,25.6,3.1,31.5,1
2026-01-02T09:54:00,12.3,14.8,31.2,50.0,0.376,9,4,0,0.0,10.0,22.7,0,0,1,0,12.3,17.0,2.0,26.0,1
2026-01-02T10:12:00,55.87,51.6,33.8,65.0,0.48,10,4,0,0.0,10.0,34.3,0,0,0,1,55.87,61.5,7.4,94.9,1
2026-01-02T10:30:00,40.46,37.3,42.9,65.0,0.34,10,4,0,0.0,10.0,33.1,0,0,2,1,40.46,42.4,5.1,58.1,1
2026-01-02T10:48:00,53.99,49.8,37.6,65.0,0.422,10,4,0,0.0,10.0,16.8,0,0,1,1,53.99,58.2,7.0,87.0,1
2026-01-02T11:06:00,48.12,44.4,60.2,65.0,0.074,11,4,0,0.0,10.0,32.2,0,0,0,2,48.12,45.7,5.5,46.7,0
2026-01-02T11:24:00,55.35,51.1,61.0,65.0,0.062,11,4,0,0.0,10.0,23.2,0,0,0,0,55.35,52.4,6.3,53.6,0
2026-01-02T11:42:00,40.25,37.2,57.0,65.0,0.123,11,4,0,0.0,10.0,28.5,0,0,1,1,40.25,39.0,4.7,39.0,0
2026-01-02T12:00:00,47.83,44.2,53.6,65.0,0.175,12,4,0,0.0,10.0,30.7,0,0,0,0,47.83,47.3,5.7,56.3,1
2026-01-02T12:18:00,54.89,50.7,54.9,65.0,0.155,12,4,0,0.0,10.0,33.9,0,0,0,2,54.89,53.8,6.5,60.0,1
2026-01-02T12:36:00,49.05,45.3,53.9,65.0,0.171,12,4,0,0.5,2.8,32.5,0,0,1,2,49.05,48.4,5.8,57.6,1
2026-01-02T12:54:00,31.05,28.7,58.3,65.0,0.103,12,4,0,0.0,10.0,28.5,0,0,0,2,31.05,29.9,3.6,31.7,0
2026-01-02T13:12:00,51.95,48.0,50.8,65.0,0.218,13,4,0,6.4,3.3,28.4,0,0,2,2,51.95,52.2,6.3,57.0,1
2026-01-02T13:30:00,38.77,35.8,58.3,65.0,0.103,13,4,0,0.0,10.0,26.3,0,0,0,2,38.77,37.3,4.5,37.3,0
2026-01-02T13:48:00,28.04,25.9,62.0,65.0,0.046,13,4,0,0.0,10.0,31.6,0,0,0,2,28.04,26.4,3.2,29.6,0
2026-01-02T14:06:00,62.84,58.0,54.6,65.0,0.16,14,4,0,0.0,10.0,23.4,0,0,2,1,62.84,61.7,7.4,69.2,1
2026-01-02T14:24:00,44.42,41.0,61.3,65.0,0.057,14,4,0,0.0,10.0,32.0,0,0,2,1,44.42,41.9,5.0,42.8,0
2026-01-02T14:42:00,46.19,42.6,47.6,65.0,0.268,14,4,0,3.1,5.0,27.7,0,0,0,1,46.19,47.2,5.7,57.5,1
2026-01-02T15:00:00,18.98,22.8,33.6,50.0,0.328,15,4,0,1.9,4.4,35.1,0,0,1,2,18.98,25.8,3.1,31.8,1
2026-01-02T15:18:00,58.44,53.9,61.5,65.0,0.054,15,4,0,0.0,10.0,43.5,0,0,1,1,58.44,55.1,6.6,53.9,0
2026-01-02T15:36:00,45.71,42.2,59.4,65.0,0.086,15,4,0,0.0,10.0,11.1,0,0,0,2,45.71,43.7,5.2,45.1,0
2026-01-02T15:54:00,61.16,56.5,57.1,65.0,0.122,15,4,0,0.0,2.2,19.9,0,0,1,2,61.16,59.3,7.1,62.9,0
2026-01-02T16:12:00,30.7,28.3,54.6,65.0,0.16,16,4,0,1.4,3.6,15.8,0,0,1,1,30.7,30.1,3.6,34.9,1
2026-01-02T16:30:00,10.57,12.7,40.0,50.0,0.2,16,4,0,1.7,2.4,25.5,0,0,1,0,10.57,13.7,2.0,17.9,1
2026-01-02T16:48:00,58.4,53.9,57.4,65.0,0.117,16,4,0,0.0,10.0,26.4,0,0,1,2,58.4,56.4,6.8,60.7,0
2026-01-02T17:06:00,10.09,12.1,32.5,50.0,0.35,17,4,0,0.0,10.0,24.0,0,0,0,1,10.09,13.8,2.0,21.6,1
2026-01-02T17:24:00,42.04,38.8,35.2,65.0,0.458,17,4,0,0.0,10.0,27.7,0,0,2,0,42.04,45.9,5.5,77.2,1
2026-01-02T17:42:00,50.63,46.7,26.3,65.0,0.595,17,4,0,7.9,4.6,23.0,0,0,0,2,50.63,57.8,6.9,113.7,1
2026-01-02T18:00:00,56.58,52.2,41.5,65.0,0.362,18,4,0,1.4,4.8,21.6,0,0,0,1,56.58,59.8,7.2,81.9,1
2026-01-02T18:18:00,62.84,58.0,30.4,65.0,0.532,18,4,0,7.9,5.0,23.2,1,1,1,2,62.84,70.3,8.4,122.7,1
2026-01-02T18:36:00,46.65,43.1,39.2,65.0,0.397,18,4,0,0.0,10.0,30.5,0,0,1,0,46.65,49.9,6.0,72.4,1
2026-01-02T18:54:00,55.71,51.4,44.4,65.0,0.317,18,4,0,0.0,10.0,31.3,0,0,0,0,55.71,57.9,6.9,76.9,1
2026-01-02T19:12:00,57.7,53.3,30.5,65.0,0.531,19,4,0,6.1,2.4,34.2,0,0,1,0,57.7,64.6,7.8,112.9,1
2026-01-02T19:30:00,24.36,22.5,36.2,65.0,0.443,19,4,0,0.0,10.0,27.0,0,0,1,1,24.36,26.5,3.2,42.2,1
2026-01-02T19:48:00,52.45,48.4,35.1,65.0,0.46,19,4,0,5.0,3.6,26.4,0,0,2,2,52.45,57.3,6.9,90.1,1
2026-01-02T20:06:00,11.87,14.2,31.4,50.0,0.372,20,4,0,0.0,10.0,29.5,0,0,0,1,11.87,16.3,2.0,20.9,1
2026-01-02T20:24:00,10.61,12.7,32.1,50.0,0.358,20,4,0,0.0,10.0,23.6,0,0,0,2,10.61,14.5,2.0,19.5,1
2026-01-02T20:42:00,51.91,47.9,36.0,65.0,0.446,20,4,0,0.0,10.0,14.8,0,0,0,1,51.91,56.4,6.8,81.0,1
2026-01-02T21:00:00,47.54,43.9,55.5,65.0,0.146,21,4,0,0.0,10.0,28.5,0,0,0,0,47.54,46.5,5.6,50.8,1
2026-01-02T21:18:00,61.79,57.0,52.6,65.0,0.191,21,4,0,0.0,10.0,20.1,0,0,2,2,61.79,61.4,7.4,68.8,1
2026-01-02T21:36:00,58.96,54.4,61.5,65.0,0.054,21,4,0,0.0,10.0,19.5,0,0,0,0,58.96,55.6,6.7,58.2,0
2026-01-02T21:54:00,52.27,48.2,59.1,65.0,0.091,21,4,0,0.0,10.0,25.6,0,0,0,2,52.27,50.0,6.0,56.4,1
2026-01-02T22:12:00,60.49,55.8,61.5,65.0,0.054,22,4,0,0.0,10.0,26.5,0,0,0,1,60.49,57.0,6.8,55.8,0
2026-01-02T22:30:00,36.02,33.2,52.1,65.0,0.198,22,4,0,3.1,2.8,25.1,0,0,0,2,36.02,35.8,4.3,36.8,0
2026-01-02T22:48:00,30.37,28.0,59.5,65.0,0.085,22,4,0,0.0,10.0,17.5,0,0,2,1,30.37,29.0,3.5,30.6,0
2026-01-02T23:06:00,13.98,16.8,44.0,50.0,0.12,23,4,0,0.0,10.0,23.6,0,0,1,1,13.98,17.6,2.1,16.8,0
2026-01-02T23:24:00,39.9,36.8,37.5,65.0,0.423,23,4,0,1.4,3.6,25.5,1,2,0,2,39.9,43.0,5.2,68.3,1
2026-01-02T23:42:00,53.63,49.5,58.0,65.0,0.108,23,4,0,0.0,10.0,30.8,0,0,1,2,53.63,51.6,6.2,53.5,0
2026-01-03T00:00:00,61.36,56.6,56.0,65.0,0.138,0,5,1,2.7,4.1,29.4,0,0,0,0,61.36,59.7,7.2,69.0,1
2026-01-03T00:18:00,33.78,31.2,56.1,65.0,0.137,0,5,1,0.0,10.0,28.2,0,0,0,2,33.78,32.9,3.9,36.6,1
2026-01-03T00:36:00,17.09,20.5,42.4,50.0,0.152,0,5,1,0.0,10.0,20.8,0,0,1,2,17.09,21.7,2.6,28.5,1
2026-01-03T00:54:00,21.02,19.4,53.8,65.0,0.172,0,5,1,0.0,10.0,29.6,0,0,1,2,21.02,20.7,2.5,24.9,1
2026-01-03T01:12:00,9.75,11.7,43.7,50.0,0.126,1,5,1,0.0,10.0,33.5,0,0,1,2,9.75,12.3,2.0,11.7,0
2026-01-03T01:30:00,64.3,59.4,48.4,65.0,0.255,1,5,1,7.1,3.7,18.2,0,0,2,0,64.3,65.5,7.9,84.2,1
2026-01-03T01:48:00,32.04,29.6,57.7,65.0,0.112,1,5,1,0.0,10.0,31.8,0,0,1,1,32.04,30.9,3.7,31.8,0
2026-01-03T02:06:00,48.8,45.0,58.2,65.0,0.105,2,5,1,0.0,10.0,29.4,0,0,0,2,48.8,46.9,5.6,49.6,0
2026-01-03T02:24:00,57.63,53.2,57.9,65.0,0.109,2,5,1,0.0,10.0,13.6,0,0,0,2,57.63,55.5,6.7,56.5,0
2026-01-03T02:42:00,52.09,48.1,36.2,65.0,0.443,2,5,1,12.3,3.4,34.0,0,0,1,2,52.09,56.6,6.8,87.0,1
2026-01-03T03:00:00,22.18,20.5,58.8,65.0,0.095,3,5,1,0.0,10.0,22.0,0,0,0,1,22.18,21.3,2.6,21.8,0
2026-01-03T03:18:00,56.12,51.8,56.3,65.0,0.134,3,5,1,0.0,10.0,39.5,0,0,0,2,56.12,54.6,6.6,60.8,1
2026-01-03T03:36:00,11.25,13.5,40.9,50.0,0.182,3,5,1,0.0,10.0,26.2,0,0,0,1,11.25,14.5,2.0,18.8,1
2026-01-03T03:54:00,33.92,31.3,54.6,65.0,0.16,3,5,1,0.0,10.0,29.1,0,0,0,2,33.92,33.3,4.0,38.3,1
2026-01-03T04:12:00,48.17,44.5,55.2,65.0,0.151,4,5,1,0.0,10.0,28.7,0,0,2,2,48.17,47.2,5.7,54.5,1
2026-01-03T04:30:00,61.84,57.1,60.1,65.0,0.075,4,5,1,0.0,10.0,30.0,0,0,1,2,61.84,58.8,7.1,62.5,0
2026-01-03T04:48:00,61.06,56.4,59.2,65.0,0.089,4,5,1,0.0,10.0,20.5,0,0,0,1,61.06,58.4,7.0,62.6,0
2026-01-03T05:06:00,64.97,60.0,42.4,65.0,0.348,5,5,1,13.2,3.2,22.5,0,0,1,0,64.97,68.4,8.2,95.5,1
2026-01-03T05:24:00,31.04,28.7,58.9,65.0,0.094,5,5,1,0.0,10.0,33.3,0,0,1,2,31.04,29.8,3.6,31.2,0
2026-01-03T05:42:00,39.04,36.0,52.9,65.0,0.186,5,5,1,1.4,3.1,27.8,0,0,0,2,39.04,38.7,4.6,48.2,1
2026-01-03T06:00:00,29.28,27.0,55.1,65.0,0.152,6,5,1,0.0,10.0,28.0,0,0,1,2,29.28,28.6,3.4,34.3,1
2026-01-03T06:18:00,37.59,34.7,36.3,65.0,0.442,6,5,1,0.0,10.0,25.1,1,2,0,2,37.59,40.8,4.9,62.6,1
2026-01-03T06:36:00,39.32,36.3,62.7,65.0,0.035,6,5,1,0.0,10.0,28.1,0,0,0,0,39.32,36.8,4.4,36.3,0
2026-01-03T06:54:00,19.24,23.1,45.2,50.0,0.096,6,5,1,0.0,10.0,36.2,0,0,1,1,19.24,24.0,2.9,23.1,0
2026-01-03T07:12:00,60.99,56.3,57.7,65.0,0.112,7,5,1,0.0,10.0,22.0,0,0,0,0,60.99,58.8,7.1,63.6,0
2026-01-03T07:30:00,15.02,18.0,42.3,50.0,0.154,7,5,1,0.0,10.0,34.9,0,0,1,2,15.02,19.1,2.3,19.1,0
2026-01-03T07:48:00,60.31,55.7,50.4,65.0,0.225,7,5,1,0.0,10.0,29.9,0,0,0,1,60.31,60.7,7.3,78.2,1
2026-01-03T08:06:00,53.24,49.1,59.4,65.0,0.086,8,5,1,0.0,10.0,29.5,0,0,1,1,53.24,50.8,6.1,53.1,0
2026-01-03T08:24:00,22.57,20.8,58.6,65.0,0.098,8,5,1,0.0,10.0,31.2,0,0,1,1,22.57,21.6,2.6,22.5,0
2026-01-03T08:42:00,16.72,20.1,51.4,50.0,0.0,8,5,1,0.0,10.0,20.2,0,0,0,2,16.72,20.1,2.4,20.1,0
2026-01-03T09:00:00,21.12,19.5,59.5,65.0,0.085,9,5,1,0.0,10.0,19.0,0,0,0,2,21.12,20.2,2.4,23.0,1
2026-01-03T09:18:00,46.52,42.9,60.3,65.0,0.072,9,5,1,0.0,10.0,17.7,0,0,1,2,46.52,44.1,5.3,45.0,0
2026-01-03T09:36:00,59.61,55.0,53.3,65.0,0.18,9,5,1,0.0,10.0,31.9,0,0,0,2,59.61,59.0,7.1,70.0,1
2026-01-03T09:54:00,33.22,30.7,57.8,65.0,0.111,9,5,1,0.0,10.0,17.7,0,0,0,1,33.22,32.1,3.9,33.0,0
2026-01-03T10:12:00,46.77,43.2,40.6,65.0,0.375,10,5,1,0.0,10.0,18.9,1,2,0,0,46.77,49.7,6.0,64.2,1
2026-01-03T10:30:00,41.09,37.9,42.5,65.0,0.346,10,5,1,11.4,3.9,23.2,0,0,0,0,41.09,43.1,5.2,55.0,1
2026-01-03T10:48:00,8.07,9.7,45.2,50.0,0.096,10,5,1,0.0,10.0,26.9,0,0,0,0,8.07,10.1,2.0,9.7,0
2026-01-03T11:06:00,46.28,42.7,56.5,65.0,0.131,11,5,1,1.0,4.4,31.7,0,0,0,2,46.28,44.9,5.4,55.3,1
2026-01-03T11:24:00,14.71,17.7,39.4,50.0,0.212,11,5,1,0.0,10.0,20.1,0,0,0,1,14.71,19.2,2.3,21.0,1
2026-01-03T11:42:00,61.72,57.0,58.3,65.0,0.103,11,5,1,0.0,10.0,31.9,0,0,1,2,61.72,59.3,7.1,67.0,1
2026-01-03T12:00:00,36.57,33.8,59.2,65.0,0.089,12,5,1,0.0,10.0,40.2,0,0,1,1,36.57,35.0,4.2,36.2,0
2026-01-03T12:18:00,54.67,50.5,30.1,65.0,0.537,12,5,1,0.0,10.0,24.3,1,3,2,1,54.67,61.3,7.4,112.3,1
2026-01-03T12:36:00,54.88,50.7,48.0,65.0,0.262,12,5,1,6.9,4.8,41.8,0,0,0,1,54.88,56.0,6.7,65.9,1
2026-01-03T12:54:00,28.95,26.7,58.6,65.0,0.098,12,5,1,0.1,2.4,25.2,0,0,0,2,28.95,27.7,3.3,29.8,0
2026-01-03T13:12:00,36.85,34.0,54.8,65.0,0.157,13,5,1,0.0,10.0,28.7,0,0,1,1,36.85,36.1,4.3,39.8,1
2026-01-03T13:30:00,11.32,13.6,18.2,50.0,0.636,13,5,1,0.0,10.0,35.9,1,3,1,2,11.32,17.1,2.1,36.6,1
2026-01-03T13:48:00,37.04,34.2,60.8,65.0,0.065,13,5,1,0.0,10.0,29.6,0,0,1,1,37.04,35.1,4.2,34.2,0
2026-01-03T14:06:00,58.54,54.0,53.7,65.0,0.174,14,5,1,0.0,10.0,25.7,0,0,1,1,58.54,57.8,6.9,60.9,0
2026-01-03T14:24:00,51.85,47.9,56.1,65.0,0.137,14,5,1,1.9,3.4,23.7,0,0,0,2,51.85,50.5,6.1,53.0,0
2026-01-03T14:42:00,39.23,36.2,57.1,65.0,0.122,14,5,1,0.0,10.0,26.8,0,0,0,2,39.23,38.0,4.6,38.9,0
2026-01-03T15:00:00,50.03,46.2,52.4,65.0,0.194,15,5,1,0.0,10.0,18.8,0,0,1,0,50.03,49.8,6.0,60.1,1
2026-01-03T15:18:00,32.94,30.4,63.7,65.0,0.02,15,5,1,0.0,10.0,20.3,0,0,1,0,32.94,30.6,3.7,30.4,0
2026-01-03T15:36:00,44.29,40.9,54.9,65.0,0.155,15,5,1,0.0,10.0,27.2,0,0,1,1,44.29,43.4,5.2,47.8,1
2026-01-03T15:54:00,12.83,15.4,18.0,50.0,0.64,15,5,1,0.0,10.0,27.5,1,3,0,2,12.83,19.3,2.3,46.0,1
2026-01-03T16:12:00,52.16,48.1,55.9,65.0,0.14,16,5,1,0.0,10.0,24.3,0,0,1,1,52.16,50.8,6.1,58.5,1
2026-01-03T16:30:00,43.61,40.3,58.0,65.0,0.108,16,5,1,0.0,10.0,22.5,0,0,1,1,43.61,42.0,5.0,42.8,0
2026-01-03T16:48:00,38.23,35.3,48.1,65.0,0.26,16,5,1,12.1,4.4,35.7,0,0,1,1,38.23,39.0,4.7,46.8,1
2026-01-03T17:06:00,60.9,56.2,52.0,65.0,0.2,17,5,1,0.0,10.0,22.0,0,0,1,0,60.9,60.7,7.3,65.4,1
2026-01-03T17:24:00,21.72,20.0,59.0,65.0,0.092,17,5,1,0.8,4.7,19.0,0,0,2,0,21.72,20.7,2.5,21.7,0
2026-01-03T17:42:00,51.04,47.1,59.9,65.0,0.078,17,5,1,0.0,10.0,28.7,0,0,1,2,51.04,48.6,5.8,53.0,0
2026-01-03T18:00:00,39.07,36.1,56.9,65.0,0.125,18,5,1,0.0,10.0,26.4,0,0,1,2,39.07,37.9,4.5,44.3,1
2026-01-03T18:18:00,49.77,45.9,51.5,65.0,0.208,18,5,1,0.0,10.0,27.1,0,0,1,1,49.77,49.7,6.0,58.2,1
2026-01-03T18:36:00,57.78,53.3,58.6,65.0,0.098,18,5,1,0.0,10.0,23.3,0,0,0,2,57.78,55.4,6.6,58.6,0
2026-01-03T18:54:00,53.6,49.5,59.4,65.0,0.086,18,5,1,0.0,10.0,21.9,0,0,0,2,53.6,51.2,6.1,57.8,1
2026-01-03T19:12:00,52.68,48.6,53.9,65.0,0.171,19,5,1,0.0,10.0,18.3,0,0,0,0,52.68,51.9,6.2,63.0,1
2026-01-03T19:30:00,58.51,54.0,62.2,65.0,0.043,19,5,1,0.0,10.0,24.6,0,0,0,1,58.51,54.9,6.6,54.6,0
2026-01-03T19:48:00,28.26,26.1,54.7,65.0,0.158,19,5,1,0.0,10.0,28.1,0,0,1,2,28.26,27.7,3.3,34.9,1
2026-01-03T20:06:00,39.96,36.9,55.3,65.0,0.149,20,5,1,0.0,10.0,39.0,0,0,1,2,39.96,39.1,4.7,45.4,1
2026-01-03T20:24:00,12.39,14.9,44.4,50.0,0.112,20,5,1,1.4,4.4,32.7,0,0,0,2,12.39,15.6,2.0,15.0,0
2026-01-03T20:42:00,13.05,15.7,44.6,50.0,0.108,20,5,1,0.0,10.0,15.8,0,0,0,1,13.05,16.4,2.0,19.0,1
2026-01-03T21:00:00,52.78,48.7,49.2,65.0,0.243,21,5,1,1.8,4.5,34.2,0,0,0,2,52.78,53.4,6.4,64.7,1
2026-01-03T21:18:00,25.03,23.1,60.3,65.0,0.072,21,5,1,0.0,10.0,16.4,0,0,1,2,25.03,23.8,2.9,24.4,0
2026-01-03T21:36:00,53.75,49.6,57.0,65.0,0.123,21,5,1,0.0,10.0,20.3,0,0,1,2,53.75,52.0,6.2,60.7,1
2026-01-03T21:54:00,51.63,47.7,58.4,65.0,0.102,21,5,1,0.0,10.0,24.3,0,0,1,0,51.63,49.6,6.0,51.6,0
2026-01-03T22:12:00,11.93,14.3,41.9,50.0,0.162,22,5,1,1.2,2.8,29.1,0,0,0,1,11.93,15.2,2.0,20.8,1
2026-01-03T22:30:00,11.73,14.1,20.7,50.0,0.586,22,5,1,0.0,10.0,25.4,1,2,0,0,11.73,17.4,2.1,36.2,1
2026-01-03T22:48:00,9.24,11.1,45.5,50.0,0.09,22,5,1,0.0,10.0,27.4,0,0,0,2,9.24,11.5,2.0,14.4,1
2026-01-03T23:06:00,63.93,59.0,58.1,65.0,0.106,23,5,1,0.0,10.0,21.5,0,0,0,0,63.93,61.5,7.4,62.6,0
2026-01-03T23:24:00,42.69,39.4,54.8,65.0,0.157,23,5,1,0.0,10.0,22.6,0,0,1,1,42.69,41.9,5.0,46.0,1
2026-01-03T23:42:00,48.35,44.6,54.0,65.0,0.169,23,5,1,0.0,10.0,27.9,0,0,0,0,48.35,47.6,5.7,46.4,0
2026-01-04T00:00:00,56.45,52.1,54.2,65.0,0.166,0,6,1,0.0,10.0,12.8,0,0,1,2,56.45,55.6,6.7,66.0,1
2026-01-04T00:18:00,34.18,31.6,49.3,65.0,0.242,0,6,1,5.4,2.6,27.3,0,0,1,1,34.18,34.7,4.2,39.2,1
2026-01-04T00:36:00,19.68,23.6,39.3,50.0,0.214,0,6,1,0.0,10.0,25.2,0,0,1,2,19.68,25.6,3.1,29.9,1
2026-01-04T00:54:00,59.83,55.2,58.1,65.0,0.106,0,6,1,0.0,10.0,22.6,0,0,1,2,59.83,57.5,6.9,59.9,0
2026-01-04T01:12:00,52.21,48.2,52.9,65.0,0.186,1,6,1,0.0,10.0,27.7,0,0,1,1,52.21,51.8,6.2,62.2,1
2026-01-04T01:30:00,30.57,28.2,58.7,65.0,0.097,1,6,1,0.0,10.0,30.2,0,0,1,2,30.57,29.3,3.5,29.1,0
2026-01-04T01:48:00,56.86,52.5,56.0,65.0,0.138,1,6,1,0.0,10.0,25.0,0,0,2,1,56.86,55.4,6.6,60.4,1
2026-01-04T02:06:00,43.07,39.8,48.0,65.0,0.262,2,6,1,7.5,4.4,20.0,0,0,2,1,43.07,44.0,5.3,55.0,1
2026-01-04T02:24:00,44.18,40.8,60.2,65.0,0.074,2,6,1,0.0,10.0,25.9,0,0,0,1,44.18,42.0,5.0,48.5,1
2026-01-04T02:42:00,58.74,54.2,52.2,65.0,0.197,2,6,1,4.6,2.6,28.3,0,0,1,2,58.74,58.5,7.0,70.8,1
2026-01-04T03:00:00,34.86,32.2,55.4,65.0,0.148,3,6,1,0.0,10.0,14.3,0,0,1,2,34.86,34.1,4.1,39.1,1
2026-01-04T03:18:00,55.08,50.8,60.8,65.0,0.065,3,6,1,1.0,2.4,22.0,0,0,1,1,55.08,52.1,6.3,53.5,0
2026-01-04T03:36:00,28.09,25.9,57.1,65.0,0.122,3,6,1,0.0,10.0,29.4,0,0,0,1,28.09,27.2,3.3,32.5,1
2026-01-04T03:54:00,11.97,14.4,45.8,50.0,0.084,3,6,1,0.0,10.0,20.3,0,0,0,1,11.97,14.9,2.0,14.5,0
2026-01-04T04:12:00,47.57,43.9,47.2,65.0,0.274,4,6,1,0.0,10.0,21.0,1,1,0,1,47.57,48.7,5.8,60.0,1
2026-01-04T04:30:00,54.02,49.9,42.9,65.0,0.34,4,6,1,8.0,4.0,28.8,0,0,0,2,54.02,56.7,6.8,72.0,1
2026-01-04T04:48:00,15.34,18.4,32.2,50.0,0.356,4,6,1,0.0,10.0,26.4,1,2,2,2,15.34,21.0,2.5,27.5,1
2026-01-04T05:06:00,59.91,55.3,54.4,65.0,0.163,5,6,1,0.0,10.0,31.5,0,0,1,2,59.91,58.9,7.1,68.8,1
2026-01-04T05:24:00,57.75,53.3,43.0,65.0,0.338,5,6,1,4.3,3.6,25.7,1,1,1,2,57.75,60.5,7.3,82.4,1
2026-01-04T05:42:00,42.13,38.9,50.1,65.0,0.229,5,6,1,7.3,4.6,21.7,0,0,1,2,42.13,42.5,5.1,56.1,1
2026-01-04T06:00:00,32.46,30.0,61.4,65.0,0.055,6,6,1,0.0,10.0,29.1,0,0,0,2,32.46,30.7,3.7,36.0,1
2026-01-04T06:18:00,37.94,35.0,45.3,65.0,0.303,6,6,1,7.1,2.2,26.5,0,0,0,2,37.94,39.2,4.7,50.0,1
2026-01-04T06:36:00,17.72,21.3,43.2,50.0,0.136,6,6,1,0.0,10.0,35.6,0,0,1,2,17.72,22.5,2.7,26.4,1
2026-01-04T06:54:00,63.33,58.5,58.3,65.0,0.103,6,6,1,0.0,10.0,23.0,0,0,0,2,63.33,60.9,7.3,65.1,0
2026-01-04T07:12:00,58.81,54.3,58.0,65.0,0.108,7,6,1,0.1,3.8,25.8,0,0,0,2,58.81,56.6,6.8,59.4,0
2026-01-04T07:30:00,33.51,30.9,60.7,65.0,0.066,7,6,1,0.0,10.0,40.7,0,0,0,0,33.51,31.7,3.8,33.4,0
2026-01-04T07:48:00,56.1,51.8,52.9,65.0,0.186,7,6,1,0.0,10.0,12.7,0,0,0,2,56.1,55.7,6.7,65.7,1
2026-01-04T08:06:00,24.22,22.4,57.8,65.0,0.111,8,6,1,0.0,10.0,23.5,0,0,0,1,24.22,23.4,2.8,27.6,1
2026-01-04T08:24:00,10.56,12.7,41.9,50.0,0.162,8,6,1,0.0,10.0,35.9,0,0,1,2,10.56,13.5,2.0,12.7,0
2026-01-04T08:42:00,48.95,45.2,59.6,65.0,0.083,8,6,1,0.0,10.0,33.2,0,0,0,0,48.95,46.7,5.6,50.6,0
2026-01-04T09:00:00,22.63,20.9,60.5,65.0,0.069,9,6,1,0.0,10.0,30.5,0,0,1,1,22.63,21.5,2.6,21.9,0
2026-01-04T09:18:00,26.3,24.3,61.2,65.0,0.058,9,6,1,0.0,10.0,32.1,0,0,2,1,26.3,24.9,3.0,29.1,1
2026-01-04T09:36:00,36.62,33.8,53.5,65.0,0.177,9,6,1,0.4,2.5,29.7,0,0,1,0,36.62,36.2,4.3,41.9,1
2026-01-04T09:54:00,33.58,31.0,54.5,65.0,0.162,9,6,1,1.8,4.7,38.4,0,0,1,2,33.58,33.0,4.0,33.3,0
2026-01-04T10:12:00,30.08,27.8,56.7,65.0,0.128,10,6,1,0.0,10.0,22.6,0,0,2,1,30.08,29.2,3.5,30.4,0
2026-01-04T10:30:00,33.66,31.1,57.0,65.0,0.123,10,6,1,0.0,10.0,19.0,0,0,1,1,33.66,32.6,3.9,34.6,0
2026-01-04T10:48:00,17.44,20.9,45.3,50.0,0.094,10,6,1,0.0,10.0,26.1,0,0,0,2,17.44,21.7,2.6,26.3,1
2026-01-04T11:06:00,41.97,38.7,53.8,65.0,0.172,11,6,1,6.6,3.6,24.0,0,0,0,2,41.97,41.4,5.0,51.9,1
2026-01-04T11:24:00,63.41,58.5,58.5,65.0,0.1,11,6,1,0.0,10.0,27.2,0,0,0,2,63.41,60.8,7.3,64.7,0
2026-01-04T11:42:00,30.54,28.2,53.9,65.0,0.171,11,6,1,0.0,10.0,31.4,0,0,1,2,30.54,30.1,3.6,33.9,1
2026-01-04T12:00:00,29.36,27.1,57.2,65.0,0.12,12,6,1,0.0,10.0,27.8,0,0,0,1,29.36,28.4,3.4,30.8,0
2026-01-04T12:18:00,38.34,35.4,55.9,65.0,0.14,12,6,1,0.0,10.0,29.4,0,0,1,1,38.34,37.4,4.5,43.7,1
2026-01-04T12:36:00,18.1,21.7,46.2,50.0,0.076,12,6,1,0.0,10.0,20.3,0,0,1,2,18.1,22.4,2.7,24.3,0
2026-01-04T12:54:00,19.82,23.8,40.9,50.0,0.182,12,6,1,0.0,10.0,24.9,0,0,1,2,19.82,25.5,3.1,26.1,0
2026-01-04T13:12:00,49.66,45.8,59.5,65.0,0.085,13,6,1,0.0,10.0,29.7,0,0,0,1,49.66,47.4,5.7,45.9,0
2026-01-04T13:30:00,34.13,31.5,43.1,65.0,0.337,13,6,1,4.8,3.6,33.9,1,1,2,2,34.13,35.7,4.3,44.6,1
2026-01-04T13:48:00,57.22,52.8,54.7,65.0,0.158,13,6,1,0.0,10.0,18.3,0,0,1,2,57.22,56.1,6.7,57.4,0
2026-01-04T14:06:00,40.9,37.8,60.8,65.0,0.065,14,6,1,0.0,10.0,45.8,0,0,1,1,40.9,38.8,4.7,39.5,0
2026-01-04T14:24:00,62.49,57.7,56.6,65.0,0.129,14,6,1,0.0,10.0,34.0,0,0,0,0,62.49,60.7,7.3,67.7,1
2026-01-04T14:42:00,43.72,40.4,44.6,65.0,0.314,14,6,1,0.0,10.0,9.4,1,2,1,2,43.72,45.5,5.5,61.2,1
2026-01-04T15:00:00,25.07,23.1,59.8,65.0,0.08,15,6,1,0.0,10.0,23.2,0,0,2,2,25.07,23.8,2.9,23.8,0
2026-01-04T15:18:00,8.82,10.6,42.1,50.0,0.158,15,6,1,0.0,10.0,32.1,0,0,1,1,8.82,11.3,2.0,13.6,1
2026-01-04T15:36:00,45.54,42.0,60.4,65.0,0.071,15,6,1,0.0,10.0,29.1,0,0,0,2,45.54,43.2,5.2,42.0,0
2026-01-04T15:54:00,11.76,14.1,38.3,50.0,0.234,15,6,1,0.0,10.0,17.2,0,0,0,1,11.76,15.4,2.0,19.0,1
2026-01-04T16:12:00,53.29,49.2,54.9,65.0,0.155,16,6,1,0.0,10.0,17.4,0,0,0,0,53.29,52.3,6.3,57.9,1
2026-01-04T16:30:00,59.65,55.1,59.1,65.0,0.091,16,6,1,0.0,10.0,31.2,0,0,2,1,59.65,57.1,6.9,57.5,0
2026-01-04T16:48:00,28.4,26.2,57.8,65.0,0.111,16,6,1,0.0,10.0,8.9,0,0,1,2,28.4,27.4,3.3,26.7,0
2026-01-04T17:06:00,48.7,45.0,60.4,65.0,0.071,17,6,1,0.0,10.0,31.7,0,0,0,1,48.7,46.3,5.6,55.3,1
2026-01-04T17:24:00,23.47,21.7,56.0,65.0,0.138,17,6,1,0.0,10.0,22.8,0,0,0,1,23.47,22.9,2.7,23.6,0
2026-01-04T17:42:00,23.74,21.9,35.0,65.0,0.462,17,6,1,0.0,10.0,27.1,1,2,2,2,23.74,25.9,3.1,39.6,1
2026-01-04T18:00:00,61.06,56.4,54.0,65.0,0.169,18,6,1,0.0,10.0,28.1,0,0,1,0,61.06,60.2,7.2,67.6,1
2026-01-04T18:18:00,29.51,27.2,59.4,65.0,0.086,18,6,1,0.0,10.0,30.8,0,0,1,1,29.51,28.1,3.4,30.1,0
2026-01-04T18:36:00,15.93,19.1,44.6,50.0,0.108,18,6,1,0.0,10.0,26.0,0,0,0,1,15.93,19.9,2.4,27.0,1
2026-01-04T18:54:00,64.97,60.0,51.3,65.0,0.211,18,6,1,2.4,3.2,24.5,0,0,1,1,64.97,65.1,7.8,75.8,1
2026-01-04T19:12:00,8.16,9.8,40.0,50.0,0.2,19,6,1,0.0,10.0,28.3,0,0,1,2,8.16,10.6,2.0,13.2,1
2026-01-04T19:30:00,44.92,41.5,56.9,65.0,0.125,19,6,1,0.0,10.0,30.8,0,0,2,2,44.92,43.6,5.2,46.3,0
2026-01-04T19:48:00,50.01,46.2,56.2,65.0,0.135,19,6,1,0.0,10.0,27.8,0,0,1,2,50.01,48.7,5.8,53.7,1
2026-01-04T20:06:00,54.93,50.7,58.1,65.0,0.106,20,6,1,0.0,10.0,25.1,0,0,0,0,54.93,52.8,6.3,55.1,0
2026-01-04T20:24:00,55.78,51.5,60.8,65.0,0.065,20,6,1,0.0,10.0,21.8,0,0,0,1,55.78,52.8,6.3,58.6,0
2026-01-04T20:42:00,33.93,31.3,54.9,65.0,0.155,20,6,1,0.0,10.0,23.7,0,0,0,2,33.93,33.2,4.0,37.4,1
2026-01-04T21:00:00,18.36,22.0,40.2,50.0,0.196,21,6,1,0.0,10.0,19.8,0,0,0,1,18.36,23.7,2.8,31.8,1
2026-01-04T21:18:00,45.79,42.3,58.8,65.0,0.095,21,6,1,0.0,10.0,38.0,0,0,1,1,45.79,43.9,5.3,51.6,1
2026-01-04T21:36:00,24.6,22.7,57.6,65.0,0.114,21,6,1,0.0,10.0,28.9,0,0,0,2,24.6,23.7,2.8,27.7,1
2026-01-04T21:54:00,64.44,59.5,61.1,65.0,0.06,21,6,1,0.0,10.0,37.6,0,0,1,1,64.44,60.9,7.3,66.7,0
2026-01-04T22:12:00,19.68,23.6,44.8,50.0,0.104,22,6,1,0.0,10.0,32.0,0,0,0,2,19.68,24.6,3.0,26.4,0
2026-01-04T22:30:00,59.67,55.1,60.9,65.0,0.063,22,6,1,0.0,10.0,29.3,0,0,1,2,59.67,56.5,6.8,56.5,0
2026-01-04T22:48:00,47.33,43.7,59.5,65.0,0.085,22,6,1,0.0,10.0,27.0,0,0,0,2,47.33,45.2,5.4,50.3,1
2026-01-04T23:06:00,28.19,26.0,59.2,65.0,0.089,23,6,1,0.0,10.0,22.3,0,0,1,1,28.19,26.9,3.2,29.0,0
2026-01-04T23:24:00,18.28,21.9,44.5,50.0,0.11,23,6,1,0.0,10.0,33.5,0,0,2,1,18.28,22.9,2.7,21.9,0
2026-01-04T23:42:00,45.57,42.1,53.1,65.0,0.183,23,6,1,3.5,3.5,30.6,0,0,0,2,45.57,45.2,5.4,53.1,1
2026-01-05T00:00:00,60.41,55.8,61.2,65.0,0.058,0,0,0,0.0,10.0,22.1,0,0,0,0,60.41,57.1,6.9,59.0,0
2026-01-05T00:18:00,56.69,52.3,56.5,65.0,0.131,0,0,0,0.0,10.0,29.4,0,0,1,0,56.69,55.0,6.6,56.3,0
2026-01-05T00:36:00,51.52,47.6,58.2,65.0,0.105,0,0,0,0.0,10.0,33.8,0,0,0,1,51.52,49.6,6.0,51.9,0
2026-01-05T00:54:00,37.34,34.5,55.5,65.0,0.146,0,0,0,0.0,10.0,29.8,0,0,2,2,37.34,36.5,4.4,36.7,0
2026-01-05T01:12:00,59.38,54.8,52.8,65.0,0.188,1,0,0,0.0,10.0,48.0,0,0,1,2,59.38,58.9,7.1,63.2,1
2026-01-05T01:30:00,43.46,40.1,51.7,65.0,0.205,1,0,0,0.0,10.0,24.5,0,0,1,0,43.46,43.4,5.2,54.5,1
2026-01-05T01:48:00,58.01,53.5,59.4,65.0,0.086,1,0,0,0.0,10.0,22.2,0,0,0,1,58.01,55.3,6.6,57.7,0
2026-01-05T02:06:00,48.99,45.2,60.0,65.0,0.077,2,0,0,0.0,10.0,18.2,0,0,0,2,48.99,46.6,5.6,47.8,0
2026-01-05T02:24:00,59.51,54.9,55.6,65.0,0.145,2,0,0,0.0,10.0,35.5,0,0,2,1,59.51,58.1,7.0,62.6,0
2026-01-05T02:42:00,24.85,22.9,41.2,65.0,0.366,2,0,0,0.0,10.0,22.2,1,2,0,0,24.85,26.3,3.2,38.0,1
2026-01-05T03:00:00,55.64,51.4,59.4,65.0,0.086,3,0,0,0.0,10.0,33.2,0,0,0,0,55.64,53.2,6.4,51.8,0
2026-01-05T03:18:00,32.24,29.8,48.1,65.0,0.26,3,0,0,0.5,4.3,28.9,1,1,1,2,32.24,32.9,3.9,38.8,1
2026-01-05T03:36:00,19.6,23.5,38.9,50.0,0.222,3,0,0,2.0,4.6,33.6,0,0,0,1,19.6,25.6,3.1,32.4,1
2026-01-05T03:54:00,54.63,50.4,56.1,65.0,0.137,3,0,0,0.0,10.0,28.4,0,0,2,2,54.63,53.2,6.4,56.4,0
2026-01-05T04:12:00,20.57,19.0,57.6,65.0,0.114,4,0,0,0.0,10.0,20.0,0,0,0,1,20.57,19.9,2.4,19.0,0
2026-01-05T04:30:00,43.82,40.4,57.6,65.0,0.114,4,0,0,0.0,10.0,27.8,0,0,0,1,43.82,42.2,5.1,46.9,1
2026-01-05T04:48:00,52.5,48.5,56.7,65.0,0.128,4,0,0,0.0,10.0,19.8,0,0,0,0,52.5,51.0,6.1,54.5,0
2026-01-05T05:06:00,9.76,11.7,45.6,50.0,0.088,5,0,0,0.5,2.6,32.7,0,0,0,1,9.76,12.1,2.0,15.7,1
2026-01-05T05:24:00,25.78,23.8,57.6,65.0,0.114,5,0,0,0.0,10.0,12.4,0,0,0,1,25.78,24.9,3.0,27.5,1
2026-01-05T05:42:00,43.11,39.8,57.4,65.0,0.117,5,0,0,0.0,10.0,25.1,0,0,1,1,43.11,41.7,5.0,52.4,1
2026-01-05T06:00:00,38.82,35.8,51.4,65.0,0.209,6,0,0,0.0,10.0,25.9,0,0,2,1,38.82,38.8,4.7,45.8,1
2026-01-05T06:18:00,46.6,43.0,57.2,65.0,0.12,6,0,0,0.0,10.0,28.4,0,0,0,2,46.6,45.1,5.4,52.3,1
2026-01-05T06:36:00,61.31,56.6,57.5,65.0,0.115,6,0,0,0.0,10.0,27.2,0,0,0,2,61.31,59.2,7.1,63.8,0
2026-01-05T06:54:00,18.91,22.7,47.0,50.0,0.06,6,0,0,0.0,10.0,25.6,0,0,1,2,18.91,23.2,2.8,23.7,0
2026-01-05T07:12:00,28.28,26.1,55.4,65.0,0.148,7,0,0,1.4,4.0,28.0,0,0,1,2,28.28,27.6,3.3,32.3,1
2026-01-05T07:30:00,42.26,39.0,57.1,65.0,0.122,7,0,0,0.0,10.0,31.0,0,0,2,2,42.26,40.9,4.9,43.7,0
2026-01-05T07:48:00,39.22,36.2,57.9,65.0,0.109,7,0,0,0.0,10.0,19.0,0,0,0,1,39.22,37.8,4.5,41.1,0
2026-01-05T08:06:00,37.46,34.6,45.9,65.0,0.294,8,0,0,0.0,10.0,22.8,0,0,0,1,37.46,38.7,4.6,50.2,1
2026-01-05T08:24:00,17.81,21.4,28.8,50.0,0.424,8,0,0,0.0,10.0,26.3,0,0,0,2,17.81,25.0,3.0,42.2,1
2026-01-05T08:42:00,48.12,44.4,46.1,65.0,0.291,8,0,0,0.0,10.0,31.6,0,0,1,1,48.12,49.6,6.0,61.2,1
2026-01-05T09:00:00,22.22,20.5,36.5,65.0,0.438,9,0,0,0.7,2.4,39.9,0,0,2,2,22.22,24.1,2.9,38.0,1
2026-01-05T09:18:00,29.29,27.0,38.2,65.0,0.412,9,0,0,3.5,3.2,34.8,0,0,0,1,29.29,31.4,3.8,46.2,1
2026-01-05T09:36:00,43.18,39.9,36.9,65.0,0.432,9,0,0,0.0,10.0,30.9,0,0,1,2,43.18,46.8,5.6,71.1,1
2026-01-05T09:54:00,54.58,50.4,46.2,65.0,0.289,9,0,0,0.0,10.0,28.8,0,0,1,2,54.58,56.2,6.7,72.2,1
2026-01-05T10:12:00,45.28,41.8,18.0,65.0,0.723,10,0,0,0.0,10.0,26.6,1,3,0,2,45.28,53.9,6.5,155.2,1
2026-01-05T10:30:00,42.58,39.3,41.8,65.0,0.357,10,0,0,0.0,10.0,25.2,0,0,2,1,42.58,44.9,5.4,62.3,1
2026-01-05T10:48:00,19.42,23.3,33.7,50.0,0.326,10,0,0,0.0,10.0,32.2,0,0,0,2,19.42,26.3,3.2,35.0,1
2026-01-05T11:06:00,38.68,35.7,58.1,65.0,0.106,11,0,0,0.0,10.0,31.6,0,0,1,2,38.68,37.2,4.5,41.7,1
2026-01-05T11:24:00,43.92,40.5,62.4,65.0,0.04,11,0,0,0.0,10.0,23.4,0,0,1,0,43.92,41.1,4.9,41.0,0
2026-01-05T11:42:00,9.25,11.1,44.0,50.0,0.12,11,0,0,0.0,10.0,16.4,0,0,2,2,9.25,11.6,2.0,11.1,0
2026-01-05T12:00:00,51.57,47.6,59.6,65.0,0.083,12,0,0,0.0,10.0,19.5,0,0,0,2,51.57,49.2,5.9,53.3,0
2026-01-05T12:18:00,58.26,53.8,56.2,65.0,0.135,12,0,0,0.0,10.0,20.8,0,0,0,2,58.26,56.7,6.8,60.7,0
2026-01-05T12:36:00,37.36,34.5,53.2,65.0,0.182,12,0,0,0.0,10.0,18.9,0,0,1,2,37.36,37.0,4.4,39.3,0
2026-01-05T12:54:00,36.82,34.0,56.5,65.0,0.131,12,0,0,0.0,10.0,18.8,0,0,1,1,36.82,35.8,4.3,37.0,0
2026-01-05T13:12:00,19.05,22.9,45.4,50.0,0.092,13,0,0,0.0,10.0,32.5,0,0,1,2,19.05,23.7,2.8,22.9,0
2026-01-05T13:30:00,46.4,42.8,55.9,65.0,0.14,13,0,0,0.0,10.0,29.2,0,0,0,2,46.4,45.2,5.4,49.1,0
2026-01-05T13:48:00,48.97,45.2,57.4,65.0,0.117,13,0,0,0.0,10.0,19.5,0,0,0,2,48.97,47.3,5.7,50.5,0
2026-01-05T14:06:00,28.19,26.0,52.0,65.0,0.2,14,0,0,0.9,3.6,29.5,0,0,0,0,28.19,28.1,3.4,31.1,1
2026-01-05T14:24:00,43.13,39.8,51.6,65.0,0.206,14,0,0,0.0,10.0,17.5,0,0,1,1,43.13,43.1,5.2,50.2,1
2026-01-05T14:42:00,31.48,29.1,54.2,65.0,0.166,14,0,0,0.0,10.0,19.2,0,0,1,2,31.48,31.0,3.7,35.1,1
2026-01-05T15:00:00,27.22,25.1,59.2,65.0,0.089,15,0,0,0.0,10.0,21.0,0,0,2,2,27.22,26.0,3.1,25.1,0
2026-01-05T15:18:00,9.03,10.8,38.8,50.0,0.224,15,0,0,0.0,10.0,28.6,1,1,0,1,9.03,11.8,2.0,13.4,1
2026-01-05T15:36:00,58.25,53.8,59.7,65.0,0.082,15,0,0,0.0,10.0,33.3,0,0,2,2,58.25,55.6,6.7,57.6,0
2026-01-05T15:54:00,38.3,35.4,56.0,65.0,0.138,15,0,0,0.0,10.0,23.0,0,0,0,2,38.3,37.4,4.5,35.4,0
2026-01-05T16:12:00,44.92,41.5,54.0,65.0,0.169,16,0,0,1.2,2.6,26.8,0,0,1,0,44.92,44.3,5.3,50.8,1
2026-01-05T16:30:00,33.68,31.1,57.0,65.0,0.123,16,0,0,0.0,10.0,27.2,0,0,0,1,33.68,32.6,3.9,34.0,0
2026-01-05T16:48:00,42.68,39.4,29.0,65.0,0.554,16,0,0,0.0,10.0,18.3,1,3,1,2,42.68,48.1,5.8,89.9,1
2026-01-05T17:06:00,35.59,32.9,37.6,65.0,0.422,17,0,0,5.7,4.3,20.2,0,0,1,0,35.59,38.5,4.6,57.8,1
2026-01-05T17:24:00,37.53,34.6,44.9,65.0,0.309,17,0,0,0.0,10.0,33.4,0,0,0,2,37.53,38.9,4.7,50.9,1
2026-01-05T17:42:00,59.77,55.2,42.7,65.0,0.343,17,0,0,0.0,10.0,29.8,0,0,1,1,59.77,62.8,7.5,84.8,1
2026-01-05T18:00:00,16.92,20.3,33.8,50.0,0.324,18,0,0,0.0,10.0,21.1,0,0,0,2,16.92,22.9,2.7,29.1,1
2026-01-05T18:18:00,59.75,55.2,41.0,65.0,0.369,18,0,0,0.0,10.0,18.6,0,0,0,0,59.75,63.3,7.6,86.2,1
2026-01-05T18:36:00,45.59,42.1,37.0,65.0,0.431,18,0,0,0.0,10.0,32.6,0,0,2,1,45.59,49.4,5.9,71.0,1
2026-01-05T18:54:00,18.88,22.7,26.4,50.0,0.472,18,0,0,0.0,10.0,21.6,0,0,1,0,18.88,27.0,3.2,44.5,1
2026-01-05T19:12:00,52.35,48.3,44.6,65.0,0.314,19,0,0,0.0,10.0,21.3,0,0,0,2,52.35,54.4,6.5,71.3,1
2026-01-05T19:30:00,10.22,12.3,33.0,50.0,0.34,19,0,0,0.0,10.0,17.6,0,0,2,0,10.22,14.0,2.0,17.9,1
2026-01-05T19:48:00,56.16,51.8,40.7,65.0,0.374,19,0,0,0.0,10.0,22.8,0,0,2,2,56.16,59.5,7.1,84.7,1
2026-01-05T20:06:00,56.91,52.5,40.0,65.0,0.385,20,0,0,0.0,10.0,30.7,0,0,0,2,56.91,60.6,7.3,84.1,1
2026-01-05T20:24:00,28.54,26.3,42.2,65.0,0.351,20,0,0,0.0,10.0,16.1,0,0,0,2,28.54,30.0,3.6,42.1,1
2026-01-05T20:42:00,51.45,47.5,35.5,65.0,0.454,20,0,0,6.4,3.9,35.0,0,0,1,1,51.45,56.1,6.7,87.8,1
2026-01-05T21:00:00,64.47,59.5,55.7,65.0,0.143,21,0,0,0.0,10.0,37.6,0,0,0,1,64.47,62.9,7.5,70.4,1
2026-01-05T21:18:00,20.06,18.5,60.6,65.0,0.068,21,0,0,0.0,10.0,14.4,0,0,1,1,20.06,19.0,2.3,21.2,0
2026-01-05T21:36:00,11.04,13.2,47.5,50.0,0.05,21,0,0,0.0,10.0,34.1,0,0,2,2,11.04,13.5,2.0,18.9,1
2026-01-05T21:54:00,47.74,44.1,58.4,65.0,0.102,21,0,0,0.0,10.0,27.0,0,0,1,2,47.74,45.9,5.5,46.5,0
2026-01-05T22:12:00,48.19,44.5,58.6,65.0,0.098,22,0,0,0.0,10.0,32.7,0,0,0,1,48.19,46.2,5.5,53.2,1
2026-01-05T22:30:00,55.77,51.5,54.3,65.0,0.165,22,0,0,0.0,10.0,32.1,0,0,0,2,55.77,54.9,6.6,69.3,1
2026-01-05T22:48:00,40.64,37.5,59.5,65.0,0.085,22,0,0,0.0,10.0,27.9,0,0,0,2,40.64,38.8,4.7,40.8,0
2026-01-05T23:06:00,12.82,15.4,45.0,50.0,0.1,23,0,0,0.0,10.0,24.3,0,0,0,0,12.82,16.0,2.0,19.1,1
2026-01-05T23:24:00,58.51,54.0,60.2,65.0,0.074,23,0,0,0.0,10.0,21.6,0,0,2,2,58.51,55.6,6.7,58.9,0
2026-01-05T23:42:00,63.48,58.6,56.7,65.0,0.128,23,0,0,0.0,10.0,31.9,0,0,0,0,63.48,61.6,7.4,66.0,0
2026-01-06T00:00:00,54.57,50.4,56.7,65.0,0.128,0,1,0,0.0,10.0,23.0,0,0,0,2,54.57,53.0,6.4,56.5,0
2026-01-06T00:18:00,17.55,21.1,38.9,50.0,0.222,0,1,0,0.0,10.0,25.3,0,0,1,2,17.55,23.0,2.8,25.9,1
2026-01-06T00:36:00,25.06,23.1,55.5,65.0,0.146,0,1,0,0.0,10.0,24.7,0,0,1,2,25.06,24.4,2.9,28.6,1
2026-01-06T00:54:00,16.37,19.6,38.2,50.0,0.236,0,1,0,0.0,10.0,23.7,0,0,1,0,16.37,21.5,2.6,25.3,1
2026-01-06T01:12:00,15.82,19.0,44.1,50.0,0.118,1,1,0,0.0,10.0,20.0,0,0,0,2,15.82,19.9,2.4,21.3,0
2026-01-06T01:30:00,25.47,23.5,46.4,65.0,0.286,1,1,0,0.0,10.0,22.0,1,2,1,1,25.47,26.2,3.1,32.1,1
2026-01-06T01:48:00,52.29,48.3,51.4,65.0,0.209,1,1,0,0.0,10.0,29.4,0,0,2,0,52.29,52.3,6.3,58.1,1
2026-01-06T02:06:00,35.9,33.1,60.9,65.0,0.063,2,1,0,0.0,10.0,24.0,0,0,0,0,35.9,33.9,4.1,35.2,0
2026-01-06T02:24:00,31.19,28.8,56.4,65.0,0.132,2,1,0,0.0,10.0,36.4,0,0,0,0,31.19,30.3,3.6,33.8,1
2026-01-06T02:42:00,41.02,37.9,58.1,65.0,0.106,2,1,0,0.0,10.0,19.5,0,0,0,1,41.02,39.5,4.7,38.6,0
2026-01-06T03:00:00,16.05,19.3,41.5,50.0,0.17,3,1,0,0.0,10.0,23.5,0,0,0,0,16.05,20.6,2.5,24.2,1
2026-01-06T03:18:00,63.29,58.4,60.9,65.0,0.063,3,1,0,0.0,10.0,25.9,0,0,0,2,63.29,59.9,7.2,61.1,0
2026-01-06T03:36:00,39.74,36.7,58.7,65.0,0.097,3,1,0,0.0,10.0,23.8,0,0,0,2,39.74,38.1,4.6,39.7,0
2026-01-06T03:54:00,23.01,21.2,46.6,65.0,0.283,3,1,0,7.2,4.4,30.2,0,0,0,2,23.01,23.6,2.8,30.8,1
2026-01-06T04:12:00,13.35,16.0,42.0,50.0,0.16,4,1,0,0.0,10.0,21.4,0,0,2,2,13.35,17.0,2.0,23.0,1
2026-01-06T04:30:00,16.81,20.2,42.4,50.0,0.152,4,1,0,0.0,10.0,25.8,0,0,1,2,16.81,21.4,2.6,27.3,1
2026-01-06T04:48:00,9.74,11.7,37.6,50.0,0.248,4,1,0,0.0,10.0,27.8,0,0,2,1,9.74,12.9,2.0,13.9,1
2026-01-06T05:06:00,9.99,12.0,43.1,50.0,0.138,5,1,0,0.0,10.0,27.0,0,0,0,2,9.99,12.7,2.0,14.6,1
2026-01-06T05:24:00,21.54,19.9,54.1,65.0,0.168,5,1,0,4.5,2.3,17.9,0,0,0,0,21.54,21.2,2.5,27.5,1
2026-01-06T05:42:00,15.15,18.2,46.1,50.0,0.078,5,1,0,0.0,10.0,23.3,0,0,2,2,15.15,18.8,2.3,24.3,1
2026-01-06T06:00:00,11.77,14.1,38.9,50.0,0.222,6,1,0,6.1,3.6,22.7,0,0,0,0,11.77,15.4,2.0,19.4,1
2026-01-06T06:18:00,23.13,21.4,59.8,65.0,0.08,6,1,0,0.0,10.0,28.2,0,0,2,0,23.13,22.1,2.7,22.1,0
2026-01-06T06:36:00,50.13,46.3,61.6,65.0,0.052,6,1,0,0.0,10.0,32.3,0,0,0,2,50.13,47.3,5.7,48.6,0
2026-01-06T06:54:00,22.88,21.1,59.1,65.0,0.091,6,1,0,0.0,10.0,22.2,0,0,0,2,22.88,21.9,2.6,22.8,0
2026-01-06T07:12:00,17.28,20.7,35.0,50.0,0.3,7,1,0,0.0,10.0,27.5,0,0,0,1,17.28,23.2,2.8,31.7,1
2026-01-06T07:30:00,40.94,37.8,54.4,65.0,0.163,7,1,0,0.0,10.0,31.9,0,0,0,0,40.94,40.3,4.8,49.5,1
2026-01-06T07:48:00,59.05,54.5,53.9,65.0,0.171,7,1,0,0.0,10.0,33.8,0,0,0,2,59.05,58.2,7.0,63.6,1
2026-01-06T08:06:00,55.36,51.1,29.0,65.0,0.554,8,1,0,4.6,3.6,15.7,0,0,1,2,55.36,62.4,7.5,114.4,1
2026-01-06T08:24:00,17.37,20.8,25.1,50.0,0.498,8,1,0,2.8,4.7,34.6,0,0,2,0,17.37,24.9,3.0,46.3,1
2026-01-06T08:42:00,59.21,54.7,39.9,65.0,0.386,8,1,0,0.0,10.0,31.9,0,0,1,2,59.21,63.1,7.6,89.3,1
2026-01-06T09:00:00,14.77,17.7,18.0,50.0,0.64,9,1,0,0.0,10.0,36.1,1,2,2,2,14.77,22.2,2.7,50.0,1
2026-01-06T09:18:00,50.65,46.8,44.4,65.0,0.317,9,1,0,0.0,10.0,29.3,0,0,0,1,50.65,52.7,6.3,67.6,1
2026-01-06T09:36:00,21.68,20.0,40.7,65.0,0.374,9,1,0,0.0,10.0,18.0,0,0,1,2,21.68,23.0,2.8,33.6,1
2026-01-06T09:54:00,50.48,46.6,31.1,65.0,0.522,9,1,0,7.9,4.4,28.8,0,0,0,0,50.48,56.3,6.8,95.8,1
2026-01-06T10:12:00,28.43,26.2,41.1,65.0,0.368,10,1,0,0.0,10.0,19.3,0,0,1,1,28.43,30.1,3.6,39.7,1
2026-01-06T10:30:00,19.64,23.6,28.1,50.0,0.438,10,1,0,4.0,2.2,32.4,0,0,0,2,19.64,27.7,3.3,42.3,1
2026-01-06T10:48:00,45.29,41.8,39.7,65.0,0.389,10,1,0,0.0,10.0,30.2,0,0,0,2,45.29,48.3,5.8,72.3,1
2026-01-06T11:06:00,10.51,12.6,46.2,50.0,0.076,11,1,0,0.0,10.0,27.4,0,0,2,2,10.51,13.0,2.0,12.6,0
2026-01-06T11:24:00,26.22,24.2,56.1,65.0,0.137,11,1,0,0.0,10.0,36.6,0,0,1,2,26.22,25.5,3.1,26.3,0
2026-01-06T11:42:00,39.71,36.7,52.8,65.0,0.188,11,1,0,8.3,2.5,21.3,0,0,0,2,39.71,39.5,4.7,45.5,1
2026-01-06T12:00:00,63.21,58.3,31.7,65.0,0.512,12,1,0,0.0,10.0,32.4,1,3,0,2,63.21,70.2,8.4,118.4,1
2026-01-06T12:18:00,25.95,24.0,51.7,65.0,0.205,12,1,0,5.3,3.2,25.4,0,0,0,0,25.95,26.0,3.1,32.0,1
2026-01-06T12:36:00,21.52,19.9,49.8,65.0,0.234,12,1,0,5.1,3.5,17.6,0,0,0,0,21.52,21.8,2.6,26.8,1
2026-01-06T12:54:00,39.89,36.8,54.0,65.0,0.169,12,1,0,0.0,10.0,25.5,0,0,0,2,39.89,39.3,4.7,47.3,1
2026-01-06T13:12:00,56.86,52.5,56.7,65.0,0.128,13,1,0,0.0,10.0,20.6,0,0,1,2,56.86,55.2,6.6,59.7,0
2026-01-06T13:30:00,32.57,30.1,56.9,65.0,0.125,13,1,0,0.0,10.0,18.8,0,0,2,1,32.57,31.6,3.8,30.1,0
2026-01-06T13:48:00,15.44,18.5,43.2,50.0,0.136,13,1,0,0.0,10.0,35.3,0,0,1,2,15.44,19.5,2.3,20.3,0
2026-01-06T14:06:00,12.38,14.9,43.6,50.0,0.128,14,1,0,0.0,10.0,21.3,0,0,0,2,12.38,15.7,2.0,17.7,1
2026-01-06T14:24:00,23.83,22.0,46.1,65.0,0.291,14,1,0,9.2,2.6,26.1,0,0,1,0,23.83,24.6,3.0,29.3,1
2026-01-06T14:42:00,22.13,20.4,56.8,65.0,0.126,14,1,0,0.0,10.0,33.3,0,0,0,1,22.13,21.4,2.6,23.4,0
2026-01-06T15:00:00,40.27,37.2,53.9,65.0,0.171,15,1,0,0.0,10.0,27.2,0,0,0,2,40.27,39.7,4.8,43.7,1
2026-01-06T15:18:00,26.1,24.1,57.6,65.0,0.114,15,1,0,0.0,10.0,23.6,0,0,0,2,26.1,25.2,3.0,25.9,0
2026-01-06T15:36:00,26.92,24.8,58.8,65.0,0.095,15,1,0,0.0,10.0,29.2,0,0,0,1,26.92,25.7,3.1,24.8,0
2026-01-06T15:54:00,19.89,23.9,49.1,50.0,0.018,15,1,0,0.0,10.0,28.6,0,0,0,2,19.89,24.1,2.9,25.2,0
2026-01-06T16:12:00,15.16,18.2,47.6,50.0,0.048,16,1,0,0.0,10.0,28.9,0,0,1,2,15.16,18.5,2.2,18.2,0
2026-01-06T16:30:00,14.96,18.0,40.0,50.0,0.2,16,1,0,3.7,4.6,20.4,0,0,0,2,14.96,19.4,2.3,19.6,0
2026-01-06T16:48:00,45.41,41.9,48.3,65.0,0.257,16,1,0,0.0,10.0,28.5,0,0,0,2,45.41,46.2,5.5,56.5,1
2026-01-06T17:06:00,44.36,40.9,35.2,65.0,0.458,17,1,0,0.0,10.0,36.6,0,0,1,1,44.36,48.4,5.8,70.5,1
2026-01-06T17:24:00,36.54,33.7,39.2,65.0,0.397,17,1,0,0.0,10.0,26.7,0,0,0,2,36.54,39.1,4.7,57.3,1
2026-01-06T17:42:00,22.45,20.7,42.0,65.0,0.354,17,1,0,0.0,10.0,41.6,0,0,1,1,22.45,23.6,2.8,29.3,1
2026-01-06T18:00:00,42.34,39.1,39.4,65.0,0.394,18,1,0,0.0,10.0,26.2,0,0,2,2,42.34,45.3,5.4,62.0,1
2026-01-06T18:18:00,9.05,10.9,34.5,50.0,0.31,18,1,0,0.0,10.0,24.9,0,0,1,2,9.05,12.3,2.0,12.6,1
2026-01-06T18:36:00,45.07,41.6,38.2,65.0,0.412,18,1,0,0.0,10.0,29.2,0,0,2,2,45.07,48.5,5.8,66.8,1
2026-01-06T18:54:00,15.2,18.2,31.5,50.0,0.37,18,1,0,3.4,4.4,37.2,0,0,1,1,15.2,20.9,2.5,28.7,1
2026-01-06T19:12:00,36.08,33.3,44.1,65.0,0.322,19,1,0,0.0,10.0,24.5,0,0,1,2,36.08,37.6,4.5,48.9,1
2026-01-06T19:30:00,39.16,36.1,41.4,65.0,0.363,19,1,0,0.0,10.0,25.8,0,0,0,0,39.16,41.3,5.0,57.5,1
2026-01-06T19:48:00,64.51,59.5,42.9,65.0,0.34,19,1,0,0.0,10.0,17.4,0,0,1,1,64.51,67.6,8.1,92.3,1
2026-01-06T20:06:00,12.66,15.2,30.5,50.0,0.39,20,1,0,0.0,10.0,22.1,0,0,0,1,12.66,17.6,2.1,22.3,1
2026-01-06T20:24:00,59.45,54.9,30.7,65.0,0.528,20,1,0,0.0,10.0,26.5,0,0,2,1,59.45,66.5,8.0,113.7,1
2026-01-06T20:42:00,58.8,54.3,39.0,65.0,0.4,20,1,0,1.4,3.7,20.6,0,0,1,2,58.8,63.0,7.6,92.8,1
2026-01-06T21:00:00,45.98,42.4,53.2,65.0,0.182,21,1,0,0.0,10.0,23.8,0,0,0,2,45.98,45.5,5.5,49.9,1
2026-01-06T21:18:00,11.75,14.1,43.2,50.0,0.136,21,1,0,0.0,10.0,25.9,0,0,0,2,11.75,14.9,2.0,14.1,0
2026-01-06T21:36:00,56.99,52.6,61.5,65.0,0.054,21,1,0,0.0,10.0,21.1,0,0,1,2,56.99,53.7,6.4,52.6,0
2026-01-06T21:54:00,53.83,49.7,57.6,65.0,0.114,21,1,0,0.0,10.0,29.8,0,0,1,1,53.83,52.0,6.2,55.6,0
2026-01-06T22:12:00,25.53,23.6,59.3,65.0,0.088,22,1,0,0.0,10.0,23.2,0,0,1,1,25.53,24.4,2.9,23.6,0
2026-01-06T22:30:00,23.84,22.0,54.9,65.0,0.155,22,1,0,0.0,10.0,20.6,0,0,0,2,23.84,23.4,2.8,25.9,1
2026-01-06T22:48:00,61.16,56.5,52.6,65.0,0.191,22,1,0,0.0,10.0,23.0,0,0,1,2,61.16,60.8,7.3,69.9,1
2026-01-06T23:06:00,15.73,18.9,18.0,50.0,0.64,23,1,0,0.0,10.0,29.5,1,3,1,1,15.73,23.7,2.8,52.1,1
2026-01-06T23:24:00,28.44,26.3,60.9,65.0,0.063,23,1,0,0.0,10.0,20.8,0,0,0,1,28.44,27.0,3.2,26.3,0
2026-01-06T23:42:00,61.28,56.6,58.5,65.0,0.1,23,1,0,0.0,10.0,19.9,0,0,0,2,61.28,58.9,7.1,63.0,0
2026-01-07T00:00:00,27.34,25.2,54.3,65.0,0.165,0,2,0,0.0,10.0,29.7,0,0,0,2,27.34,26.9,3.2,27.9,0
2026-01-07T00:18:00,58.35,53.9,55.1,65.0,0.152,0,2,0,0.0,10.0,25.6,0,0,1,2,58.35,57.2,6.9,68.4,1
2026-01-07T00:36:00,54.38,50.2,57.6,65.0,0.114,0,2,0,0.0,10.0,29.4,0,0,0,1,54.38,52.5,6.3,52.2,0
2026-01-07T00:54:00,27.27,25.2,61.7,65.0,0.051,0,2,0,1.7,2.5,35.9,0,0,2,1,27.27,25.7,3.1,29.5,1
2026-01-07T01:12:00,27.69,25.6,57.4,65.0,0.117,1,2,0,0.0,10.0,22.1,0,0,2,2,27.69,26.8,3.2,27.0,0
2026-01-07T01:30:00,16.63,20.0,45.5,50.0,0.09,1,2,0,0.0,10.0,24.4,0,0,1,2,16.63,20.7,2.5,25.7,1
2026-01-07T01:48:00,35.18,32.5,58.9,65.0,0.094,1,2,0,0.0,10.0,29.9,0,0,2,2,35.18,33.7,4.0,37.2,0
2026-01-07T02:06:00,10.3,12.4,46.0,50.0,0.08,2,2,0,0.0,10.0,22.1,0,0,1,2,10.3,12.8,2.0,13.8,0
2026-01-07T02:24:00,54.15,50.0,56.0,65.0,0.138,2,2,0,0.0,10.0,23.0,0,0,1,2,54.15,52.8,6.3,58.3,1
2026-01-07T02:42:00,59.44,54.9,55.4,65.0,0.148,2,2,0,0.0,10.0,23.5,0,0,1,0,59.44,58.2,7.0,64.2,1
2026-01-07T03:00:00,41.52,38.3,61.4,65.0,0.055,3,2,0,0.0,10.0,28.5,0,0,1,1,41.52,39.1,4.7,38.3,0
2026-01-07T03:18:00,62.6,57.8,58.9,65.0,0.094,3,2,0,0.0,10.0,37.5,0,0,1,2,62.6,60.0,7.2,60.6,0
2026-01-07T03:36:00,11.4,13.7,48.8,50.0,0.024,3,2,0,0.0,10.0,27.8,0,0,1,2,11.4,13.8,2.0,13.7,0
2026-01-07T03:54:00,18.51,22.2,43.6,50.0,0.128,3,2,0,0.0,10.0,25.7,0,0,1,2,18.51,23.3,2.8,24.1,0
2026-01-07T04:12:00,29.82,27.5,45.7,65.0,0.297,4,2,0,0.0,10.0,27.1,1,1,1,1,29.82,30.8,3.7,37.9,1
2026-01-07T04:30:00,60.3,55.7,57.4,65.0,0.117,4,2,0,0.0,10.0,25.1,0,0,0,2,60.3,58.3,7.0,65.3,1
2026-01-07T04:48:00,41.59,38.4,57.0,65.0,0.123,4,2,0,0.0,10.0,31.3,0,0,1,1,41.59,40.3,4.8,41.5,0
2026-01-07T05:06:00,11.37,13.6,43.2,50.0,0.136,5,2,0,0.0,10.0,30.0,0,0,1,2,11.37,14.3,2.0,14.5,0
2026-01-07T05:24:00,11.16,13.4,48.4,50.0,0.032,5,2,0,0.0,10.0,24.2,0,0,1,2,11.16,13.6,2.0,14.0,0
2026-01-07T05:42:00,62.9,58.1,40.2,65.0,0.382,5,2,0,2.4,2.5,29.9,1,2,1,2,62.9,67.0,8.0,96.5,1
2026-01-07T06:00:00,60.58,55.9,54.7,65.0,0.158,6,2,0,1.2,3.0,30.0,0,0,0,2,60.58,59.4,7.1,67.3,1
2026-01-07T06:18:00,18.31,22.0,42.3,50.0,0.154,6,2,0,0.0,10.0,26.6,0,0,1,0,18.31,23.4,2.8,30.0,1
2026-01-07T06:36:00,53.84,49.7,56.1,65.0,0.137,6,2,0,0.0,10.0,28.0,0,0,0,1,53.84,52.4,6.3,58.8,1
2026-01-07T06:54:00,64.8,59.8,56.6,65.0,0.129,6,2,0,3.9,3.2,12.0,0,0,0,2,64.8,62.9,7.5,65.8,0
2026-01-07T07:12:00,28.4,26.2,58.0,65.0,0.108,7,2,0,0.0,10.0,19.9,0,0,1,1,28.4,27.3,3.3,31.1,1
2026-01-07T07:30:00,9.44,11.3,39.1,50.0,0.218,7,2,0,0.0,10.0,22.1,0,0,1,1,9.44,12.3,2.0,15.6,1
2026-01-07T07:48:00,53.39,49.3,64.5,65.0,0.008,7,2,0,0.0,10.0,25.4,0,0,0,2,53.39,49.5,5.9,50.5,0
2026-01-07T08:06:00,24.43,22.6,37.6,65.0,0.422,8,2,0,2.4,2.9,42.1,0,0,2,2,24.43,26.4,3.2,38.1,1
2026-01-07T08:24:00,34.88,32.2,28.7,65.0,0.558,8,2,0,3.4,3.7,30.5,0,0,0,2,34.88,39.4,4.7,73.5,1
2026-01-07T08:42:00,58.77,54.2,45.0,65.0,0.308,8,2,0,0.0,10.0,33.4,0,0,2,1,58.77,60.9,7.3,77.3,1
2026-01-07T09:00:00,18.3,22.0,28.8,50.0,0.424,9,2,0,0.0,10.0,23.2,0,0,1,1,18.3,25.7,3.1,42.9,1
2026-01-07T09:18:00,12.65,15.2,28.0,50.0,0.44,9,2,0,0.7,3.6,19.7,0,0,1,2,12.65,17.9,2.1,23.2,1
2026-01-07T09:36:00,45.01,41.5,43.3,65.0,0.334,9,2,0,0.0,10.0,26.4,0,0,1,1,45.01,47.0,5.6,59.9,1
2026-01-07T09:54:00,58.15,53.7,37.8,65.0,0.418,9,2,0,0.9,4.7,33.0,0,0,2,1,58.15,62.7,7.5,91.4,1
2026-01-07T10:12:00,46.47,42.9,42.7,65.0,0.343,10,2,0,0.0,10.0,31.8,0,0,0,2,46.47,48.8,5.9,65.4,1
2026-01-07T10:30:00,61.27,56.6,42.6,65.0,0.345,10,2,0,0.0,10.0,27.7,0,0,2,2,61.27,64.4,7.7,88.9,1
2026-01-07T10:48:00,15.45,18.5,35.9,50.0,0.282,10,2,0,0.0,10.0,30.2,0,0,1,2,15.45,20.6,2.5,30.6,1
2026-01-07T11:06:00,50.48,46.6,54.7,65.0,0.158,11,2,0,0.0,10.0,21.3,0,0,1,0,50.48,49.5,5.9,53.8,1
2026-01-07T11:24:00,29.1,26.9,29.7,65.0,0.543,11,2,0,0.0,10.0,18.0,1,3,0,0,29.1,32.7,3.9,59.2,1
2026-01-07T11:42:00,35.68,32.9,58.1,65.0,0.106,11,2,0,0.0,10.0,22.4,0,0,0,0,35.68,34.3,4.1,37.9,1
2026-01-07T12:00:00,13.56,16.3,43.5,50.0,0.13,12,2,0,0.0,10.0,24.6,0,0,0,2,13.56,17.1,2.1,17.7,0
2026-01-07T12:18:00,18.1,21.7,40.3,50.0,0.194,12,2,0,2.1,2.3,26.0,0,0,1,0,18.1,23.4,2.8,28.7,1
2026-01-07T12:36:00,64.23,59.3,55.2,65.0,0.151,12,2,0,0.0,10.0,28.4,0,0,1,2,64.23,62.9,7.5,69.7,1
2026-01-07T12:54:00,19.09,22.9,40.3,50.0,0.194,12,2,0,0.0,10.0,26.7,0,0,1,2,19.09,24.7,3.0,32.7,1
2026-01-07T13:12:00,35.2,32.5,59.2,65.0,0.089,13,2,0,0.0,10.0,26.1,0,0,1,0,35.2,33.7,4.0,34.6,0
2026-01-07T13:30:00,15.94,19.1,42.5,50.0,0.15,13,2,0,0.0,10.0,22.3,0,0,0,0,15.94,20.2,2.4,22.0,1
2026-01-07T13:48:00,21.29,19.7,58.2,65.0,0.105,13,2,0,0.0,10.0,32.8,0,0,2,1,21.29,20.5,2.5,22.4,0
2026-01-07T14:06:00,17.78,21.3,42.0,50.0,0.16,14,2,0,0.0,10.0,17.0,0,0,0,2,17.78,22.7,2.7,25.1,1
2026-01-07T14:24:00,33.72,31.1,63.6,65.0,0.022,14,2,0,0.0,10.0,13.4,0,0,1,0,33.72,31.4,3.8,32.9,0
2026-01-07T14:42:00,15.83,19.0,39.7,50.0,0.206,14,2,0,0.0,10.0,32.3,1,1,0,0,15.83,20.6,2.5,25.9,1
2026-01-07T15:00:00,22.8,21.0,55.0,65.0,0.154,15,2,0,1.7,3.7,33.8,0,0,1,1,22.8,22.3,2.7,26.9,1
2026-01-07T15:18:00,50.91,47.0,54.4,65.0,0.163,15,2,0,0.0,10.0,23.6,0,0,1,2,50.91,50.1,6.0,58.1,1
2026-01-07T15:36:00,21.8,20.1,49.0,65.0,0.246,15,2,0,4.8,4.1,31.6,0,0,0,2,21.8,22.1,2.7,24.6,1
2026-01-07T15:54:00,43.61,40.3,55.3,65.0,0.149,15,2,0,2.1,4.2,32.6,0,0,1,1,43.61,42.7,5.1,47.7,1
2026-01-07T16:12:00,9.81,11.8,38.4,50.0,0.232,16,2,0,0.0,10.0,30.9,0,0,1,0,9.81,12.9,2.0,17.9,1
2026-01-07T16:30:00,23.22,21.4,58.1,65.0,0.106,16,2,0,0.0,10.0,25.3,0,0,0,2,23.22,22.3,2.7,23.7,0
2026-01-07T16:48:00,59.54,55.0,33.6,65.0,0.483,16,2,0,16.9,4.9,27.7,0,0,0,2,59.54,65.6,7.9,104.8,1
2026-01-07T17:06:00,33.0,30.5,41.1,65.0,0.368,17,2,0,0.0,10.0,19.5,0,0,1,2,33.0,35.0,4.2,52.4,1
2026-01-07T17:24:00,48.41,44.7,36.7,65.0,0.435,17,2,0,0.0,10.0,33.8,0,0,2,1,48.41,52.5,6.3,76.7,1
2026-01-07T17:42:00,9.18,11.0,20.6,50.0,0.588,17,2,0,0.0,10.0,19.8,1,1,2,2,9.18,13.6,2.0,27.0,1
2026-01-07T18:00:00,57.0,52.6,40.5,65.0,0.377,18,2,0,0.0,10.0,36.4,0,0,2,0,57.0,60.5,7.3,84.0,1
2026-01-07T18:18:00,24.2,22.3,43.1,65.0,0.337,18,2,0,0.0,10.0,28.3,0,0,0,1,24.2,25.3,3.0,28.1,1
2026-01-07T18:36:00,17.55,21.1,31.0,50.0,0.38,18,2,0,0.0,10.0,35.7,0,0,1,2,17.55,24.3,2.9,31.8,1
2026-01-07T18:54:00,29.51,27.2,22.3,65.0,0.657,18,2,0,0.0,10.0,27.6,1,2,2,1,29.51,34.3,4.1,77.3,1
2026-01-07T19:12:00,47.88,44.2,38.3,65.0,0.411,19,2,0,0.0,10.0,29.1,0,0,1,1,47.88,51.5,6.2,73.9,1
2026-01-07T19:30:00,35.26,32.5,37.9,65.0,0.417,19,2,0,0.0,10.0,41.0,0,0,1,1,35.26,37.9,4.5,61.1,1
2026-01-07T19:48:00,55.08,50.8,42.3,65.0,0.349,19,2,0,0.0,10.0,38.3,0,0,1,0,55.08,57.9,6.9,79.4,1
2026-01-07T20:06:00,21.78,20.1,42.7,65.0,0.343,20,2,0,0.0,10.0,38.2,0,0,2,1,21.78,22.9,2.7,35.4,1
2026-01-07T20:24:00,37.99,35.1,42.1,65.0,0.352,20,2,0,0.0,10.0,21.7,0,0,0,2,37.99,40.0,4.8,47.7,1
2026-01-07T20:42:00,19.36,23.2,18.0,50.0,0.64,20,2,0,0.0,10.0,30.1,1,2,1,2,19.36,29.1,3.5,64.2,1
2026-01-07T21:00:00,30.05,27.7,55.8,65.0,0.142,21,2,0,0.6,2.9,27.0,0,0,0,0,30.05,29.3,3.5,34.0,1
2026-01-07T21:18:00,39.16,36.1,53.0,65.0,0.185,21,2,0,0.0,10.0,22.2,0,0,0,0,39.16,38.8,4.7,44.7,1
2026-01-07T21:36:00,26.69,24.6,60.8,65.0,0.065,21,2,0,0.0,10.0,22.6,0,0,1,1,26.69,25.2,3.0,25.7,0
2026-01-07T21:54:00,20.94,19.3,51.7,65.0,0.205,21,2,0,0.0,10.0,17.0,0,0,2,2,20.94,20.9,2.5,22.1,0
2026-01-07T22:12:00,35.88,33.1,59.7,65.0,0.082,22,2,0,0.0,10.0,27.9,0,0,1,2,35.88,34.2,4.1,38.9,1
2026-01-07T22:30:00,28.71,26.5,61.4,65.0,0.055,22,2,0,0.0,10.0,25.7,0,0,1,0,28.71,27.1,3.3,29.8,0
2026-01-07T22:48:00,30.52,28.2,54.1,65.0,0.168,22,2,0,1.8,4.0,36.7,0,0,1,2,30.52,30.1,3.6,34.6,1
2026-01-07T23:06:00,19.63,23.6,39.5,50.0,0.21,23,2,0,0.0,10.0,36.7,0,0,2,1,19.63,25.6,3.1,29.6,1
2026-01-07T23:24:00,62.56,57.7,57.0,65.0,0.123,23,2,0,0.0,10.0,32.7,0,0,1,2,62.56,60.5,7.3,63.3,0
2026-01-07T23:42:00,19.74,23.7,46.8,50.0,0.064,23,2,0,0.1,4.9,26.1,0,0,1,2,19.74,24.3,2.9,26.5,0
2026-01-08T00:00:00,49.5,45.7,59.5,65.0,0.085,0,3,0,0.0,10.0,32.3,0,0,1,2,49.5,47.3,5.7,48.5,0
2026-01-08T00:18:00,59.15,54.6,53.7,65.0,0.174,0,3,0,1.4,4.4,28.2,0,0,2,2,59.15,58.4,7.0,60.1,0
2026-01-08T00:36:00,57.57,53.1,47.1,65.0,0.275,0,3,0,5.2,4.5,25.3,0,0,1,1,57.57,58.9,7.1,70.4,1
2026-01-08T00:54:00,20.07,18.5,53.3,65.0,0.18,0,3,0,1.4,3.7,30.1,0,0,2,1,20.07,19.8,2.4,27.3,1
2026-01-08T01:12:00,61.02,56.3,58.3,65.0,0.103,1,3,0,0.0,10.0,23.4,0,0,1,1,61.02,58.6,7.0,59.9,0
2026-01-08T01:30:00,29.65,27.4,58.3,65.0,0.103,1,3,0,0.0,10.0,29.1,0,0,1,1,29.65,28.5,3.4,31.0,0
2026-01-08T01:48:00,18.95,22.7,48.9,50.0,0.022,1,3,0,0.0,10.0,35.2,0,0,1,2,18.95,22.9,2.7,22.7,0
2026-01-08T02:06:00,53.89,49.7,63.0,65.0,0.031,2,3,0,0.0,10.0,27.5,0,0,0,2,53.89,50.3,6.0,49.7,0
2026-01-08T02:24:00,39.82,36.8,57.3,65.0,0.118,2,3,0,0.0,10.0,14.6,0,0,0,2,39.82,38.5,4.6,43.2,1
2026-01-08T02:42:00,8.68,10.4,41.4,50.0,0.172,2,3,0,0.0,10.0,25.6,0,0,2,1,8.68,11.1,2.0,12.5,1
2026-01-08T03:00:00,43.01,39.7,47.3,65.0,0.272,3,3,0,0.0,10.0,10.8,1,1,0,0,43.01,44.0,5.3,53.8,1
2026-01-08T03:18:00,55.19,50.9,61.5,65.0,0.054,3,3,0,0.0,10.0,24.0,0,0,0,2,55.19,52.0,6.2,53.4,0
2026-01-08T03:36:00,29.82,27.5,57.4,65.0,0.117,3,3,0,0.0,10.0,31.0,0,0,0,2,29.82,28.8,3.5,33.7,1
2026-01-08T03:54:00,27.73,25.6,59.9,65.0,0.078,3,3,0,0.0,10.0,28.9,0,0,0,2,27.73,26.4,3.2,28.5,0
2026-01-08T04:12:00,64.62,59.6,65.4,65.0,0.0,4,3,0,0.0,10.0,31.2,0,0,1,0,64.62,59.6,7.2,59.6,0
2026-01-08T04:30:00,19.48,23.4,43.5,50.0,0.13,4,3,0,0.0,10.0,33.0,0,0,0,2,19.48,24.6,3.0,24.7,0
2026-01-08T04:48:00,39.2,36.2,55.9,65.0,0.14,4,3,0,0.0,10.0,25.9,0,0,1,2,39.2,38.2,4.6,43.0,1
2026-01-08T05:06:00,50.38,46.5,60.4,65.0,0.071,5,3,0,0.0,10.0,28.3,0,0,0,2,50.38,47.8,5.7,49.2,0
2026-01-08T05:24:00,50.53,46.6,53.5,65.0,0.177,5,3,0,0.0,10.0,27.8,0,0,1,2,50.53,49.9,6.0,58.9,1
2026-01-08T05:42:00,35.15,32.4,59.9,65.0,0.078,5,3,0,0.0,10.0,24.2,0,0,0,2,35.15,33.4,4.0,32.4,0
2026-01-08T06:00:00,19.92,23.9,43.0,50.0,0.14,6,3,0,0.0,10.0,17.3,0,0,1,2,19.92,25.2,3.0,27.5,1
2026-01-08T06:18:00,64.19,59.3,52.7,65.0,0.189,6,3,0,0.0,10.0,29.3,0,0,0,1,64.19,63.8,7.7,70.8,1
2026-01-08T06:36:00,30.97,28.6,58.1,65.0,0.106,6,3,0,0.0,10.0,21.5,0,0,0,2,30.97,29.8,3.6,35.4,1
2026-01-08T06:54:00,13.66,16.4,45.7,50.0,0.086,6,3,0,0.0,10.0,26.7,0,0,2,0,13.66,17.0,2.0,16.4,0
2026-01-08T07:12:00,9.85,11.8,39.1,50.0,0.218,7,3,0,0.0,10.0,21.8,0,0,0,0,9.85,12.8,2.0,12.6,0
2026-01-08T07:30:00,21.62,20.0,58.6,65.0,0.098,7,3,0,0.0,10.0,16.7,0,0,1,1,21.62,20.8,2.5,23.8,1
2026-01-08T07:48:00,23.62,21.8,57.1,65.0,0.122,7,3,0,0.0,10.0,20.3,0,0,0,0,23.62,22.9,2.7,22.9,0
2026-01-08T08:06:00,29.05,26.8,45.7,65.0,0.297,8,3,0,0.0,10.0,21.2,0,0,0,2,29.05,30.0,3.6,40.1,1
2026-01-08T08:24:00,53.35,49.2,38.7,65.0,0.405,8,3,0,1.2,3.8,27.7,0,0,1,1,53.35,57.2,6.9,80.7,1
2026-01-08T08:42:00,37.33,34.5,42.0,65.0,0.354,8,3,0,0.0,10.0,33.5,0,0,1,2,37.33,39.4,4.7,47.9,1
2026-01-08T09:00:00,61.52,56.8,39.8,65.0,0.388,9,3,0,0.0,10.0,36.7,0,0,2,0,61.52,65.6,7.9,90.4,1
2026-01-08T09:18:00,9.73,11.7,29.4,50.0,0.412,9,3,0,0.0,10.0,25.9,0,0,0,0,9.73,13.6,2.0,18.7,1
2026-01-08T09:36:00,25.75,23.8,40.3,65.0,0.38,9,3,0,0.0,10.0,34.5,0,0,1,2,25.75,27.4,3.3,42.9,1
2026-01-08T09:54:00,63.48,58.6,33.7,65.0,0.482,9,3,0,0.0,10.0,27.7,1,1,0,0,63.48,69.9,8.4,112.6,1
2026-01-08T10:12:00,35.66,32.9,43.2,65.0,0.335,10,3,0,0.0,10.0,26.4,0,0,2,2,35.66,37.3,4.5,50.2,1
2026-01-08T10:30:00,24.06,22.2,31.2,65.0,0.52,10,3,0,0.0,10.0,23.9,1,1,2,2,24.06,26.8,3.2,43.1,1
2026-01-08T10:48:00,24.54,22.7,37.6,65.0,0.422,10,3,0,0.0,10.0,28.5,0,0,1,0,24.54,26.5,3.2,39.3,1
2026-01-08T11:06:00,59.81,55.2,60.1,65.0,0.075,11,3,0,0.0,10.0,17.0,0,0,0,2,59.81,56.9,6.8,60.0,0
2026-01-08T11:24:00,26.49,24.5,59.8,65.0,0.08,11,3,0,0.0,10.0,30.3,0,0,1,2,26.49,25.3,3.0,30.8,1
2026-01-08T11:42:00,28.39,26.2,62.3,65.0,0.042,11,3,0,0.3,2.3,24.7,0,0,0,2,28.39,26.6,3.2,26.7,0
2026-01-08T12:00:00,27.79,25.7,57.7,65.0,0.112,12,3,0,0.0,10.0,30.5,0,0,1,1,27.79,26.9,3.2,29.0,0
2026-01-08T12:18:00,47.24,43.6,58.5,65.0,0.1,12,3,0,0.0,10.0,24.4,0,0,0,2,47.24,45.3,5.4,47.7,0
2026-01-08T12:36:00,15.37,18.4,35.3,50.0,0.294,12,3,0,6.5,2.2,23.9,0,0,0,1,15.37,20.6,2.5,26.6,1
2026-01-08T12:54:00,53.41,49.3,59.0,65.0,0.092,12,3,0,0.0,10.0,14.4,0,0,0,2,53.41,51.1,6.1,52.5,0
2026-01-08T13:12:00,18.57,22.3,28.1,50.0,0.438,13,3,0,0.0,10.0,34.3,1,2,1,0,18.57,26.2,3.1,38.9,1
2026-01-08T13:30:00,60.77,56.1,56.0,65.0,0.138,13,3,0,0.0,10.0,17.5,0,0,1,1,60.77,59.2,7.1,63.6,0
2026-01-08T13:48:00,15.09,18.1,52.7,50.0,0.0,13,3,0,0.0,10.0,31.8,0,0,1,2,15.09,18.1,2.2,18.1,0
2026-01-08T14:06:00,14.81,17.8,43.2,50.0,0.136,14,3,0,0.0,10.0,22.4,0,0,1,2,14.81,18.8,2.3,21.2,1
2026-01-08T14:24:00,62.07,57.3,57.4,65.0,0.117,14,3,0,0.0,10.0,36.1,0,0,1,1,62.07,60.0,7.2,64.0,0
2026-01-08T14:42:00,36.27,33.5,59.1,65.0,0.091,14,3,0,2.4,5.0,33.2,0,0,1,2,36.27,34.7,4.2,34.6,0
2026-01-08T15:00:00,25.65,23.7,50.3,65.0,0.226,15,3,0,0.0,10.0,22.5,1,1,0,1,25.65,25.8,3.1,28.0,1
2026-01-08T15:18:00,24.51,22.6,62.1,65.0,0.045,15,3,0,0.0,10.0,27.8,0,0,0,2,24.51,23.0,2.8,22.6,0
2026-01-08T15:36:00,30.28,28.0,54.5,65.0,0.162,15,3,0,0.0,10.0,20.2,0,0,1,0,30.28,29.8,3.6,32.3,1
2026-01-08T15:54:00,47.17,43.5,47.3,65.0,0.272,15,3,0,0.0,10.0,33.0,1,1,2,2,47.17,48.2,5.8,58.5,1
2026-01-08T16:12:00,15.81,19.0,51.5,50.0,0.0,16,3,0,0.0,10.0,33.8,0,0,0,2,15.81,19.0,2.3,19.0,0
2026-01-08T16:30:00,49.17,45.4,55.8,65.0,0.142,16,3,0,0.0,10.0,16.7,0,0,0,2,49.17,48.0,5.8,57.2,1
2026-01-08T16:48:00,24.9,23.0,46.7,65.0,0.282,16,3,0,0.0,10.0,29.1,1,1,1,2,24.9,25.6,3.1,28.9,1
2026-01-08T17:06:00,25.34,23.4,41.1,65.0,0.368,17,3,0,0.0,10.0,26.0,0,0,0,2,25.34,26.8,3.2,39.0,1
2026-01-08T17:24:00,36.47,33.7,38.4,65.0,0.409,17,3,0,0.0,10.0,31.8,0,0,1,2,36.47,39.2,4.7,57.0,1
2026-01-08T17:42:00,24.9,23.0,40.9,65.0,0.371,17,3,0,0.0,10.0,33.7,0,0,0,1,24.9,26.4,3.2,34.3,1
2026-01-08T18:00:00,46.02,42.5,42.8,65.0,0.342,18,3,0,0.0,10.0,26.2,0,0,1,1,46.02,48.3,5.8,67.0,1
2026-01-08T18:18:00,20.53,19.0,39.4,65.0,0.394,18,3,0,0.0,10.0,17.9,0,0,1,0,20.53,22.0,2.6,28.8,1
2026-01-08T18:36:00,33.87,31.3,40.7,65.0,0.374,18,3,0,0.0,10.0,31.3,0,0,0,2,33.87,36.0,4.3,53.6,1
2026-01-08T18:54:00,42.36,39.1,35.1,65.0,0.46,18,3,0,0.0,10.0,25.9,0,0,0,2,42.36,46.3,5.6,69.8,1
2026-01-08T19:12:00,46.81,43.2,43.5,65.0,0.331,19,3,0,0.0,10.0,44.8,0,0,1,1,46.81,48.9,5.9,61.2,1
2026-01-08T19:30:00,13.53,16.2,31.7,50.0,0.366,19,3,0,3.1,4.5,29.5,0,0,2,2,13.53,18.6,2.2,25.1,1
2026-01-08T19:48:00,30.68,28.3,39.5,65.0,0.392,19,3,0,0.0,10.0,30.8,0,0,1,0,30.68,32.7,3.9,48.7,1
2026-01-08T20:06:00,25.5,23.5,38.5,65.0,0.408,20,3,0,1.5,4.0,33.3,0,0,2,1,25.5,27.3,3.3,40.7,1
2026-01-08T20:24:00,36.56,33.7,34.2,65.0,0.474,20,3,0,0.0,10.0,22.6,0,0,0,2,36.56,40.1,4.8,63.6,1
2026-01-08T20:42:00,49.08,45.3,41.7,65.0,0.358,20,3,0,0.0,10.0,27.4,0,0,1,1,49.08,51.8,6.2,76.2,1
2026-01-08T21:00:00,50.93,47.0,58.1,65.0,0.106,21,3,0,0.0,10.0,25.6,0,0,2,2,50.93,49.0,5.9,52.8,0
2026-01-08T21:18:00,14.24,17.1,38.7,50.0,0.226,21,3,0,0.0,10.0,20.6,0,0,2,0,14.24,18.6,2.2,22.9,1
2026-01-08T21:36:00,33.12,30.6,59.6,65.0,0.083,21,3,0,0.0,10.0,30.0,0,0,2,1,33.12,31.6,3.8,35.8,1
2026-01-08T21:54:00,25.43,23.5,57.3,65.0,0.118,21,3,0,0.0,10.0,20.4,0,0,0,2,25.43,24.6,3.0,24.6,0
2026-01-08T22:12:00,42.33,39.1,58.9,65.0,0.094,22,3,0,0.0,10.0,33.4,0,0,0,0,42.33,40.6,4.9,41.9,0
2026-01-08T22:30:00,62.37,57.6,55.1,65.0,0.152,22,3,0,0.0,10.0,26.6,0,0,1,2,62.37,61.1,7.3,69.6,1
2026-01-08T22:48:00,35.56,32.8,44.6,65.0,0.314,22,3,0,8.9,4.9,23.0,0,0,0,0,35.56,36.9,4.4,43.1,1
2026-01-08T23:06:00,55.46,51.2,56.7,65.0,0.128,23,3,0,0.0,10.0,32.6,0,0,0,0,55.46,53.8,6.5,61.8,1
2026-01-08T23:24:00,19.21,23.1,40.2,50.0,0.196,23,3,0,0.0,10.0,29.9,0,0,1,1,19.21,24.9,3.0,28.9,1
2026-01-08T23:42:00,34.74,32.1,57.2,65.0,0.12,23,3,0,6.0,3.0,18.7,0,0,0,2,34.74,33.6,4.0,43.1,1
2026-01-09T00:00:00,33.78,31.2,60.9,65.0,0.063,0,4,0,0.0,10.0,28.0,0,0,0,2,33.78,32.0,3.8,32.5,0
2026-01-09T00:18:00,21.08,19.5,36.1,65.0,0.445,0,4,0,0.0,10.0,21.6,1,3,1,0,21.08,23.0,2.8,34.8,1
2026-01-09T00:36:00,64.52,59.6,60.8,65.0,0.065,0,4,0,0.0,10.0,33.5,0,0,2,1,64.52,61.1,7.3,65.5,0
2026-01-09T00:54:00,14.1,16.9,48.6,50.0,0.028,0,4,0,0.0,10.0,23.2,0,0,0,2,14.1,17.1,2.1,16.9,0
2026-01-09T01:12:00,25.69,23.7,56.9,65.0,0.125,1,4,0,0.0,10.0,27.8,0,0,0,2,25.69,24.9,3.0,28.1,1
2026-01-09T01:30:00,44.09,40.7,61.5,65.0,0.054,1,4,0,0.0,10.0,25.6,0,0,0,0,44.09,41.6,5.0,40.7,0
2026-01-09T01:48:00,21.4,19.8,52.4,65.0,0.194,1,4,0,0.0,10.0,36.8,0,0,0,0,21.4,21.3,2.6,26.5,1
2026-01-09T02:06:00,64.96,60.0,57.9,65.0,0.109,2,4,0,0.0,10.0,23.6,0,0,2,1,64.96,62.6,7.5,67.5,0
2026-01-09T02:24:00,53.32,49.2,38.7,65.0,0.405,2,4,0,13.3,4.9,24.0,0,0,0,0,53.32,57.2,6.9,80.8,1
2026-01-09T02:42:00,27.51,25.4,53.6,65.0,0.175,2,4,0,0.0,10.0,25.7,0,0,2,0,27.51,27.2,3.3,30.0,1
2026-01-09T03:00:00,24.04,22.2,57.4,65.0,0.117,3,4,0,0.2,2.4,31.4,0,0,1,2,24.04,23.2,2.8,27.7,1
2026-01-09T03:18:00,17.92,21.5,43.4,50.0,0.132,3,4,0,0.0,10.0,32.5,0,0,1,0,17.92,22.6,2.7,23.2,0
2026-01-09T03:36:00,35.05,32.4,56.3,65.0,0.134,3,4,0,0.0,10.0,35.2,0,0,2,2,35.05,34.1,4.1,41.4,1
2026-01-09T03:54:00,31.79,29.3,55.0,65.0,0.154,3,4,0,0.0,10.0,34.9,0,0,1,2,31.79,31.1,3.7,33.0,0
2026-01-09T04:12:00,36.84,34.0,60.3,65.0,0.072,4,4,0,0.0,10.0,25.4,0,0,0,2,36.84,35.0,4.2,36.8,0
2026-01-09T04:30:00,33.96,31.3,31.3,65.0,0.518,4,4,0,0.0,10.0,25.1,1,3,2,2,33.96,37.8,4.5,66.2,1
2026-01-09T04:48:00,63.99,59.1,54.0,65.0,0.169,4,4,0,0.0,10.0,24.1,0,0,0,1,63.99,63.1,7.6,74.9,1
2026-01-09T05:06:00,9.66,11.6,29.6,50.0,0.408,5,4,0,0.0,10.0,30.7,1,2,0,0,9.66,13.5,2.0,16.5,1
2026-01-09T05:24:00,35.37,32.6,57.6,65.0,0.114,5,4,0,0.0,10.0,31.9,0,0,0,1,35.37,34.1,4.1,36.3,0
2026-01-09T05:42:00,18.96,22.8,43.3,50.0,0.134,5,4,0,0.0,10.0,42.8,0,0,2,1,18.96,24.0,2.9,27.8,1
2026-01-09T06:00:00,44.0,40.6,54.4,65.0,0.163,6,4,0,0.0,10.0,25.1,0,0,1,2,44.0,43.2,5.2,46.8,1
2026-01-09T06:18:00,17.38,20.9,42.1,50.0,0.158,6,4,0,0.0,10.0,31.1,0,0,1,2,17.38,22.2,2.7,28.9,1
2026-01-09T06:36:00,64.12,59.2,52.3,65.0,0.195,6,4,0,0.0,10.0,30.9,0,0,2,2,64.12,63.8,7.7,70.4,1
2026-01-09T06:54:00,48.9,45.1,59.8,65.0,0.08,6,4,0,0.0,10.0,31.4,0,0,0,2,48.9,46.5,5.6,49.7,0
2026-01-09T07:12:00,22.15,20.4,55.1,65.0,0.152,7,4,0,0.0,10.0,35.8,0,0,0,2,22.15,21.6,2.6,22.5,0
2026-01-09T07:30:00,21.36,19.7,51.2,65.0,0.212,7,4,0,7.4,4.9,17.4,0,0,0,2,21.36,21.4,2.6,26.3,1
2026-01-09T07:48:00,53.03,49.0,55.8,65.0,0.142,7,4,0,0.0,10.0,27.8,0,0,0,1,53.03,51.8,6.2,56.0,0
2026-01-09T08:06:00,61.99,57.2,43.2,65.0,0.335,8,4,0,0.0,10.0,34.5,0,0,2,2,61.99,64.9,7.8,86.0,1
2026-01-09T08:24:00,61.38,56.7,42.1,65.0,0.352,8,4,0,0.0,10.0,23.3,0,0,2,2,61.38,64.7,7.8,87.8,1
2026-01-09T08:42:00,40.82,37.7,18.0,65.0,0.723,8,4,0,0.0,10.0,19.9,1,3,1,2,40.82,48.6,5.8,136.1,1
2026-01-09T09:00:00,10.82,13.0,30.6,50.0,0.388,9,4,0,0.0,10.0,29.3,0,0,1,0,10.82,15.0,2.0,19.2,1
2026-01-09T09:18:00,51.64,47.7,40.8,65.0,0.372,9,4,0,0.0,10.0,29.2,0,0,2,2,51.64,54.8,6.6,79.2,1
2026-01-09T09:36:00,42.64,39.4,21.7,65.0,0.666,9,4,0,3.6,4.3,17.6,1,2,1,0,42.64,49.9,6.0,110.1,1
2026-01-09T09:54:00,50.95,47.0,40.3,65.0,0.38,9,4,0,2.8,3.6,27.8,0,0,2,2,50.95,54.1,6.5,75.2,1
2026-01-09T10:12:00,13.17,15.8,31.9,50.0,0.362,10,4,0,0.0,10.0,23.8,0,0,0,1,13.17,18.1,2.2,26.4,1
2026-01-09T10:30:00,21.43,19.8,37.3,65.0,0.426,10,4,0,0.0,10.0,19.4,0,0,0,2,21.43,23.2,2.8,35.1,1
2026-01-09T10:48:00,47.92,44.2,37.4,65.0,0.425,10,4,0,0.0,10.0,27.1,0,0,2,1,47.92,51.7,6.2,77.0,1
2026-01-09T11:06:00,30.47,28.1,53.9,65.0,0.171,11,4,0,0.0,10.0,30.8,0,0,1,0,30.47,30.0,3.6,28.1,0
2026-01-09T11:24:00,31.0,28.6,56.3,65.0,0.134,11,4,0,0.0,10.0,43.5,0,0,1,2,31.0,30.1,3.6,31.2,0
2026-01-09T11:42:00,21.61,19.9,56.7,65.0,0.128,11,4,0,0.0,10.0,25.1,0,0,0,2,21.61,20.9,2.5,19.9,0
2026-01-09T12:00:00,26.42,24.4,59.4,65.0,0.086,12,4,0,0.0,10.0,14.7,0,0,2,2,26.42,25.2,3.0,24.5,0
2026-01-09T12:18:00,34.09,31.5,61.5,65.0,0.054,12,4,0,0.0,10.0,22.1,0,0,0,1,34.09,32.2,3.9,32.2,0
2026-01-09T12:36:00,19.68,23.6,43.3,50.0,0.134,12,4,0,0.0,10.0,28.8,0,0,1,2,19.68,24.9,3.0,27.2,1
2026-01-09T12:54:00,12.67,15.2,43.8,50.0,0.124,12,4,0,0.0,10.0,19.0,0,0,2,1,12.67,16.0,2.0,18.0,1
2026-01-09T13:12:00,23.38,21.6,45.6,65.0,0.298,13,4,0,0.0,10.0,32.2,1,1,0,2,23.38,24.2,2.9,31.0,1
2026-01-09T13:30:00,42.36,39.1,62.4,65.0,0.04,13,4,0,0.0,10.0,27.6,0,0,0,0,42.36,39.7,4.8,43.0,0
2026-01-09T13:48:00,19.11,22.9,47.9,50.0,0.042,13,4,0,0.0,10.0,36.1,0,0,0,0,19.11,23.3,2.8,22.9,0
2026-01-09T14:06:00,63.92,59.0,56.2,65.0,0.135,14,4,0,0.0,10.0,41.1,0,0,0,2,63.92,62.2,7.5,68.8,1
2026-01-09T14:24:00,64.63,59.7,58.7,65.0,0.097,14,4,0,0.0,10.0,21.2,0,0,1,1,64.63,62.0,7.4,67.7,0
2026-01-09T14:42:00,64.75,59.8,58.8,65.0,0.095,14,4,0,0.0,10.0,22.3,0,0,0,2,64.75,62.1,7.5,66.9,0
2026-01-09T15:00:00,19.67,23.6,47.0,50.0,0.06,15,4,0,0.0,10.0,19.0,0,0,0,2,19.67,24.2,2.9,23.6,0
2026-01-09T15:18:00,49.21,45.4,56.4,65.0,0.132,15,4,0,0.0,10.0,31.7,0,0,0,2,49.21,47.8,5.7,50.1,0
2026-01-09T15:36:00,28.53,26.3,55.9,65.0,0.14,15,4,0,1.0,2.3,26.9,0,0,0,1,28.53,27.8,3.3,30.8,1
2026-01-09T15:54:00,22.97,21.2,51.2,65.0,0.212,15,4,0,0.0,10.0,32.8,0,0,1,1,22.97,23.0,2.8,26.5,1
2026-01-09T16:12:00,58.66,54.1,55.7,65.0,0.143,16,4,0,0.0,10.0,25.2,0,0,1,2,58.66,57.2,6.9,61.7,0
2026-01-09T16:30:00,31.17,28.8,57.3,65.0,0.118,16,4,0,0.0,10.0,34.4,0,0,0,2,31.17,30.2,3.6,28.8,0
2026-01-09T16:48:00,36.57,33.8,51.7,65.0,0.205,16,4,0,0.0,10.0,20.9,0,0,1,2,36.57,36.6,4.4,44.3,1
2026-01-09T17:06:00,36.52,33.7,40.7,65.0,0.374,17,4,0,0.0,10.0,21.7,0,0,2,2,36.52,38.7,4.6,51.7,1
2026-01-09T17:24:00,26.68,24.6,40.0,65.0,0.385,17,4,0,1.7,2.1,28.5,0,0,2,2,26.68,28.4,3.4,36.6,1
2026-01-09T17:42:00,34.34,31.7,23.4,65.0,0.64,17,4,0,0.0,10.0,27.5,1,2,1,2,34.34,39.8,4.8,86.6,1
2026-01-09T18:00:00,60.92,56.2,39.3,65.0,0.395,18,4,0,2.8,3.8,19.4,0,0,1,2,60.92,65.1,7.8,93.6,1
2026-01-09T18:18:00,51.44,47.5,43.5,65.0,0.331,18,4,0,0.0,10.0,34.5,0,0,0,0,51.44,53.8,6.5,71.4,1
2026-01-09T18:36:00,33.78,31.2,39.9,65.0,0.386,18,4,0,0.0,10.0,30.1,0,0,2,0,33.78,36.0,4.3,49.2,1
2026-01-09T18:54:00,49.3,45.5,38.1,65.0,0.414,18,4,0,0.0,10.0,25.6,0,0,1,2,49.3,53.0,6.4,70.6,1
2026-01-09T19:12:00,33.26,30.7,33.6,65.0,0.483,19,4,0,0.0,10.0,29.6,0,0,0,1,33.26,36.6,4.4,56.4,1
2026-01-09T19:30:00,23.82,22.0,45.9,65.0,0.294,19,4,0,0.0,10.0,32.3,0,0,0,1,23.82,24.6,3.0,33.6,1
2026-01-09T19:48:00,37.04,34.2,39.6,65.0,0.391,19,4,0,0.0,10.0,23.0,0,0,2,2,37.04,39.5,4.7,54.5,1
2026-01-09T20:06:00,10.14,12.2,26.1,50.0,0.478,20,4,0,0.0,10.0,26.7,0,0,1,2,10.14,14.5,2.0,23.4,1
2026-01-09T20:24:00,18.83,22.6,28.5,50.0,0.43,20,4,0,0.0,10.0,21.1,0,0,1,0,18.83,26.5,3.2,37.8,1
2026-01-09T20:42:00,23.6,21.8,38.6,65.0,0.406,20,4,0,0.0,10.0,26.2,0,0,1,0,23.6,25.3,3.0,36.7,1
2026-01-09T21:00:00,63.2,58.3,57.0,65.0,0.123,21,4,0,0.0,10.0,31.0,0,0,0,2,63.2,61.2,7.3,66.1,0
2026-01-09T21:18:00,33.96,31.3,57.2,65.0,0.12,21,4,0,0.0,10.0,17.4,0,0,1,1,33.96,32.8,3.9,32.5,0
2026-01-09T21:36:00,27.29,25.2,59.9,65.0,0.078,21,4,0,0.0,10.0,28.4,0,0,0,2,27.29,26.0,3.1,32.8,1
2026-01-09T21:54:00,39.76,36.7,54.7,65.0,0.158,21,4,0,0.0,10.0,22.9,0,0,0,1,39.76,39.0,4.7,43.9,1
2026-01-09T22:12:00,47.52,43.9,51.8,65.0,0.203,22,4,0,0.0,10.0,26.9,0,0,0,0,47.52,47.5,5.7,56.9,1
2026-01-09T22:30:00,19.6,23.5,18.7,50.0,0.626,22,4,0,0.0,10.0,29.1,1,3,0,2,19.6,29.4,3.5,62.9,1
2026-01-09T22:48:00,50.64,46.7,55.6,65.0,0.145,22,4,0,0.0,10.0,23.6,0,0,0,0,50.64,49.4,5.9,56.5,1
2026-01-09T23:06:00,53.45,49.3,56.0,65.0,0.138,23,4,0,0.0,10.0,32.2,0,0,1,2,53.45,52.0,6.2,55.1,0
2026-01-09T23:24:00,49.62,45.8,61.7,65.0,0.051,23,4,0,0.0,10.0,26.8,0,0,1,2,49.62,46.7,5.6,46.2,0
2026-01-09T23:42:00,43.22,39.9,60.3,65.0,0.072,23,4,0,0.0,10.0,26.9,0,0,0,1,43.22,41.0,4.9,45.5,0
2026-01-10T00:00:00,19.3,23.2,42.3,50.0,0.154,0,5,1,0.0,10.0,16.7,0,0,0,2,19.3,24.6,3.0,27.4,1
2026-01-10T00:18:00,42.23,39.0,57.5,65.0,0.115,0,5,1,4.5,2.7,23.9,0,0,2,2,42.23,40.8,4.9,43.8,0
2026-01-10T00:36:00,22.9,21.1,59.4,65.0,0.086,0,5,1,0.0,10.0,21.7,0,0,1,1,22.9,21.8,2.6,26.3,1
2026-01-10T00:54:00,43.45,40.1,59.6,65.0,0.083,0,5,1,0.0,10.0,31.4,0,0,0,2,43.45,41.4,5.0,47.2,1
2026-01-10T01:12:00,63.31,58.4,56.8,65.0,0.126,1,5,1,1.1,3.5,25.1,0,0,0,1,63.31,61.3,7.4,65.4,0
2026-01-10T01:30:00,33.29,30.7,57.4,65.0,0.117,1,5,1,0.0,10.0,18.7,0,0,2,1,33.29,32.1,3.9,31.9,0
2026-01-10T01:48:00,64.05,59.1,56.4,65.0,0.132,1,5,1,0.0,10.0,27.5,0,0,1,2,64.05,62.2,7.5,69.7,1
2026-01-10T02:06:00,19.78,23.7,18.0,50.0,0.64,2,5,1,0.0,10.0,25.7,1,3,1,1,19.78,29.8,3.6,66.1,1
2026-01-10T02:24:00,63.9,59.0,55.2,65.0,0.151,2,5,1,0.0,10.0,22.8,0,0,0,2,63.9,62.6,7.5,68.4,1
2026-01-10T02:42:00,55.97,51.7,56.8,65.0,0.126,2,5,1,0.0,10.0,33.3,0,0,1,0,55.97,54.3,6.5,58.6,0
2026-01-10T03:00:00,34.22,31.6,55.6,65.0,0.145,3,5,1,0.0,10.0,30.1,0,0,0,2,34.22,33.4,4.0,37.2,1
2026-01-10T03:18:00,36.66,33.8,58.0,65.0,0.108,3,5,1,0.0,10.0,22.0,0,0,1,2,36.66,35.3,4.2,33.8,0
2026-01-10T03:36:00,51.38,47.4,56.7,65.0,0.128,3,5,1,0.0,10.0,24.0,0,0,2,2,51.38,49.8,6.0,51.9,0
2026-01-10T03:54:00,40.89,37.7,58.8,65.0,0.095,3,5,1,0.0,10.0,23.7,0,0,0,2,40.89,39.1,4.7,46.2,1
2026-01-10T04:12:00,40.04,37.0,55.5,65.0,0.146,4,5,1,0.3,4.6,28.3,0,0,0,2,40.04,39.2,4.7,45.8,1
2026-01-10T04:30:00,61.69,56.9,54.4,65.0,0.163,4,5,1,0.0,10.0,28.1,0,0,0,2,61.69,60.6,7.3,72.4,1
2026-01-10T04:48:00,18.89,22.7,42.7,50.0,0.146,4,5,1,0.0,10.0,15.9,0,0,2,1,18.89,24.0,2.9,25.1,0
2026-01-10T05:06:00,22.36,20.6,64.3,65.0,0.011,5,5,1,0.0,10.0,24.9,0,0,0,0,22.36,20.7,2.5,22.9,0
2026-01-10T05:24:00,37.83,34.9,57.8,65.0,0.111,5,5,1,0.5,3.6,25.9,0,0,1,2,37.83,36.4,4.4,37.2,0
2026-01-10T05:42:00,29.16,26.9,56.5,65.0,0.131,5,5,1,0.0,10.0,30.9,0,0,0,1,29.16,28.3,3.4,28.6,0
2026-01-10T06:00:00,54.65,50.4,60.1,65.0,0.075,6,5,1,0.0,10.0,30.6,0,0,1,2,54.65,51.9,6.2,55.6,0
2026-01-10T06:18:00,37.91,35.0,57.7,65.0,0.112,6,5,1,0.0,10.0,21.8,0,0,0,2,37.91,36.6,4.4,41.5,1
2026-01-10T06:36:00,51.11,47.2,57.2,65.0,0.12,6,5,1,0.0,10.0,32.8,0,0,0,0,51.11,49.5,5.9,54.4,1
2026-01-10T06:54:00,56.96,52.6,47.4,65.0,0.271,6,5,1,7.0,3.0,31.0,0,0,0,2,56.96,58.3,7.0,68.4,1
2026-01-10T07:12:00,15.69,18.8,50.1,50.0,0.0,7,5,1,0.0,10.0,17.2,0,0,1,0,15.69,18.8,2.3,18.8,0
2026-01-10T07:30:00,50.43,46.6,60.5,65.0,0.069,7,5,1,0.0,10.0,34.0,0,0,0,2,50.43,47.9,5.7,48.6,0
2026-01-10T07:48:00,15.51,18.6,46.2,50.0,0.076,7,5,1,0.0,10.0,19.0,0,0,1,1,15.51,19.2,2.3,21.4,1
2026-01-10T08:06:00,25.63,23.7,36.3,65.0,0.442,8,5,1,0.0,10.0,24.7,1,3,0,1,25.63,27.9,3.3,39.5,1
2026-01-10T08:24:00,53.77,49.6,54.2,65.0,0.166,8,5,1,0.0,10.0,21.1,0,0,1,2,53.77,52.9,6.3,55.6,0
2026-01-10T08:42:00,25.36,23.4,58.3,65.0,0.103,8,5,1,0.0,2.7,35.7,0,0,0,2,25.36,24.4,2.9,27.2,1
2026-01-10T09:00:00,20.96,19.3,56.9,65.0,0.125,9,5,1,0.0,10.0,9.6,0,0,0,2,20.96,20.3,2.4,23.3,1
2026-01-10T09:18:00,21.89,20.2,61.4,65.0,0.055,9,5,1,0.0,10.0,22.2,0,0,0,1,21.89,20.6,2.5,22.3,0
2026-01-10T09:36:00,56.89,52.5,56.4,65.0,0.132,9,5,1,0.0,10.0,20.2,0,0,1,2,56.89,55.3,6.6,60.2,0
2026-01-10T09:54:00,16.14,19.4,46.9,50.0,0.062,9,5,1,0.0,10.0,32.8,0,0,1,0,16.14,19.9,2.4,21.6,0
2026-01-10T10:12:00,32.73,30.2,54.2,65.0,0.166,10,5,1,0.0,10.0,27.3,0,0,0,0,32.73,32.2,3.9,35.2,1
2026-01-10T10:30:00,60.16,55.5,48.3,65.0,0.257,10,5,1,0.0,10.0,24.5,1,1,0,1,60.16,61.2,7.3,74.0,1
2026-01-10T10:48:00,59.63,55.0,56.3,65.0,0.134,10,5,1,0.0,10.0,29.6,0,0,0,0,59.63,57.9,6.9,60.9,0
2026-01-10T11:06:00,32.5,30.0,58.0,65.0,0.108,11,5,1,0.0,10.0,29.6,0,0,0,2,32.5,31.3,3.8,33.6,0
2026-01-10T11:24:00,35.47,32.7,54.5,65.0,0.162,11,5,1,0.0,10.0,33.8,0,0,2,0,35.47,34.8,4.2,39.5,1
2026-01-10T11:42:00,55.08,50.8,56.2,65.0,0.135,11,5,1,0.0,10.0,34.0,0,0,0,0,55.08,53.5,6.4,53.9,0
2026-01-10T12:00:00,25.83,23.8,53.1,65.0,0.183,12,5,1,2.6,2.2,25.6,0,0,0,1,25.83,25.5,3.1,28.0,1
2026-01-10T12:18:00,27.02,24.9,56.9,65.0,0.125,12,5,1,0.0,10.0,36.5,0,0,0,2,27.02,26.1,3.1,32.1,1
2026-01-10T12:36:00,61.15,56.4,62.8,65.0,0.034,12,5,1,0.0,10.0,26.1,0,0,2,0,61.15,57.2,6.9,59.9,0
2026-01-10T12:54:00,19.24,23.1,46.1,50.0,0.078,12,5,1,0.0,10.0,23.7,0,0,0,1,19.24,23.8,2.9,24.7,0
2026-01-10T13:12:00,60.36,55.7,54.1,65.0,0.168,13,5,1,0.0,10.0,24.6,0,0,0,0,60.36,59.4,7.1,63.6,0
2026-01-10T13:30:00,42.14,38.9,59.4,65.0,0.086,13,5,1,0.9,4.8,13.9,0,0,0,0,42.14,40.2,4.8,38.9,0
2026-01-10T13:48:00,44.13,40.7,44.7,65.0,0.312,13,5,1,8.4,4.9,27.4,0,0,0,2,44.13,45.8,5.5,60.6,1
2026-01-10T14:06:00,36.68,33.9,49.1,65.0,0.245,14,5,1,3.4,3.0,27.5,0,0,0,1,36.68,37.2,4.5,44.1,1
2026-01-10T14:24:00,23.14,21.4,54.1,65.0,0.168,14,5,1,0.0,10.0,23.2,0,0,2,0,23.14,22.8,2.7,24.2,0
2026-01-10T14:42:00,16.52,19.8,43.5,50.0,0.13,14,5,1,0.0,10.0,19.9,0,0,2,0,16.52,20.8,2.5,19.8,0
2026-01-10T15:00:00,8.21,9.9,42.7,50.0,0.146,15,5,1,0.0,10.0,18.3,0,0,0,1,8.21,10.5,2.0,13.3,1
2026-01-10T15:18:00,56.53,52.2,55.1,65.0,0.152,15,5,1,0.0,10.0,23.3,0,0,0,2,56.53,55.4,6.6,59.2,0
2026-01-10T15:36:00,59.92,55.3,48.8,65.0,0.249,15,5,1,0.0,10.0,31.1,1,1,2,0,59.92,60.8,7.3,78.7,1
2026-01-10T15:54:00,29.79,27.5,58.4,65.0,0.102,15,5,1,0.0,10.0,30.8,0,0,1,2,29.79,28.6,3.4,32.9,1
2026-01-10T16:12:00,11.05,13.3,42.2,50.0,0.156,16,5,1,0.0,10.0,27.6,0,0,1,2,11.05,14.1,2.0,18.1,1
2026-01-10T16:30:00,8.27,9.9,40.6,50.0,0.188,16,5,1,1.2,4.6,41.1,0,0,2,2,8.27,10.6,2.0,14.1,1
2026-01-10T16:48:00,34.68,32.0,62.6,65.0,0.037,16,5,1,0.0,10.0,20.4,0,0,0,1,34.68,32.5,3.9,37.6,1
2026-01-10T17:06:00,59.46,54.9,62.8,65.0,0.034,17,5,1,0.0,10.0,22.7,0,0,1,2,59.46,55.6,6.7,59.3,0
2026-01-10T17:24:00,17.55,21.1,42.9,50.0,0.142,17,5,1,0.0,10.0,21.6,0,0,1,1,17.55,22.3,2.7,21.2,0
2026-01-10T17:42:00,34.94,32.3,38.8,65.0,0.403,17,5,1,0.0,10.0,20.1,1,2,0,0,34.94,37.5,4.5,52.1,1
2026-01-10T18:00:00,41.05,37.9,59.2,65.0,0.089,18,5,1,0.0,10.0,25.5,0,0,0,2,41.05,39.2,4.7,42.9,0
2026-01-10T18:18:00,27.99,25.8,55.2,65.0,0.151,18,5,1,0.0,10.0,30.8,0,0,1,2,27.99,27.4,3.3,28.5,0
2026-01-10T18:36:00,18.92,22.7,21.6,50.0,0.568,18,5,1,0.0,10.0,24.7,1,3,2,2,18.92,27.9,3.3,50.4,1
2026-01-10T18:54:00,56.95,52.6,57.7,65.0,0.112,18,5,1,0.0,10.0,33.6,0,0,1,2,56.95,55.0,6.6,58.4,0
2026-01-10T19:12:00,8.54,10.2,40.0,50.0,0.2,19,5,1,0.0,10.0,31.5,0,0,2,0,8.54,11.0,2.0,11.8,1
2026-01-10T19:30:00,41.68,38.5,40.7,65.0,0.374,19,5,1,0.0,10.0,30.9,1,2,1,2,41.68,44.3,5.3,63.0,1
2026-01-10T19:48:00,19.7,23.6,47.1,50.0,0.058,19,5,1,0.0,10.0,27.5,0,0,0,2,19.7,24.1,2.9,25.6,0
2026-01-10T20:06:00,22.08,20.4,57.3,65.0,0.118,20,5,1,0.0,10.0,25.4,0,0,1,1,22.08,21.4,2.6,24.8,1
2026-01-10T20:24:00,15.47,18.6,42.4,50.0,0.152,20,5,1,0.0,10.0,27.0,0,0,0,2,15.47,19.7,2.4,26.8,1
2026-01-10T20:42:00,12.24,14.7,49.7,50.0,0.006,20,5,1,0.0,10.0,20.5,0,0,1,1,12.24,14.7,2.0,17.3,1
2026-01-10T21:00:00,27.13,25.0,49.0,65.0,0.246,21,5,1,0.0,10.0,23.1,0,0,0,1,27.13,27.5,3.3,29.4,1
2026-01-10T21:18:00,12.89,15.5,36.6,50.0,0.268,21,5,1,9.0,4.1,32.7,0,0,1,2,12.89,17.2,2.1,16.8,0
2026-01-10T21:36:00,21.49,19.8,58.6,65.0,0.098,21,5,1,0.0,10.0,27.7,0,0,0,2,21.49,20.6,2.5,23.2,1
2026-01-10T21:54:00,31.71,29.3,53.4,65.0,0.178,21,5,1,0.0,10.0,25.0,0,0,1,0,31.71,31.4,3.8,34.7,1
2026-01-10T22:12:00,53.85,49.7,52.6,65.0,0.191,22,5,1,4.1,3.7,33.2,0,0,0,2,53.85,53.5,6.4,59.1,1
2026-01-10T22:30:00,61.87,57.1,54.4,65.0,0.163,22,5,1,0.0,10.0,19.9,0,0,0,1,61.87,60.8,7.3,69.4,1
2026-01-10T22:48:00,57.41,53.0,58.3,65.0,0.103,22,5,1,0.0,10.0,22.1,0,0,0,1,57.41,55.2,6.6,59.6,0
2026-01-10T23:06:00,49.04,45.3,63.5,65.0,0.023,23,5,1,0.0,10.0,26.3,0,0,1,2,49.04,45.7,5.5,45.3,0
2026-01-10T23:24:00,62.85,58.0,55.5,65.0,0.146,23,5,1,0.0,10.0,31.7,0,0,0,2,62.85,61.4,7.4,71.9,1
2026-01-10T23:42:00,31.42,29.0,56.7,65.0,0.128,23,5,1,0.0,10.0,30.4,0,0,2,2,31.42,30.5,3.7,33.5,1
2026-01-11T00:00:00,22.96,21.2,57.1,65.0,0.122,0,6,1,0.0,10.0,33.1,0,0,1,2,22.96,22.2,2.7,24.7,1
2026-01-11T00:18:00,51.91,47.9,55.7,65.0,0.143,0,6,1,0.0,10.0,26.9,0,0,1,1,51.91,50.6,6.1,52.3,0
2026-01-11T00:36:00,21.0,19.4,61.2,65.0,0.058,0,6,1,0.0,10.0,16.6,0,0,1,1,21.0,19.9,2.4,23.8,1
2026-01-11T00:54:00,18.06,21.7,45.1,50.0,0.098,0,6,1,0.0,10.0,5.8,0,0,2,0,18.06,22.6,2.7,22.8,0
2026-01-11T01:12:00,29.03,26.8,49.6,65.0,0.237,1,6,1,2.6,2.3,23.6,0,0,1,2,29.03,29.3,3.5,33.8,1
2026-01-11T01:30:00,37.02,34.2,62.3,65.0,0.042,1,6,1,0.0,10.0,22.5,0,0,2,0,37.02,34.8,4.2,37.0,0
2026-01-11T01:48:00,61.93,57.2,55.0,65.0,0.154,1,6,1,0.0,10.0,24.6,0,0,2,0,61.93,60.7,7.3,67.2,1
2026-01-11T02:06:00,33.22,30.7,56.9,65.0,0.125,2,6,1,2.7,3.0,26.8,0,0,1,2,33.22,32.2,3.9,35.8,1
2026-01-11T02:24:00,54.71,50.5,54.1,65.0,0.168,2,6,1,0.0,10.0,27.5,0,0,0,1,54.71,53.9,6.5,60.3,1
2026-01-11T02:42:00,54.31,50.1,58.6,65.0,0.098,2,6,1,0.0,10.0,27.9,0,0,0,1,54.31,52.1,6.3,55.0,0
2026-01-11T03:00:00,10.88,13.1,36.8,50.0,0.264,3,6,1,4.5,3.3,22.4,0,0,0,0,10.88,14.5,2.0,16.9,1
2026-01-11T03:18:00,28.23,26.1,56.8,65.0,0.126,3,6,1,0.0,10.0,12.6,0,0,0,0,28.23,27.4,3.3,29.9,0
2026-01-11T03:36:00,25.18,23.2,51.5,65.0,0.208,3,6,1,5.0,3.8,23.2,0,0,1,2,25.18,25.1,3.0,37.1,1
2026-01-11T03:54:00,24.16,22.3,56.0,65.0,0.138,3,6,1,0.0,10.0,28.7,0,0,0,2,24.16,23.5,2.8,26.4,1
2026-01-11T04:12:00,17.16,20.6,40.3,50.0,0.194,4,6,1,0.0,10.0,26.7,0,0,1,2,17.16,22.2,2.7,21.4,0
2026-01-11T04:30:00,58.6,54.1,47.0,65.0,0.277,4,6,1,8.6,4.5,23.9,0,0,0,2,58.6,60.1,7.2,76.1,1
2026-01-11T04:48:00,11.79,14.1,43.0,50.0,0.14,4,6,1,0.0,10.0,27.6,0,0,2,2,11.79,14.9,2.0,14.1,0
2026-01-11T05:06:00,48.06,44.4,57.2,65.0,0.12,5,6,1,0.8,2.6,44.0,0,0,0,0,48.06,46.5,5.6,47.2,0
2026-01-11T05:24:00,61.7,57.0,31.1,65.0,0.522,5,6,1,0.0,10.0,19.6,1,3,0,0,61.7,68.9,8.3,119.1,1
2026-01-11T05:42:00,55.29,51.0,61.8,65.0,0.049,5,6,1,0.0,10.0,20.1,0,0,1,1,55.29,52.0,6.2,56.3,0
2026-01-11T06:00:00,44.81,41.4,54.9,65.0,0.155,6,6,1,0.6,5.0,28.3,0,0,1,1,44.81,44.0,5.3,47.0,0
2026-01-11T06:18:00,45.32,41.8,55.1,65.0,0.152,6,6,1,0.0,10.0,21.6,0,0,2,1,45.32,44.3,5.3,50.5,1
2026-01-11T06:36:00,14.02,16.8,44.5,50.0,0.11,6,6,1,0.0,10.0,15.7,0,0,0,2,14.02,17.5,2.1,17.8,0
2026-01-11T06:54:00,22.31,20.6,61.8,65.0,0.049,6,6,1,0.0,10.0,20.7,0,0,1,1,22.31,21.0,2.5,21.7,0
2026-01-11T07:12:00,43.28,40.0,54.5,65.0,0.162,7,6,1,0.0,10.0,34.8,0,0,0,1,43.28,42.6,5.1,51.7,1
2026-01-11T07:30:00,54.32,50.1,54.0,65.0,0.169,7,6,1,0.1,4.1,29.5,0,0,0,1,54.32,53.5,6.4,61.3,1
2026-01-11T07:48:00,41.35,38.2,33.0,65.0,0.492,7,6,1,0.0,10.0,14.4,1,3,0,2,41.35,45.7,5.5,77.0,1
2026-01-11T08:06:00,35.66,32.9,54.5,65.0,0.162,8,6,1,0.0,10.0,23.7,0,0,1,2,35.66,35.0,4.2,40.8,1
2026-01-11T08:24:00,31.7,29.3,56.4,65.0,0.132,8,6,1,0.0,10.0,22.3,0,0,1,1,31.7,30.8,3.7,32.9,0
2026-01-11T08:42:00,19.03,22.8,23.4,50.0,0.532,8,6,1,0.0,10.0,16.2,1,3,0,2,19.03,27.7,3.3,49.0,1
2026-01-11T09:00:00,59.97,55.4,56.3,65.0,0.134,9,6,1,0.0,10.0,36.6,0,0,1,0,59.97,58.4,7.0,62.3,0
2026-01-11T09:18:00,55.51,51.2,63.1,65.0,0.029,9,6,1,0.0,10.0,30.1,0,0,0,2,55.51,51.8,6.2,51.6,0
2026-01-11T09:36:00,24.57,22.7,57.8,65.0,0.111,9,6,1,0.0,10.0,26.5,0,0,1,1,24.57,23.7,2.8,28.2,1
2026-01-11T09:54:00,55.56,51.3,54.2,65.0,0.166,9,6,1,0.0,10.0,28.0,0,0,0,2,55.56,54.7,6.6,58.4,0
2026-01-11T10:12:00,41.21,38.0,57.3,65.0,0.118,10,6,1,0.0,10.0,25.7,0,0,0,1,41.21,39.8,4.8,43.7,1
2026-01-11T10:30:00,22.23,20.5,54.5,65.0,0.162,10,6,1,0.0,10.0,24.4,0,0,0,2,22.23,21.8,2.6,25.8,1
2026-01-11T10:48:00,42.4,39.1,49.5,65.0,0.238,10,6,1,0.0,10.0,28.0,0,0,0,1,42.4,42.8,5.1,53.2,1
2026-01-11T11:06:00,22.46,20.7,55.5,65.0,0.146,11,6,1,0.0,10.0,20.5,0,0,0,0,22.46,21.9,2.6,22.7,0
2026-01-11T11:24:00,51.87,47.9,51.2,65.0,0.212,11,6,1,0.0,10.0,30.6,0,0,1,2,51.87,52.0,6.2,63.1,1
2026-01-11T11:42:00,62.67,57.8,54.3,65.0,0.165,11,6,1,0.0,10.0,34.6,0,0,1,2,62.67,61.6,7.4,71.6,1
2026-01-11T12:00:00,23.52,21.7,57.9,65.0,0.109,12,6,1,0.0,10.0,25.5,0,0,0,2,23.52,22.6,2.7,25.6,1
2026-01-11T12:18:00,55.35,51.1,55.9,65.0,0.14,12,6,1,0.0,10.0,24.2,0,0,1,0,55.35,54.0,6.5,63.0,1
2026-01-11T12:36:00,34.16,31.5,59.0,65.0,0.092,12,6,1,0.0,10.0,27.9,0,0,1,1,34.16,32.7,3.9,35.0,0
2026-01-11T12:54:00,22.55,20.8,58.4,65.0,0.102,12,6,1,0.0,10.0,33.9,0,0,1,2,22.55,21.6,2.6,20.8,0
2026-01-11T13:12:00,43.96,40.6,52.6,65.0,0.191,13,6,1,0.0,10.0,22.2,0,0,1,2,43.96,43.7,5.2,49.0,1
2026-01-11T13:30:00,62.23,57.4,55.0,65.0,0.154,13,6,1,0.0,10.0,28.5,0,0,0,0,62.23,60.9,7.3,63.7,0
2026-01-11T13:48:00,35.82,33.1,61.4,65.0,0.055,13,6,1,0.0,10.0,22.4,0,0,1,1,35.82,33.8,4.1,33.1,0
2026-01-11T14:06:00,20.66,19.1,59.2,65.0,0.089,14,6,1,0.0,10.0,25.7,0,0,0,0,20.66,19.8,2.4,20.7,0
2026-01-11T14:24:00,64.86,59.9,60.7,65.0,0.066,14,6,1,0.0,10.0,24.1,0,0,1,2,64.86,61.5,7.4,65.4,0
2026-01-11T14:42:00,25.81,23.8,58.5,65.0,0.1,14,6,1,0.0,10.0,23.6,0,0,2,0,25.81,24.8,3.0,27.9,1
2026-01-11T15:00:00,42.34,39.1,57.1,65.0,0.122,15,6,1,0.0,10.0,23.6,0,0,0,0,42.34,41.0,4.9,42.9,0
2026-01-11T15:18:00,49.58,45.8,54.2,65.0,0.166,15,6,1,0.0,10.0,28.6,0,0,0,2,49.58,48.8,5.9,54.0,1
2026-01-11T15:36:00,40.88,37.7,50.9,65.0,0.217,15,6,1,2.6,4.7,28.0,0,0,2,2,40.88,41.0,4.9,45.2,1
2026-01-11T15:54:00,51.09,47.2,63.1,65.0,0.029,15,6,1,0.0,10.0,23.4,0,0,1,2,51.09,47.7,5.7,48.1,0
2026-01-11T16:12:00,58.76,54.2,58.7,65.0,0.097,16,6,1,0.0,10.0,30.1,0,0,0,1,58.76,56.3,6.8,60.6,0
2026-01-11T16:30:00,49.39,45.6,60.6,65.0,0.068,16,6,1,0.0,10.0,25.8,0,0,0,1,49.39,46.8,5.6,45.9,0
2026-01-11T16:48:00,55.64,51.4,58.8,65.0,0.095,16,6,1,0.0,10.0,23.1,0,0,2,0,55.64,53.4,6.4,58.6,0
2026-01-11T17:06:00,37.8,34.9,61.6,65.0,0.052,17,6,1,0.0,10.0,27.1,0,0,1,2,37.8,35.6,4.3,42.1,1
2026-01-11T17:24:00,23.52,21.7,59.6,65.0,0.083,17,6,1,0.0,10.0,35.7,0,0,1,2,23.52,22.4,2.7,24.2,0
2026-01-11T17:42:00,15.23,18.3,43.1,50.0,0.138,17,6,1,0.0,10.0,32.8,0,0,1,2,15.23,19.3,2.3,22.4,1
2026-01-11T18:00:00,9.91,11.9,45.9,50.0,0.082,18,6,1,0.0,10.0,32.9,0,0,0,2,9.91,12.3,2.0,11.9,0
2026-01-11T18:18:00,23.93,22.1,34.0,65.0,0.477,18,6,1,0.0,10.0,15.7,1,3,1,0,23.93,26.3,3.2,42.1,1
2026-01-11T18:36:00,8.3,10.0,41.4,50.0,0.172,18,6,1,0.0,10.0,26.0,0,0,1,1,8.3,10.7,2.0,13.8,1
2026-01-11T18:54:00,19.89,23.9,36.8,50.0,0.264,18,6,1,0.0,10.0,28.4,1,1,2,2,19.89,26.4,3.2,31.6,1
2026-01-11T19:12:00,33.35,30.8,54.0,65.0,0.169,19,6,1,0.0,4.8,26.1,0,0,2,1,33.35,32.9,3.9,41.8,1
2026-01-11T19:30:00,62.8,58.0,59.3,65.0,0.088,19,6,1,0.0,10.0,31.3,0,0,2,0,62.8,60.0,7.2,63.8,0
2026-01-11T19:48:00,38.09,35.2,60.2,65.0,0.074,19,6,1,0.0,10.0,29.6,0,0,0,0,38.09,36.2,4.3,39.1,0
2026-01-11T20:06:00,21.1,19.5,56.0,65.0,0.138,20,6,1,0.0,10.0,25.7,0,0,2,1,21.1,20.6,2.5,26.6,1
2026-01-11T20:24:00,24.43,22.6,54.1,65.0,0.168,20,6,1,0.0,10.0,21.0,0,0,2,1,24.43,24.1,2.9,24.7,0
2026-01-11T20:42:00,23.03,21.3,54.2,65.0,0.166,20,6,1,0.0,10.0,36.6,0,0,0,0,23.03,22.7,2.7,26.9,1
2026-01-11T21:00:00,33.87,31.3,52.6,65.0,0.191,21,6,1,0.0,10.0,21.0,0,0,0,1,33.87,33.7,4.0,37.5,1
2026-01-11T21:18:00,31.67,29.2,50.8,65.0,0.218,21,6,1,0.0,10.0,30.7,0,0,1,1,31.67,31.7,3.8,35.8,1
2026-01-11T21:36:00,45.24,41.8,54.0,65.0,0.169,21,6,1,3.5,4.9,37.7,0,0,2,0,45.24,44.6,5.4,49.6,1
2026-01-11T21:54:00,30.37,28.0,63.4,65.0,0.025,21,6,1,0.0,10.0,19.2,0,0,0,0,30.37,28.3,3.4,29.6,0
2026-01-11T22:12:00,55.8,51.5,55.7,65.0,0.143,22,6,1,0.0,10.0,18.3,0,0,0,1,55.8,54.4,6.5,59.0,0
2026-01-11T22:30:00,57.39,53.0,49.0,65.0,0.246,22,6,1,8.5,2.4,30.4,0,0,1,2,57.39,58.2,7.0,69.0,1
2026-01-11T22:48:00,40.55,37.4,58.2,65.0,0.105,22,6,1,0.0,10.0,31.8,0,0,0,2,40.55,39.0,4.7,37.4,0
2026-01-11T23:06:00,29.36,27.1,61.3,65.0,0.057,23,6,1,0.0,10.0,35.6,0,0,1,2,29.36,27.7,3.3,30.0,0
2026-01-11T23:24:00,42.82,39.5,56.3,65.0,0.134,23,6,1,0.0,10.0,26.8,0,0,0,2,42.82,41.6,5.0,44.7,0
2026-01-11T23:42:00,37.22,34.4,55.0,65.0,0.154,23,6,1,0.0,10.0,28.4,0,0,2,2,37.22,36.5,4.4,44.2,1
2026-01-12T00:00:00,40.56,37.4,56.6,65.0,0.129,0,0,0,0.0,10.0,24.9,0,0,0,0,40.56,39.3,4.7,42.9,0
2026-01-12T00:18:00,31.68,29.2,59.3,65.0,0.088,0,0,0,0.0,10.0,28.4,0,0,0,2,31.68,30.2,3.6,34.0,1
2026-01-12T00:36:00,25.64,23.7,60.3,65.0,0.072,0,0,0,0.0,10.0,30.5,0,0,0,1,25.64,24.4,2.9,28.9,1
2026-01-12T00:54:00,33.47,30.9,56.7,65.0,0.128,0,0,0,0.0,10.0,30.3,0,0,2,2,33.47,32.5,3.9,33.0,0
2026-01-12T01:12:00,26.01,24.0,58.0,65.0,0.108,1,0,0,0.0,10.0,22.1,0,0,0,2,26.01,25.0,3.0,24.6,0
2026-01-12T01:30:00,63.71,58.8,54.9,65.0,0.155,1,0,0,2.1,2.3,34.1,0,0,1,2,63.71,62.4,7.5,68.1,1
2026-01-12T01:48:00,16.27,19.5,47.3,50.0,0.054,1,0,0,0.0,10.0,30.8,0,0,0,2,16.27,19.9,2.4,23.2,1
2026-01-12T02:06:00,55.11,50.9,58.6,65.0,0.098,2,0,0,0.0,10.0,31.1,0,0,0,0,55.11,52.9,6.3,60.1,1
2026-01-12T02:24:00,59.18,54.6,57.5,65.0,0.115,2,0,0,0.1,4.1,30.9,0,0,0,2,59.18,57.1,6.9,61.2,0
2026-01-12T02:42:00,31.42,29.0,54.9,65.0,0.155,2,0,0,1.1,4.4,31.0,0,0,0,2,31.42,30.8,3.7,38.3,1
2026-01-12T03:00:00,26.42,24.4,53.4,65.0,0.178,3,0,0,0.0,10.0,33.1,0,0,1,0,26.42,26.1,3.1,32.5,1
2026-01-12T03:18:00,62.78,58.0,60.3,65.0,0.072,3,0,0,0.0,10.0,39.4,0,0,1,2,62.78,59.7,7.2,59.9,0
2026-01-12T03:36:00,27.68,25.6,46.6,65.0,0.283,3,0,0,0.0,10.0,25.7,1,1,0,1,27.68,28.5,3.4,36.0,1
2026-01-12T03:54:00,56.05,51.7,52.4,65.0,0.194,3,0,0,0.0,10.0,24.5,0,0,1,2,56.05,55.7,6.7,62.2,1
2026-01-12T04:12:00,49.21,45.4,53.6,65.0,0.175,4,0,0,0.0,10.0,22.3,0,0,0,1,49.21,48.6,5.8,56.6,1
2026-01-12T04:30:00,11.39,13.7,45.0,50.0,0.1,4,0,0,0.0,10.0,30.2,0,0,2,1,11.39,14.2,2.0,15.9,1
2026-01-12T04:48:00,23.34,21.5,57.3,65.0,0.118,4,0,0,0.0,10.0,23.1,0,0,2,0,23.34,22.5,2.7,25.1,1
2026-01-12T05:06:00,53.93,49.8,55.7,65.0,0.143,5,0,0,0.0,10.0,24.3,0,0,0,1,53.93,52.6,6.3,62.5,1
2026-01-12T05:24:00,59.96,55.3,60.9,65.0,0.063,5,0,0,0.0,10.0,23.2,0,0,1,2,59.96,56.7,6.8,55.3,0
2026-01-12T05:42:00,61.47,56.7,31.4,65.0,0.517,5,0,0,0.0,10.0,19.3,1,3,1,2,61.47,68.4,8.2,112.5,1
2026-01-12T06:00:00,31.65,29.2,58.7,65.0,0.097,6,0,0,0.0,10.0,32.4,0,0,1,1,31.65,30.3,3.6,31.7,0
2026-01-12T06:18:00,25.89,23.9,58.1,65.0,0.106,6,0,0,0.0,10.0,13.2,0,0,1,0,25.89,24.9,3.0,25.0,0
2026-01-12T06:36:00,49.59,45.8,44.0,65.0,0.323,6,0,0,7.5,4.6,39.6,0,0,1,0,49.59,51.7,6.2,72.8,1
2026-01-12T06:54:00,54.52,50.3,53.4,65.0,0.178,6,0,0,0.0,10.0,18.4,0,0,0,1,54.52,53.9,6.5,62.4,1
2026-01-12T07:12:00,51.91,47.9,62.4,65.0,0.04,7,0,0,0.0,10.0,21.2,0,0,1,2,51.91,48.7,5.8,50.2,0
2026-01-12T07:30:00,24.53,22.6,53.3,65.0,0.18,7,0,0,0.0,10.0,19.3,0,0,0,2,24.53,24.2,2.9,29.9,1
2026-01-12T07:48:00,61.22,56.5,55.1,65.0,0.152,7,0,0,0.0,10.0,31.4,0,0,2,2,61.22,59.9,7.2,65.6,1
2026-01-12T08:06:00,30.59,28.2,38.3,65.0,0.411,8,0,0,0.0,10.0,28.1,0,0,1,1,30.59,32.8,3.9,47.0,1
2026-01-12T08:24:00,29.31,27.1,41.9,65.0,0.355,8,0,0,0.0,10.0,25.6,0,0,1,0,29.31,30.9,3.7,40.6,1
2026-01-12T08:42:00,48.58,44.8,39.7,65.0,0.389,8,0,0,0.0,10.0,30.1,0,0,0,2,48.58,51.8,6.2,70.9,1
2026-01-12T09:00:00,28.7,26.5,34.0,65.0,0.477,9,0,0,4.0,3.3,30.1,0,0,0,2,28.7,31.6,3.8,47.2,1
2026-01-12T09:18:00,21.45,19.8,31.1,65.0,0.522,9,0,0,0.0,10.0,32.4,1,1,0,2,21.45,23.9,2.9,43.2,1
2026-01-12T09:36:00,27.41,25.3,40.6,65.0,0.375,9,0,0,0.0,10.0,18.3,0,0,0,2,27.41,29.1,3.5,41.5,1
2026-01-12T09:54:00,14.85,17.8,32.4,50.0,0.352,9,0,0,0.0,10.0,22.4,0,0,1,1,14.85,20.3,2.4,31.2,1
2026-01-12T10:12:00,46.96,43.3,27.6,65.0,0.575,10,0,0,9.4,2.3,35.5,0,0,2,2,46.96,53.3,6.4,102.6,1
2026-01-12T10:30:00,63.92,59.0,37.9,65.0,0.417,10,0,0,0.0,10.0,28.5,0,0,0,1,63.92,68.8,8.3,104.6,1
2026-01-12T10:48:00,63.78,58.9,38.3,65.0,0.411,10,0,0,0.0,10.0,24.0,0,0,0,1,63.78,68.6,8.2,100.6,1
2026-01-12T11:06:00,26.48,24.4,58.5,65.0,0.1,11,0,0,2.0,2.8,15.3,0,0,0,1,26.48,25.4,3.0,29.3,1
2026-01-12T11:24:00,28.52,26.3,55.8,65.0,0.142,11,0,0,0.0,10.0,26.3,0,0,1,1,28.52,27.8,3.3,29.0,0
2026-01-12T11:42:00,64.78,59.8,56.3,65.0,0.134,11,0,0,0.7,2.4,22.4,0,0,0,0,64.78,63.0,7.6,65.3,0
2026-01-12T12:00:00,9.98,12.0,48.6,50.0,0.028,12,0,0,0.0,10.0,36.9,0,0,1,2,9.98,12.1,2.0,12.3,0
2026-01-12T12:18:00,15.62,18.7,44.9,50.0,0.102,12,0,0,0.0,10.0,35.1,0,0,0,2,15.62,19.5,2.3,18.7,0
2026-01-12T12:36:00,9.43,11.3,45.7,50.0,0.086,12,0,0,0.0,10.0,30.2,0,0,2,1,9.43,11.7,2.0,12.1,0
2026-01-12T12:54:00,32.91,30.4,61.0,65.0,0.062,12,0,0,0.0,10.0,32.6,0,0,1,0,32.91,31.2,3.7,32.6,0
2026-01-12T13:12:00,47.8,44.1,56.0,65.0,0.138,13,0,0,0.0,10.0,26.9,0,0,0,2,47.8,46.5,5.6,54.9,1
2026-01-12T13:30:00,64.61,59.6,57.3,65.0,0.118,13,0,0,0.0,10.0,29.9,0,0,1,0,64.61,62.4,7.5,67.7,0
2026-01-12T13:48:00,61.91,57.1,56.6,65.0,0.129,13,0,0,0.0,10.0,22.8,0,0,0,2,61.91,60.0,7.2,64.3,0
2026-01-12T14:06:00,38.98,36.0,60.8,65.0,0.065,14,0,0,0.0,10.0,20.7,0,0,1,0,38.98,36.9,4.4,41.0,0
2026-01-12T14:24:00,14.33,17.2,43.4,50.0,0.132,14,0,0,0.0,10.0,20.8,0,0,0,2,14.33,18.1,2.2,18.6,0
2026-01-12T14:42:00,42.65,39.4,58.8,65.0,0.095,14,0,0,0.0,10.0,21.1,0,0,1,2,42.65,40.9,4.9,43.3,0
2026-01-12T15:00:00,51.47,47.5,56.3,65.0,0.134,15,0,0,0.0,10.0,31.7,0,0,1,0,51.47,50.0,6.0,53.8,0
2026-01-12T15:18:00,8.59,10.3,44.7,50.0,0.106,15,0,0,0.0,10.0,33.1,0,0,2,2,8.59,10.7,2.0,11.7,0
2026-01-12T15:36:00,11.58,13.9,48.8,50.0,0.024,15,0,0,0.0,10.0,32.4,0,0,0,2,11.58,14.0,2.0,14.2,0
2026-01-12T15:54:00,17.15,20.6,41.9,50.0,0.162,15,0,0,0.0,10.0,16.2,0,0,1,1,17.15,21.9,2.6,24.9,1
2026-01-12T16:12:00,46.24,42.7,51.7,65.0,0.205,16,0,0,0.0,10.0,25.4,0,0,1,0,46.24,46.2,5.5,51.9,1
2026-01-12T16:30:00,11.68,14.0,46.5,50.0,0.07,16,0,0,0.0,10.0,30.3,0,0,0,2,11.68,14.4,2.0,14.0,0
2026-01-12T16:48:00,56.45,52.1,55.8,65.0,0.142,16,0,0,0.0,10.0,33.3,0,0,0,2,56.45,55.1,6.6,60.7,1
2026-01-12T17:06:00,27.61,25.5,39.3,65.0,0.395,17,0,0,0.0,10.0,26.5,0,0,0,1,27.61,29.5,3.5,43.9,1
2026-01-12T17:24:00,29.56,27.3,41.0,65.0,0.369,17,0,0,0.0,10.0,31.5,0,0,1,2,29.56,31.3,3.8,43.2,1
2026-01-12T17:42:00,31.94,29.5,43.0,65.0,0.338,17,0,0,0.0,10.0,16.5,0,0,0,1,31.94,33.5,4.0,47.6,1
2026-01-12T18:00:00,11.02,13.2,26.4,50.0,0.472,18,0,0,0.0,10.0,30.4,0,0,2,2,11.02,15.7,2.0,23.0,1
2026-01-12T18:18:00,59.1,54.6,37.9,65.0,0.417,18,0,0,0.0,10.0,21.3,0,0,1,2,59.1,63.7,7.6,95.1,1
2026-01-12T18:36:00,50.35,46.5,45.1,65.0,0.306,18,0,0,0.0,10.0,28.2,0,0,2,2,50.35,52.2,6.3,69.3,1
2026-01-12T18:54:00,62.95,58.1,18.0,65.0,0.723,18,0,0,0.1,2.2,17.6,1,3,1,1,62.95,74.9,9.0,210.5,1
2026-01-12T19:12:00,62.5,57.7,40.0,65.0,0.385,19,0,0,1.0,4.8,27.9,0,0,0,1,62.5,66.6,8.0,92.1,1
2026-01-12T19:30:00,54.19,50.0,33.9,65.0,0.478,19,0,0,2.2,4.8,23.7,0,0,0,2,54.19,59.6,7.2,96.4,1
2026-01-12T19:48:00,25.63,23.7,40.8,65.0,0.372,19,0,0,0.0,10.0,31.6,0,0,0,1,25.63,27.2,3.3,40.2,1
2026-01-12T20:06:00,26.2,24.2,40.1,65.0,0.383,20,0,0,0.0,10.0,33.8,0,0,1,2,26.2,27.9,3.3,41.2,1
2026-01-12T20:24:00,32.19,29.7,25.1,65.0,0.614,20,0,0,0.0,10.0,34.3,1,1,1,2,32.19,37.0,4.4,77.8,1
2026-01-12T20:42:00,13.41,16.1,27.6,50.0,0.448,20,0,0,0.0,10.0,27.5,0,0,0,2,13.41,19.0,2.3,29.8,1
2026-01-12T21:00:00,62.48,57.7,58.8,65.0,0.095,21,0,0,0.0,10.0,33.2,0,0,2,1,62.48,59.9,7.2,66.3,0
2026-01-12T21:18:00,53.75,49.6,55.5,65.0,0.146,21,0,0,0.0,10.0,23.8,0,0,0,0,53.75,52.5,6.3,57.6,1
2026-01-12T21:36:00,40.09,37.0,54.6,65.0,0.16,21,0,0,0.0,10.0,21.0,0,0,0,0,40.09,39.4,4.7,46.6,1
2026-01-12T21:54:00,24.69,22.8,54.2,65.0,0.166,21,0,0,2.3,2.9,30.9,0,0,0,2,24.69,24.3,2.9,28.8,1
2026-01-12T22:12:00,24.0,22.2,53.6,65.0,0.175,22,0,0,0.0,10.0,21.7,0,0,0,2,24.0,23.8,2.9,25.7,1
2026-01-12T22:30:00,14.04,16.8,37.7,50.0,0.246,22,0,0,5.7,2.4,21.7,0,0,0,2,14.04,18.5,2.2,25.9,1
2026-01-12T22:48:00,50.0,46.2,44.1,65.0,0.322,22,0,0,0.0,10.0,19.5,1,1,1,0,50.0,52.2,6.3,67.6,1
2026-01-12T23:06:00,31.26,28.9,59.8,65.0,0.08,23,0,0,0.0,10.0,19.9,0,0,0,0,31.26,29.8,3.6,32.2,0
2026-01-12T23:24:00,64.61,59.6,40.1,65.0,0.383,23,0,0,0.9,4.9,34.2,1,2,1,2,64.61,68.7,8.2,95.5,1
2026-01-12T23:42:00,34.63,32.0,58.4,65.0,0.102,23,0,0,0.0,10.0,17.4,0,0,1,1,34.63,33.3,4.0,35.7,0
2026-01-13T00:00:00,61.98,57.2,59.7,65.0,0.082,0,1,0,0.0,10.0,25.2,0,0,0,1,61.98,59.1,7.1,61.8,0
2026-01-13T00:18:00,25.44,23.5,62.4,65.0,0.04,0,1,0,0.0,10.0,44.9,0,0,1,0,25.44,23.9,2.9,23.5,0
2026-01-13T00:36:00,36.47,33.7,57.4,65.0,0.117,0,1,0,2.0,3.4,25.6,0,0,0,0,36.47,35.3,4.2,37.9,0
2026-01-13T00:54:00,11.63,14.0,42.5,50.0,0.15,0,1,0,0.0,10.0,27.2,0,0,0,2,11.63,14.8,2.0,16.5,1
2026-01-13T01:12:00,41.85,38.6,56.6,65.0,0.129,1,1,0,0.0,10.0,32.0,0,0,2,0,41.85,40.6,4.9,48.4,1
2026-01-13T01:30:00,31.75,29.3,58.8,65.0,0.095,1,1,0,0.0,10.0,21.6,0,0,0,1,31.75,30.4,3.6,38.4,1
2026-01-13T01:48:00,8.68,10.4,37.0,50.0,0.26,1,1,0,0.0,10.0,20.3,0,0,1,1,8.68,11.5,2.0,17.3,1
2026-01-13T02:06:00,59.64,55.1,59.0,65.0,0.092,2,1,0,0.0,10.0,31.6,0,0,1,1,59.64,57.1,6.9,57.6,0
2026-01-13T02:24:00,55.48,51.2,60.4,65.0,0.071,2,1,0,0.0,10.0,33.9,0,0,2,0,55.48,52.7,6.3,58.9,1
2026-01-13T02:42:00,20.18,18.6,58.3,65.0,0.103,2,1,0,0.0,10.0,33.7,0,0,1,0,20.18,19.4,2.3,19.7,0
2026-01-13T03:00:00,24.06,22.2,56.8,65.0,0.126,3,1,0,0.0,10.0,20.9,0,0,0,2,24.06,23.3,2.8,23.1,0
2026-01-13T03:18:00,49.84,46.0,53.7,65.0,0.174,3,1,0,3.4,4.3,22.4,0,0,1,2,49.84,49.2,5.9,56.6,1
2026-01-13T03:36:00,52.31,48.3,55.4,65.0,0.148,3,1,0,0.0,10.0,19.7,0,0,1,2,52.31,51.2,6.1,55.3,0
2026-01-13T03:54:00,53.94,49.8,55.1,65.0,0.152,3,1,0,0.0,10.0,29.0,0,0,0,2,53.94,52.8,6.3,59.1,1
2026-01-13T04:12:00,38.67,35.7,36.8,65.0,0.434,4,1,0,0.0,10.0,26.8,1,3,1,2,38.67,41.9,5.0,62.2,1
2026-01-13T04:30:00,51.98,48.0,54.5,65.0,0.162,4,1,0,0.0,10.0,23.5,0,0,0,2,51.98,51.1,6.1,56.0,1
2026-01-13T04:48:00,8.92,10.7,42.9,50.0,0.142,4,1,0,0.7,2.3,28.5,0,0,1,2,8.92,11.3,2.0,10.7,0
2026-01-13T05:06:00,17.0,20.4,41.3,50.0,0.174,5,1,0,0.0,10.0,27.5,0,0,1,1,17.0,21.8,2.6,23.7,1
2026-01-13T05:24:00,24.07,22.2,57.4,65.0,0.117,5,1,0,0.0,10.0,19.7,0,0,1,2,24.07,23.2,2.8,25.4,0
2026-01-13T05:42:00,24.77,22.9,53.1,65.0,0.183,5,1,0,5.0,2.9,24.6,0,0,0,0,24.77,24.6,3.0,24.7,0
2026-01-13T06:00:00,48.07,44.4,55.3,65.0,0.149,6,1,0,1.9,3.2,34.3,0,0,0,1,48.07,47.0,5.6,49.1,0
2026-01-13T06:18:00,24.67,22.8,53.2,65.0,0.182,6,1,0,0.0,10.0,33.5,0,0,1,2,24.67,24.5,2.9,25.4,0
2026-01-13T06:36:00,12.71,15.3,41.0,50.0,0.18,6,1,0,0.7,3.5,27.3,0,0,0,0,12.71,16.4,2.0,18.9,1
2026-01-13T06:54:00,31.94,29.5,52.5,65.0,0.192,6,1,0,0.0,10.0,26.9,0,0,1,1,31.94,31.8,3.8,35.8,1
2026-01-13T07:12:00,54.98,50.8,58.7,65.0,0.097,7,1,0,0.0,10.0,24.3,0,0,1,1,54.98,52.8,6.3,53.9,0
2026-01-13T07:30:00,13.61,16.3,45.2,50.0,0.096,7,1,0,0.0,10.0,31.4,0,0,2,2,13.61,16.9,2.0,16.9,0
2026-01-13T07:48:00,54.59,50.4,43.2,65.0,0.335,7,1,0,0.0,10.0,14.5,1,2,1,2,54.59,57.2,6.9,75.1,1
2026-01-13T08:06:00,55.41,51.1,42.7,65.0,0.343,8,1,0,0.0,10.0,24.0,0,0,0,0,55.41,58.1,7.0,73.4,1
2026-01-13T08:24:00,28.81,26.6,42.6,65.0,0.345,8,1,0,0.0,10.0,31.2,0,0,1,1,28.81,30.3,3.6,42.8,1
2026-01-13T08:42:00,64.23,59.3,39.4,65.0,0.394,8,1,0,0.0,10.0,39.5,0,0,0,2,64.23,68.6,8.2,98.8,1
2026-01-13T09:00:00,37.3,34.4,35.4,65.0,0.455,9,1,0,0.0,10.0,39.3,0,0,0,1,37.3,40.7,4.9,62.4,1
2026-01-13T09:18:00,41.88,38.7,36.2,65.0,0.443,9,1,0,0.0,10.0,28.9,0,0,0,1,41.88,45.6,5.5,68.1,1
2026-01-13T09:36:00,42.74,39.5,37.5,65.0,0.423,9,1,0,0.0,10.0,17.6,0,0,0,0,42.74,46.2,5.5,67.9,1
2026-01-13T09:54:00,57.24,52.8,41.7,65.0,0.358,9,1,0,0.0,10.0,29.6,0,0,0,0,57.24,60.4,7.2,78.6,1
2026-01-13T10:12:00,8.3,10.0,27.5,50.0,0.45,10,1,0,0.0,10.0,19.4,0,0,2,1,8.3,11.8,2.0,17.0,1
2026-01-13T10:30:00,37.61,34.7,34.3,65.0,0.472,10,1,0,0.0,10.0,31.0,1,1,1,2,37.61,41.3,5.0,67.3,1
2026-01-13T10:48:00,32.26,29.8,45.1,65.0,0.306,10,1,0,0.0,10.0,32.8,0,0,0,2,32.26,33.4,4.0,45.5,1
2026-01-13T11:06:00,47.18,43.6,59.5,65.0,0.085,11,1,0,0.0,10.0,35.2,0,0,0,1,47.18,45.1,5.4,49.4,0
2026-01-13T11:24:00,29.29,27.0,59.9,65.0,0.078,11,1,0,0.0,10.0,30.0,0,0,0,1,29.29,27.8,3.3,30.9,0
2026-01-13T11:42:00,43.62,40.3,42.7,65.0,0.343,11,1,0,10.6,4.4,38.2,0,0,0,2,43.62,45.8,5.5,61.5,1
2026-01-13T12:00:00,47.31,43.7,64.7,65.0,0.005,12,1,0,0.0,10.0,35.1,0,0,0,2,47.31,43.8,5.3,49.0,0
2026-01-13T12:18:00,60.12,55.5,54.0,65.0,0.169,12,1,0,5.2,3.9,23.8,0,0,1,2,60.12,59.3,7.1,63.9,1
2026-01-13T12:36:00,38.41,35.5,52.0,65.0,0.2,12,1,0,7.2,3.5,24.0,0,0,0,2,38.41,38.3,4.6,45.2,1
2026-01-13T12:54:00,9.24,11.1,49.1,50.0,0.018,12,1,0,0.0,10.0,17.6,0,0,1,0,9.24,11.2,2.0,12.9,1
2026-01-13T13:12:00,15.88,19.1,39.1,50.0,0.218,13,1,0,0.0,10.0,16.1,0,0,0,1,15.88,20.8,2.5,24.8,1
2026-01-13T13:30:00,60.87,56.2,54.4,65.0,0.163,13,1,0,0.0,10.0,26.9,0,0,2,1,60.87,59.9,7.2,63.7,0
2026-01-13T13:48:00,24.85,22.9,59.9,65.0,0.078,13,1,0,0.0,10.0,32.2,0,0,1,2,24.85,23.6,2.8,24.4,0
2026-01-13T14:06:00,56.89,52.5,58.1,65.0,0.106,14,1,0,0.0,10.0,30.7,0,0,1,1,56.89,54.7,6.6,56.9,0
2026-01-13T14:24:00,37.83,34.9,47.8,65.0,0.265,14,1,0,9.5,4.1,31.7,0,0,0,1,37.83,38.6,4.6,50.0,1
2026-01-13T14:42:00,53.74,49.6,58.1,65.0,0.106,14,1,0,1.7,2.1,29.1,0,0,0,2,53.74,51.7,6.2,56.2,0
2026-01-13T15:00:00,59.92,55.3,57.5,65.0,0.115,15,1,0,0.0,10.0,36.3,0,0,0,2,59.92,57.8,6.9,61.2,0
2026-01-13T15:18:00,61.04,56.3,52.0,65.0,0.2,15,1,0,0.0,10.0,20.4,0,0,1,0,61.04,60.8,7.3,70.3,1
2026-01-13T15:36:00,21.62,20.0,49.7,65.0,0.235,15,1,0,3.4,3.7,37.2,0,0,0,2,21.62,21.9,2.6,28.6,1
2026-01-13T15:54:00,62.77,57.9,62.3,65.0,0.042,15,1,0,0.0,10.0,25.9,0,0,2,2,62.77,58.9,7.1,62.4,0
2026-01-13T16:12:00,38.5,35.5,59.7,65.0,0.082,16,1,0,0.0,10.0,20.2,0,0,1,2,38.5,36.7,4.4,37.3,0
2026-01-13T16:30:00,61.51,56.8,53.8,65.0,0.172,16,1,0,0.0,10.0,34.1,0,0,1,2,61.51,60.7,7.3,73.2,1
2026-01-13T16:48:00,55.55,51.3,53.8,65.0,0.172,16,1,0,0.0,10.0,29.9,0,0,1,2,55.55,54.8,6.6,59.1,1
2026-01-13T17:06:00,26.14,24.1,36.9,65.0,0.432,17,1,0,0.0,10.0,30.7,0,0,0,2,26.14,28.3,3.4,40.8,1
2026-01-13T17:24:00,38.49,35.5,38.4,65.0,0.409,17,1,0,0.0,10.0,24.6,0,0,0,1,38.49,41.3,5.0,63.6,1
2026-01-13T17:42:00,39.12,36.1,38.9,65.0,0.402,17,1,0,0.0,10.0,36.9,0,0,0,1,39.12,41.9,5.0,59.3,1
2026-01-13T18:00:00,34.19,31.6,37.1,65.0,0.429,18,1,0,0.0,10.0,22.6,0,0,1,2,34.19,37.0,4.4,58.3,1
2026-01-13T18:18:00,35.42,32.7,36.7,65.0,0.435,18,1,0,0.0,10.0,28.1,0,0,1,2,35.42,38.4,4.6,58.2,1
2026-01-13T18:36:00,57.98,53.5,30.6,65.0,0.529,18,1,0,7.3,3.5,20.1,0,0,2,2,57.98,64.8,7.8,114.5,1
2026-01-13T18:54:00,53.38,49.3,31.3,65.0,0.518,18,1,0,3.5,3.8,17.6,0,0,1,1,53.38,59.5,7.1,101.6,1
2026-01-13T19:12:00,38.36,35.4,38.6,65.0,0.406,19,1,0,0.0,10.0,32.2,0,0,1,1,38.36,41.1,4.9,55.5,1
2026-01-13T19:30:00,14.86,17.8,18.0,50.0,0.64,19,1,0,5.0,2.7,24.9,1,3,0,2,14.86,22.4,2.7,46.9,1
2026-01-13T19:48:00,31.63,29.2,31.0,65.0,0.523,19,1,0,6.4,3.5,24.6,0,0,0,2,31.63,35.3,4.2,64.4,1
2026-01-13T20:06:00,30.9,28.5,42.2,65.0,0.351,20,1,0,0.0,10.0,27.8,0,0,1,2,30.9,32.5,3.9,42.5,1
2026-01-13T20:24:00,64.4,59.4,38.1,65.0,0.414,20,1,0,0.0,10.0,32.0,0,0,0,2,64.4,69.2,8.3,103.2,1
2026-01-13T20:42:00,40.29,37.2,42.4,65.0,0.348,20,1,0,0.0,10.0,31.1,0,0,1,2,40.29,42.4,5.1,54.3,1
2026-01-13T21:00:00,12.37,14.8,44.4,50.0,0.112,21,1,0,0.0,10.0,27.2,0,0,2,0,12.37,15.5,2.0,20.0,1
2026-01-13T21:18:00,54.5,50.3,60.9,65.0,0.063,21,1,0,0.0,10.0,27.3,0,0,0,1,54.5,51.6,6.2,57.7,0
2026-01-13T21:36:00,53.33,49.2,53.9,65.0,0.171,21,1,0,0.0,10.0,41.8,0,0,1,1,53.33,52.6,6.3,59.4,1
2026-01-13T21:54:00,13.04,15.6,37.3,50.0,0.254,21,1,0,5.5,2.8,24.8,0,0,2,2,13.04,17.2,2.1,25.0,1
2026-01-13T22:12:00,23.32,21.5,62.5,65.0,0.038,22,1,0,0.0,10.0,29.7,0,0,1,2,23.32,21.8,2.6,21.5,0
2026-01-13T22:30:00,43.12,39.8,54.8,65.0,0.157,22,1,0,0.0,10.0,22.6,0,0,2,0,43.12,42.3,5.1,47.0,1
2026-01-13T22:48:00,18.16,21.8,39.5,50.0,0.21,22,1,0,0.0,10.0,20.0,0,0,1,2,18.16,23.6,2.8,31.1,1
2026-01-13T23:06:00,17.93,21.5,47.9,50.0,0.042,23,1,0,0.0,10.0,22.0,0,0,2,2,17.93,21.9,2.6,21.5,0
2026-01-13T23:24:00,29.83,27.5,58.0,65.0,0.108,23,1,0,0.0,10.0,32.7,0,0,0,2,29.83,28.7,3.4,27.5,0
2026-01-13T23:42:00,54.87,50.6,65.0,65.0,0.0,23,1,0,0.0,10.0,29.0,0,0,0,1,54.87,50.6,6.1,51.7,0
2026-01-14T00:00:00,18.75,22.5,42.2,50.0,0.156,0,2,0,2.8,4.1,30.3,0,0,1,2,18.75,23.9,2.9,29.0,1
2026-01-14T00:18:00,12.55,15.1,49.8,50.0,0.004,0,2,0,0.0,10.0,29.1,0,0,2,2,12.55,15.1,2.0,17.1,0
2026-01-14T00:36:00,9.68,11.6,44.4,50.0,0.112,0,2,0,0.0,10.0,24.0,0,0,1,1,9.68,12.1,2.0,11.7,0
2026-01-14T00:54:00,41.06,37.9,53.0,65.0,0.185,0,2,0,0.0,10.0,25.8,0,0,1,1,41.06,40.7,4.9,48.7,1
2026-01-14T01:12:00,15.36,18.4,42.8,50.0,0.144,1,2,0,0.0,10.0,19.8,0,0,0,2,15.36,19.5,2.3,20.9,0
2026-01-14T01:30:00,42.01,38.8,25.8,65.0,0.603,1,2,0,4.2,2.2,26.3,1,3,1,2,42.01,48.2,5.8,97.6,1
2026-01-14T01:48:00,38.07,35.1,59.6,65.0,0.083,1,2,0,0.0,10.0,27.5,0,0,0,0,38.07,36.3,4.4,36.5,0
2026-01-14T02:06:00,56.12,51.8,55.8,65.0,0.142,2,2,0,0.0,10.0,32.7,0,0,1,2,56.12,54.7,6.6,61.5,1
2026-01-14T02:24:00,24.96,23.0,43.5,65.0,0.331,2,2,0,0.0,10.0,21.5,1,2,0,1,24.96,26.0,3.1,34.5,1
2026-01-14T02:42:00,40.07,37.0,55.0,65.0,0.154,2,2,0,0.6,4.4,26.0,0,0,0,2,40.07,39.3,4.7,39.4,0
2026-01-14T03:00:00,46.37,42.8,55.5,65.0,0.146,3,2,0,0.0,10.0,28.3,0,0,0,2,46.37,45.3,5.4,52.3,1
2026-01-14T03:18:00,49.13,45.4,60.6,65.0,0.068,3,2,0,0.0,10.0,21.1,0,0,0,2,49.13,46.6,5.6,46.3,0
2026-01-14T03:36:00,26.0,24.0,46.2,65.0,0.289,3,2,0,0.0,10.0,19.9,1,2,0,2,26.0,26.8,3.2,35.8,1
2026-01-14T03:54:00,53.85,49.7,56.4,65.0,0.132,3,2,0,0.0,10.0,17.9,0,0,1,2,53.85,52.3,6.3,55.4,0
2026-01-14T04:12:00,27.86,25.7,63.6,65.0,0.022,4,2,0,0.0,10.0,23.9,0,0,0,0,27.86,25.9,3.1,26.5,0
2026-01-14T04:30:00,49.95,46.1,55.2,65.0,0.151,4,2,0,0.0,10.0,18.0,0,0,0,1,49.95,48.9,5.9,48.7,0
2026-01-14T04:48:00,24.43,22.6,40.4,65.0,0.378,4,2,0,0.0,10.0,37.5,1,3,1,2,24.43,26.0,3.1,38.0,1
2026-01-14T05:06:00,23.74,21.9,58.8,65.0,0.095,5,2,0,0.0,10.0,19.3,0,0,1,2,23.74,22.7,2.7,24.2,0
2026-01-14T05:24:00,28.71,26.5,54.7,65.0,0.158,5,2,0,0.0,10.0,35.0,0,0,0,2,28.71,28.2,3.4,35.6,1
2026-01-14T05:42:00,42.34,39.1,55.3,65.0,0.149,5,2,0,0.3,2.6,33.0,0,0,0,2,42.34,41.4,5.0,47.0,1
2026-01-14T06:00:00,31.73,29.3,61.0,65.0,0.062,6,2,0,0.0,10.0,21.0,0,0,2,2,31.73,30.0,3.6,29.3,0
2026-01-14T06:18:00,36.91,34.1,58.0,65.0,0.108,6,2,0,0.0,10.0,32.1,0,0,0,1,36.91,35.6,4.3,41.1,1
2026-01-14T06:36:00,48.46,44.7,54.5,65.0,0.162,6,2,0,2.0,4.5,15.2,0,0,0,2,48.46,47.6,5.7,50.7,0
2026-01-14T06:54:00,48.64,44.9,52.1,65.0,0.198,6,2,0,0.0,10.0,35.1,0,0,0,2,48.64,48.5,5.8,53.5,1
2026-01-14T07:12:00,32.0,29.5,57.7,65.0,0.112,7,2,0,2.5,3.4,31.2,0,0,0,1,32.0,30.8,3.7,31.3,0
2026-01-14T07:30:00,60.14,55.5,61.4,65.0,0.055,7,2,0,0.2,2.6,29.8,0,0,0,2,60.14,56.7,6.8,59.0,0
2026-01-14T07:48:00,28.42,26.2,57.1,65.0,0.122,7,2,0,0.0,10.0,27.2,0,0,0,2,28.42,27.5,3.3,27.3,0
2026-01-14T08:06:00,17.41,20.9,30.3,50.0,0.394,8,2,0,0.0,10.0,33.1,0,0,2,2,17.41,24.2,2.9,30.0,1
2026-01-14T08:24:00,40.07,37.0,39.1,65.0,0.398,8,2,0,0.0,10.0,18.1,0,0,2,0,40.07,42.9,5.1,58.7,1
2026-01-14T08:42:00,60.06,55.4,40.9,65.0,0.371,8,2,0,0.0,10.0,33.2,0,0,1,1,60.06,63.6,7.6,90.0,1
2026-01-14T09:00:00,19.01,22.8,28.3,50.0,0.434,9,2,0,0.0,10.0,27.1,0,0,0,0,19.01,26.8,3.2,43.0,1
2026-01-14T09:18:00,62.4,57.6,39.7,65.0,0.389,9,2,0,0.0,10.0,45.6,0,0,2,0,62.4,66.6,8.0,96.0,1
2026-01-14T09:36:00,61.05,56.4,39.5,65.0,0.392,9,2,0,0.0,10.0,33.0,0,0,1,2,61.05,65.2,7.8,92.4,1
2026-01-14T09:54:00,41.0,37.8,46.2,65.0,0.289,9,2,0,0.0,10.0,23.3,0,0,1,2,41.0,42.2,5.1,53.6,1
2026-01-14T10:12:00,32.22,29.7,41.5,65.0,0.362,10,2,0,0.0,10.0,42.6,0,0,0,1,32.22,34.0,4.1,40.7,1
2026-01-14T10:30:00,22.62,20.9,42.3,65.0,0.349,10,2,0,1.1,2.3,20.9,0,0,0,0,22.62,23.8,2.9,30.2,1
2026-01-14T10:48:00,37.81,34.9,33.9,65.0,0.478,10,2,0,1.8,2.6,27.2,0,0,2,1,37.81,41.6,5.0,66.9,1
2026-01-14T11:06:00,16.03,19.2,40.7,50.0,0.186,11,2,0,0.0,10.0,33.7,0,0,0,2,16.03,20.6,2.5,23.0,1
2026-01-14T11:24:00,49.83,46.0,49.7,65.0,0.235,11,2,0,3.5,4.4,27.3,0,0,0,2,49.83,50.3,6.0,61.8,1
2026-01-14T11:42:00,40.79,37.7,57.3,65.0,0.118,11,2,0,2.1,2.8,15.2,0,0,0,1,40.79,39.5,4.7,41.5,0
2026-01-14T12:00:00,37.07,34.2,55.6,65.0,0.145,12,2,0,0.0,10.0,35.3,0,0,0,1,37.07,36.2,4.3,41.2,1
2026-01-14T12:18:00,27.9,25.8,53.2,65.0,0.182,12,2,0,0.0,10.0,33.0,0,0,1,1,27.9,27.7,3.3,34.6,1
2026-01-14T12:36:00,64.16,59.2,49.7,65.0,0.235,12,2,0,0.0,10.0,30.3,1,1,2,0,64.16,64.8,7.8,76.8,1
2026-01-14T12:54:00,44.14,40.7,58.8,65.0,0.095,12,2,0,0.0,10.0,29.0,0,0,0,2,44.14,42.2,5.1,43.4,0
2026-01-14T13:12:00,32.02,29.6,51.0,65.0,0.215,13,2,0,0.0,10.0,40.2,0,0,0,1,32.02,32.1,3.9,34.5,1
2026-01-14T13:30:00,47.65,44.0,56.5,65.0,0.131,13,2,0,0.0,10.0,17.3,0,0,0,1,47.65,46.3,5.6,51.0,1
2026-01-14T13:48:00,9.14,11.0,44.0,50.0,0.12,13,2,0,0.0,10.0,24.9,0,0,1,1,9.14,11.5,2.0,13.0,1
2026-01-14T14:06:00,31.64,29.2,56.2,65.0,0.135,14,2,0,0.0,10.0,30.7,0,0,1,1,31.64,30.8,3.7,33.1,0
2026-01-14T14:24:00,53.01,48.9,57.5,65.0,0.115,14,2,0,0.0,10.0,21.0,0,0,0,1,53.01,51.1,6.1,55.4,0
2026-01-14T14:42:00,41.97,38.7,61.1,65.0,0.06,14,2,0,0.0,10.0,27.8,0,0,1,1,41.97,39.6,4.8,38.7,0
2026-01-14T15:00:00,19.31,23.2,48.4,50.0,0.032,15,2,0,0.0,10.0,26.3,0,0,1,1,19.31,23.5,2.8,26.2,0
2026-01-14T15:18:00,17.27,20.7,46.5,50.0,0.07,15,2,0,0.0,10.0,25.8,0,0,1,0,17.27,21.3,2.6,20.7,0
2026-01-14T15:36:00,64.52,59.6,58.2,65.0,0.105,15,2,0,0.0,10.0,23.2,0,0,1,2,64.52,62.1,7.5,66.8,0
2026-01-14T15:54:00,44.82,41.4,33.1,65.0,0.491,15,2,0,0.0,10.0,42.6,1,3,0,2,44.82,49.5,5.9,84.0,1
2026-01-14T16:12:00,30.82,28.4,59.3,65.0,0.088,16,2,0,0.0,10.0,38.5,0,0,1,1,30.82,29.4,3.5,30.7,0
2026-01-14T16:30:00,24.42,22.5,59.1,65.0,0.091,16,2,0,0.0,10.0,26.6,0,0,0,2,24.42,23.3,2.8,29.0,1
2026-01-14T16:48:00,36.29,33.5,59.8,65.0,0.08,16,2,0,0.0,10.0,31.4,0,0,1,1,36.29,34.6,4.2,34.3,0
2026-01-14T17:06:00,23.9,22.1,38.4,65.0,0.409,17,2,0,0.0,10.0,35.5,0,0,2,0,23.9,25.7,3.1,35.8,1
2026-01-14T17:24:00,50.65,46.8,41.7,65.0,0.358,17,2,0,0.0,10.0,27.4,0,0,2,1,50.65,53.5,6.4,70.9,1
2026-01-14T17:42:00,31.44,29.0,43.7,65.0,0.328,17,2,0,0.0,10.0,12.0,0,0,0,2,31.44,32.8,3.9,47.8,1
2026-01-14T18:00:00,15.27,18.3,30.7,50.0,0.386,18,2,0,0.0,10.0,19.9,0,0,2,2,15.27,21.1,2.5,29.2,1
2026-01-14T18:18:00,38.96,36.0,42.7,65.0,0.343,18,2,0,2.6,3.9,30.4,0,0,1,1,38.96,40.9,4.9,57.2,1
2026-01-14T18:36:00,25.75,23.8,41.8,65.0,0.357,18,2,0,0.0,10.0,26.2,0,0,1,2,25.75,27.2,3.3,38.3,1
2026-01-14T18:54:00,19.34,23.2,20.2,50.0,0.596,18,2,0,6.3,2.2,32.8,0,0,2,2,19.34,28.7,3.4,56.9,1
2026-01-14T19:12:00,40.44,37.3,41.6,65.0,0.36,19,2,0,0.0,10.0,14.1,0,0,0,2,40.44,42.7,5.1,60.5,1
2026-01-14T19:30:00,53.13,49.0,41.9,65.0,0.355,19,2,0,0.0,10.0,30.8,0,0,0,2,53.13,56.0,6.7,77.1,1
2026-01-14T19:48:00,50.04,46.2,37.6,65.0,0.422,19,2,0,0.0,10.0,23.7,0,0,1,0,50.04,54.0,6.5,79.9,1
2026-01-14T20:06:00,56.05,51.7,45.0,65.0,0.308,20,2,0,0.0,10.0,27.3,0,0,0,1,56.05,58.1,7.0,71.1,1
2026-01-14T20:24:00,45.91,42.4,41.9,65.0,0.355,20,2,0,0.0,10.0,27.7,0,0,0,1,45.91,48.4,5.8,64.3,1
2026-01-14T20:42:00,41.26,38.1,41.7,65.0,0.358,20,2,0,0.0,10.0,25.6,0,0,0,2,41.26,43.6,5.2,57.4,1
2026-01-14T21:00:00,47.16,43.5,56.7,65.0,0.128,21,2,0,0.0,10.0,29.5,0,0,0,1,47.16,45.7,5.5,51.8,1
2026-01-14T21:18:00,35.92,33.2,54.6,65.0,0.16,21,2,0,3.4,3.3,36.6,0,0,1,1,35.92,35.3,4.2,39.3,1
2026-01-14T21:36:00,61.37,56.6,60.1,65.0,0.075,21,2,0,0.0,10.0,20.7,0,0,0,2,61.37,58.3,7.0,62.4,0
2026-01-14T21:54:00,43.13,39.8,55.2,65.0,0.151,21,2,0,0.0,10.0,27.0,0,0,1,0,43.13,42.2,5.1,44.3,0
2026-01-14T22:12:00,37.6,34.7,64.0,65.0,0.015,22,2,0,0.0,10.0,23.6,0,0,0,2,37.6,34.9,4.2,37.2,0
2026-01-14T22:30:00,58.44,53.9,53.8,65.0,0.172,22,2,0,0.0,10.0,28.7,0,0,0,2,58.44,57.6,6.9,65.3,1
2026-01-14T22:48:00,54.81,50.6,58.0,65.0,0.108,22,2,0,0.0,10.0,37.4,0,0,1,1,54.81,52.8,6.3,52.7,0
2026-01-14T23:06:00,58.01,53.5,54.7,65.0,0.158,23,2,0,0.0,10.0,25.2,0,0,1,1,58.01,56.9,6.8,62.7,1
2026-01-14T23:24:00,40.96,37.8,54.5,65.0,0.162,23,2,0,0.0,10.0,34.8,0,0,0,2,40.96,40.2,4.8,43.6,1
2026-01-14T23:42:00,14.15,17.0,43.4,50.0,0.132,23,2,0,0.0,10.0,28.0,0,0,2,0,14.15,17.9,2.1,17.0,0
2026-01-15T00:00:00,31.73,29.3,54.5,65.0,0.162,0,3,0,0.0,10.0,20.6,0,0,1,2,31.73,31.2,3.7,31.6,0
2026-01-15T00:18:00,35.5,32.8,60.5,65.0,0.069,0,3,0,0.0,10.0,24.4,0,0,0,1,35.5,33.7,4.0,38.8,1
2026-01-15T00:36:00,24.24,22.4,55.5,65.0,0.146,0,3,0,3.4,2.8,34.1,0,0,2,2,24.24,23.7,2.8,24.0,0
2026-01-15T00:54:00,19.44,23.3,44.9,50.0,0.102,0,3,0,2.0,2.4,38.7,0,0,1,2,19.44,24.3,2.9,27.0,1
2026-01-15T01:12:00,25.52,23.6,56.6,65.0,0.129,1,3,0,0.0,10.0,23.2,0,0,2,0,25.52,24.8,3.0,26.9,0
2026-01-15T01:30:00,18.11,21.7,53.2,50.0,0.0,1,3,0,0.0,10.0,34.3,0,0,0,2,18.11,21.7,2.6,21.7,0
2026-01-15T01:48:00,32.75,30.2,58.3,65.0,0.103,1,3,0,2.1,4.4,25.1,0,0,0,1,32.75,31.4,3.8,30.7,0
2026-01-15T02:06:00,57.8,53.4,44.3,65.0,0.318,2,3,0,0.0,10.0,14.2,1,1,0,2,57.8,60.2,7.2,78.5,1
2026-01-15T02:24:00,51.47,47.5,59.6,65.0,0.083,2,3,0,0.0,10.0,35.5,0,0,0,2,51.47,49.1,5.9,55.5,1
2026-01-15T02:42:00,36.2,33.4,56.6,65.0,0.129,2,3,0,0.0,10.0,19.1,0,0,1,2,36.2,35.1,4.2,37.9,0
2026-01-15T03:00:00,9.06,10.9,46.4,50.0,0.072,3,3,0,0.0,10.0,32.7,0,0,0,1,9.06,11.2,2.0,10.9,0
2026-01-15T03:18:00,26.32,24.3,55.6,65.0,0.145,3,3,0,0.0,10.0,21.6,0,0,0,1,26.32,25.7,3.1,29.6,1
2026-01-15T03:36:00,63.63,58.7,54.2,65.0,0.166,3,3,0,0.0,10.0,28.1,0,0,1,1,63.63,62.6,7.5,71.5,1
2026-01-15T03:54:00,13.2,15.8,44.1,50.0,0.118,3,3,0,0.0,10.0,15.5,0,0,1,1,13.2,16.5,2.0,17.1,0
2026-01-15T04:12:00,19.04,22.8,44.5,50.0,0.11,4,3,0,0.0,10.0,14.6,0,0,0,1,19.04,23.8,2.9,29.3,1
2026-01-15T04:30:00,26.96,24.9,52.8,65.0,0.188,4,3,0,0.0,10.0,29.5,0,0,0,2,26.96,26.8,3.2,31.2,1
2026-01-15T04:48:00,23.2,21.4,55.6,65.0,0.145,4,3,0,0.0,10.0,29.6,0,0,0,1,23.2,22.6,2.7,26.7,1
2026-01-15T05:06:00,8.67,10.4,47.5,50.0,0.05,5,3,0,0.0,10.0,26.1,0,0,1,0,8.67,10.6,2.0,13.9,1
2026-01-15T05:24:00,54.92,50.7,48.9,65.0,0.248,5,3,0,2.2,3.2,24.1,0,0,0,0,54.92,55.7,6.7,73.2,1
2026-01-15T05:42:00,55.32,51.1,51.9,65.0,0.202,5,3,0,0.0,10.0,24.8,0,0,2,0,55.32,55.2,6.6,60.8,1
2026-01-15T06:00:00,14.21,17.1,42.6,50.0,0.148,6,3,0,2.0,2.3,20.9,0,0,0,2,14.21,18.1,2.2,19.6,0
2026-01-15T06:18:00,63.76,58.9,59.8,65.0,0.08,6,3,0,0.0,10.0,39.1,0,0,2,2,63.76,60.8,7.3,61.6,0
2026-01-15T06:36:00,59.77,55.2,62.7,65.0,0.035,6,3,0,0.0,10.0,28.7,0,0,0,1,59.77,56.0,6.7,57.8,0
2026-01-15T06:54:00,22.43,20.7,39.4,65.0,0.394,6,3,0,0.0,10.0,18.9,1,2,1,2,22.43,24.0,2.9,36.5,1
2026-01-15T07:12:00,42.97,39.7,56.9,65.0,0.125,7,3,0,0.0,10.0,25.5,0,0,2,0,42.97,41.7,5.0,43.5,0
2026-01-15T07:30:00,30.94,28.6,61.0,65.0,0.062,7,3,0,0.0,10.0,32.7,0,0,2,0,30.94,29.3,3.5,30.0,0
2026-01-15T07:48:00,20.95,19.3,51.6,65.0,0.206,7,3,0,2.4,3.6,23.1,0,0,0,2,20.95,20.9,2.5,28.1,1
2026-01-15T08:06:00,51.86,47.9,38.5,65.0,0.408,8,3,0,0.0,10.0,34.3,0,0,1,2,51.86,55.7,6.7,81.2,1
2026-01-15T08:24:00,26.83,24.8,36.6,65.0,0.437,8,3,0,0.0,10.0,19.2,0,0,0,0,26.83,29.1,3.5,40.7,1
2026-01-15T08:42:00,15.48,18.6,32.2,50.0,0.356,8,3,0,0.0,10.0,28.4,0,0,0,2,15.48,21.2,2.5,31.1,1
2026-01-15T09:00:00,9.1,10.9,28.6,50.0,0.428,9,3,0,0.0,10.0,24.4,0,0,0,2,9.1,12.8,2.0,18.8,1
2026-01-15T09:18:00,62.09,57.3,36.0,65.0,0.446,9,3,0,0.0,10.0,35.2,0,0,1,2,62.09,67.5,8.1,98.8,1
2026-01-15T09:36:00,63.25,58.4,36.8,65.0,0.434,9,3,0,0.0,10.0,37.1,0,0,1,1,63.25,68.5,8.2,103.6,1
2026-01-15T09:54:00,62.17,57.4,35.6,65.0,0.452,9,3,0,1.2,2.6,33.5,0,0,1,1,62.17,67.8,8.1,103.9,1
2026-01-15T10:12:00,23.66,21.8,42.3,65.0,0.349,10,3,0,0.0,10.0,22.3,0,0,0,1,23.66,24.8,3.0,32.6,1
2026-01-15T10:30:00,24.91,23.0,44.0,65.0,0.323,10,3,0,0.0,10.0,33.3,0,0,0,2,24.91,26.0,3.1,36.1,1
2026-01-15T10:48:00,16.22,19.5,32.9,50.0,0.342,10,3,0,0.0,10.0,28.1,0,0,0,2,16.22,22.2,2.7,31.2,1
2026-01-15T11:06:00,61.87,57.1,56.1,65.0,0.137,11,3,0,0.0,3.8,18.4,0,0,0,2,61.87,60.2,7.2,68.1,1
2026-01-15T11:24:00,16.26,19.5,40.4,50.0,0.192,11,3,0,0.0,10.0,25.4,0,0,0,2,16.26,21.0,2.5,28.9,1
2026-01-15T11:42:00,61.7,57.0,56.9,65.0,0.125,11,3,0,0.0,10.0,28.2,0,0,1,0,61.7,59.9,7.2,63.5,0
2026-01-15T12:00:00,46.91,43.3,57.0,65.0,0.123,12,3,0,0.0,10.0,32.3,0,0,0,0,46.91,45.4,5.4,51.6,1
2026-01-15T12:18:00,22.38,20.7,54.6,65.0,0.16,12,3,0,0.0,10.0,32.1,0,0,1,0,22.38,22.0,2.6,25.2,1
2026-01-15T12:36:00,38.42,35.5,59.4,65.0,0.086,12,3,0,0.0,10.0,36.5,0,0,1,1,38.42,36.7,4.4,44.6,1
2026-01-15T12:54:00,53.01,48.9,52.3,65.0,0.195,12,3,0,0.0,10.0,21.9,1,1,0,2,53.01,52.7,6.3,59.2,1
2026-01-15T13:12:00,37.23,34.4,56.1,65.0,0.137,13,3,0,0.0,10.0,23.4,0,0,0,2,37.23,36.3,4.4,39.6,1
2026-01-15T13:30:00,43.36,40.0,58.1,65.0,0.106,13,3,0,0.0,10.0,40.3,0,0,1,0,43.36,41.7,5.0,49.4,1
2026-01-15T13:48:00,32.64,30.1,53.6,65.0,0.175,13,3,0,0.0,10.0,29.8,1,1,2,2,32.64,32.2,3.9,39.3,1
2026-01-15T14:06:00,30.69,28.3,57.5,65.0,0.115,14,3,0,0.0,10.0,28.4,0,0,1,0,30.69,29.6,3.6,33.3,1
2026-01-15T14:24:00,11.79,14.1,40.5,50.0,0.19,14,3,0,0.0,10.0,20.3,0,0,1,2,11.79,15.2,2.0,16.2,0
2026-01-15T14:42:00,38.98,36.0,55.4,65.0,0.148,14,3,0,0.0,10.0,19.4,0,0,0,1,38.98,38.1,4.6,42.7,1
2026-01-15T15:00:00,9.14,11.0,44.0,50.0,0.12,15,3,0,0.0,10.0,27.8,0,0,1,2,9.14,11.5,2.0,11.0,0
2026-01-15T15:18:00,27.57,25.4,55.0,65.0,0.154,15,3,0,0.0,10.0,22.0,0,0,0,1,27.57,27.0,3.2,27.8,0
2026-01-15T15:36:00,56.8,52.4,53.7,65.0,0.174,15,3,0,0.0,10.0,24.3,0,0,0,1,56.8,56.0,6.7,60.4,1
2026-01-15T15:54:00,26.3,24.3,65.4,65.0,0.0,15,3,0,0.0,10.0,26.5,0,0,1,1,26.3,24.3,2.9,24.3,0
2026-01-15T16:12:00,36.25,33.5,56.0,65.0,0.138,16,3,0,1.4,2.6,24.7,0,0,0,0,36.25,35.3,4.2,35.7,0
2026-01-15T16:30:00,60.63,56.0,59.4,65.0,0.086,16,3,0,0.0,10.0,20.0,0,0,0,0,60.63,57.9,6.9,62.0,0
2026-01-15T16:48:00,41.86,38.6,55.8,65.0,0.142,16,3,0,0.0,10.0,19.1,0,0,2,2,41.86,40.8,4.9,44.1,0
2026-01-15T17:06:00,30.62,28.3,40.2,65.0,0.382,17,3,0,0.0,10.0,27.4,0,0,1,1,30.62,32.6,3.9,44.0,1
2026-01-15T17:24:00,31.09,28.7,41.7,65.0,0.358,17,3,0,0.0,10.0,32.2,0,0,2,1,31.09,32.8,3.9,43.2,1
2026-01-15T17:42:00,31.91,29.5,34.8,65.0,0.465,17,3,0,0.0,10.0,30.0,0,0,1,2,31.91,35.0,4.2,55.6,1
2026-01-15T18:00:00,34.15,31.5,36.5,65.0,0.438,18,3,0,0.0,10.0,17.3,0,0,2,2,34.15,37.0,4.4,53.1,1
2026-01-15T18:18:00,38.83,35.8,41.9,65.0,0.355,18,3,0,0.0,10.0,29.3,0,0,1,1,38.83,40.9,4.9,57.6,1
2026-01-15T18:36:00,48.59,44.9,26.7,65.0,0.589,18,3,0,0.0,10.0,19.4,1,2,0,0,48.59,55.5,6.7,107.6,1
2026-01-15T18:54:00,18.35,22.0,23.0,50.0,0.54,18,3,0,5.2,4.6,23.3,0,0,0,0,18.35,26.8,3.2,45.7,1
2026-01-15T19:12:00,22.1,20.4,38.7,65.0,0.405,19,3,0,0.0,10.0,16.3,0,0,0,1,22.1,23.7,2.8,36.3,1
2026-01-15T19:30:00,11.9,14.3,31.5,50.0,0.37,19,3,0,0.0,10.0,21.4,0,0,2,2,11.9,16.4,2.0,23.2,1
2026-01-15T19:48:00,49.46,45.7,36.4,65.0,0.44,19,3,0,0.0,10.0,25.6,0,0,2,2,49.46,53.7,6.4,86.0,1
2026-01-15T20:06:00,38.67,35.7,35.0,65.0,0.462,20,3,0,0.0,10.0,34.5,0,0,2,1,38.67,42.3,5.1,67.4,1
2026-01-15T20:24:00,63.43,58.6,41.1,65.0,0.368,20,3,0,1.2,2.6,20.4,0,0,2,1,63.43,67.2,8.1,88.5,1
2026-01-15T20:42:00,33.98,31.4,43.3,65.0,0.334,20,3,0,0.0,10.0,19.0,0,0,1,1,33.98,35.6,4.3,46.1,1
2026-01-15T21:00:00,28.76,26.5,61.8,65.0,0.049,21,3,0,0.0,10.0,26.5,0,0,0,2,28.76,27.0,3.2,26.5,0
2026-01-15T21:18:00,38.02,35.1,56.2,65.0,0.135,21,3,0,0.0,10.0,31.3,0,0,0,1,38.02,37.0,4.4,40.5,1
2026-01-15T21:36:00,39.79,36.7,54.2,65.0,0.166,21,3,0,0.0,10.0,29.5,0,0,1,2,39.79,39.1,4.7,43.8,1
2026-01-15T21:54:00,31.25,28.8,58.8,65.0,0.095,21,3,0,0.0,10.0,27.3,0,0,1,2,31.25,29.9,3.6,34.9,1
2026-01-15T22:12:00,35.5,32.8,56.4,65.0,0.132,22,3,0,0.0,10.0,38.4,0,0,0,2,35.5,34.5,4.1,39.7,1
2026-01-15T22:30:00,19.54,23.4,44.7,50.0,0.106,22,3,0,0.0,10.0,31.0,0,0,1,2,19.54,24.4,2.9,27.4,1
2026-01-15T22:48:00,20.54,19.0,55.3,65.0,0.149,22,3,0,4.4,3.0,23.2,0,0,0,2,20.54,20.1,2.4,19.8,0
2026-01-15T23:06:00,27.88,25.7,60.2,65.0,0.074,23,3,0,0.0,10.0,16.6,0,0,0,0,27.88,26.5,3.2,26.7,0
2026-01-15T23:24:00,64.22,59.3,59.9,65.0,0.078,23,3,0,1.2,3.1,29.9,0,0,1,2,64.22,61.2,7.3,65.6,0
2026-01-15T23:42:00,40.91,37.8,56.2,65.0,0.135,23,3,0,0.0,10.0,32.0,0,0,0,2,40.91,39.8,4.8,40.3,0
2026-01-16T00:00:00,62.41,57.6,55.7,65.0,0.143,0,4,0,4.2,3.5,27.5,0,0,0,2,62.41,60.9,7.3,67.3,1
2026-01-16T00:18:00,63.09,58.2,56.1,65.0,0.137,0,4,0,0.0,10.0,16.9,0,0,2,2,63.09,61.4,7.4,72.8,1
2026-01-16T00:36:00,57.51,53.1,57.8,65.0,0.111,0,4,0,0.0,10.0,32.6,0,0,0,1,57.51,55.5,6.7,63.3,1
2026-01-16T00:54:00,53.23,49.1,55.0,65.0,0.154,0,4,0,0.0,10.0,18.4,0,0,1,1,53.23,52.1,6.3,59.1,1
2026-01-16T01:12:00,62.12,57.3,54.2,65.0,0.166,1,4,0,0.0,10.0,27.1,0,0,2,2,62.12,61.1,7.3,69.2,1
2026-01-16T01:30:00,29.01,26.8,52.3,65.0,0.195,1,4,0,3.4,3.8,36.8,0,0,0,1,29.01,28.9,3.5,34.7,1
2026-01-16T01:48:00,13.71,16.5,43.4,50.0,0.132,1,4,0,0.0,10.0,22.8,0,0,1,1,13.71,17.4,2.1,18.2,0
2026-01-16T02:06:00,24.22,22.4,50.8,65.0,0.218,2,4,0,0.0,10.0,27.8,1,1,1,2,24.22,24.4,2.9,26.3,1
2026-01-16T02:24:00,38.29,35.3,57.2,65.0,0.12,2,4,0,0.0,10.0,20.4,0,0,1,1,38.29,37.0,4.4,43.8,1
2026-01-16T02:42:00,36.2,33.4,59.0,65.0,0.092,2,4,0,0.0,10.0,28.1,0,0,0,2,36.2,34.6,4.2,37.3,0
2026-01-16T03:00:00,32.72,30.2,54.6,65.0,0.16,3,4,0,0.0,10.0,20.9,0,0,1,2,32.72,32.1,3.9,36.5,1
2026-01-16T03:18:00,34.51,31.9,57.2,65.0,0.12,3,4,0,0.0,10.0,23.0,0,0,0,2,34.51,33.4,4.0,35.5,0
2026-01-16T03:36:00,60.62,56.0,30.7,65.0,0.528,3,4,0,0.0,10.0,22.5,1,3,0,1,60.62,67.8,8.1,115.2,1
2026-01-16T03:54:00,59.55,55.0,53.7,65.0,0.174,3,4,0,0.0,10.0,25.3,1,1,0,2,59.55,58.8,7.1,69.4,1
2026-01-16T04:12:00,27.35,25.2,55.4,65.0,0.148,4,4,0,0.0,10.0,30.1,0,0,0,0,27.35,26.7,3.2,28.9,0
2026-01-16T04:30:00,48.04,44.3,58.0,65.0,0.108,4,4,0,0.0,10.0,33.3,0,0,0,2,48.04,46.2,5.5,44.8,0
2026-01-16T04:48:00,58.81,54.3,53.8,65.0,0.172,4,4,0,0.0,10.0,28.5,0,0,0,2,58.81,58.0,7.0,68.6,1
2026-01-16T05:06:00,33.54,31.0,64.1,65.0,0.014,5,4,0,0.0,10.0,32.0,0,0,1,1,33.54,31.2,3.7,31.0,0
2026-01-16T05:24:00,58.09,53.6,31.1,65.0,0.522,5,4,0,0.0,10.0,21.1,1,3,1,2,58.09,64.8,7.8,109.8,1
2026-01-16T05:42:00,41.99,38.8,57.5,65.0,0.115,5,4,0,0.0,10.0,30.2,0,0,2,1,41.99,40.6,4.9,47.9,1
2026-01-16T06:00:00,60.3,55.7,57.3,65.0,0.118,6,4,0,0.0,10.0,17.8,0,0,0,0,60.3,58.3,7.0,62.6,0
2026-01-16T06:18:00,58.0,53.5,57.4,65.0,0.117,6,4,0,0.0,10.0,25.1,0,0,0,0,58.0,56.0,6.7,63.5,1
2026-01-16T06:36:00,9.77,11.7,18.8,50.0,0.624,6,4,0,0.0,10.0,27.9,1,3,0,1,9.77,14.6,2.0,30.9,1
2026-01-16T06:54:00,55.37,51.1,58.4,65.0,0.102,6,4,0,1.1,2.0,19.9,0,0,2,1,55.37,53.2,6.4,58.5,0
2026-01-16T07:12:00,22.51,20.8,61.5,65.0,0.054,7,4,0,0.0,10.0,29.3,0,0,2,1,22.51,21.2,2.5,25.5,1
2026-01-16T07:30:00,10.3,12.4,45.1,50.0,0.098,7,4,0,0.0,10.0,21.8,0,0,1,0,10.3,12.9,2.0,12.4,0
2026-01-16T07:48:00,27.74,25.6,59.7,65.0,0.082,7,4,0,0.0,10.0,32.8,0,0,2,0,27.74,26.4,3.2,27.5,0
2026-01-16T08:06:00,37.03,34.2,39.6,65.0,0.391,8,4,0,0.0,10.0,24.7,0,0,0,2,37.03,39.5,4.7,57.9,1
2026-01-16T08:24:00,38.27,35.3,39.1,65.0,0.398,8,4,0,0.0,10.0,23.1,0,0,2,2,38.27,40.9,4.9,62.4,1
2026-01-16T08:42:00,48.95,45.2,35.1,65.0,0.46,8,4,0,0.0,10.0,18.1,0,0,1,0,48.95,53.5,6.4,88.9,1
2026-01-16T09:00:00,53.29,49.2,35.4,65.0,0.455,9,4,0,1.4,3.4,33.8,0,0,1,0,53.29,58.2,7.0,91.9,1
2026-01-16T09:18:00,51.7,47.7,40.8,65.0,0.372,9,4,0,0.0,10.0,24.7,0,0,1,2,51.7,54.8,6.6,75.5,1
2026-01-16T09:36:00,45.38,41.9,35.0,65.0,0.462,9,4,0,0.0,10.0,38.1,0,0,2,1,45.38,49.6,6.0,76.9,1
2026-01-16T09:54:00,50.53,46.6,42.6,65.0,0.345,9,4,0,0.0,10.0,36.4,0,0,0,2,50.53,53.0,6.4,72.5,1
2026-01-16T10:12:00,56.52,52.2,36.7,65.0,0.435,10,4,0,0.0,10.0,21.1,0,0,1,2,56.52,61.3,7.4,94.0,1
2026-01-16T10:30:00,47.23,43.6,39.2,65.0,0.397,10,4,0,0.0,10.0,25.2,0,0,0,0,47.23,50.5,6.1,77.4,1
2026-01-16T10:48:00,56.69,52.3,35.4,65.0,0.455,10,4,0,3.3,3.1,34.2,0,0,2,2,56.69,61.8,7.4,99.2,1
2026-01-16T11:06:00,22.38,20.7,55.0,65.0,0.154,11,4,0,0.0,10.0,34.1,0,0,1,2,22.38,22.0,2.6,27.3,1
2026-01-16T11:24:00,19.9,23.9,44.3,50.0,0.114,11,4,0,0.0,10.0,28.2,0,0,2,1,19.9,25.0,3.0,27.7,1
2026-01-16T11:42:00,44.6,41.2,57.1,65.0,0.122,11,4,0,4.5,4.7,27.4,0,0,2,2,44.6,43.2,5.2,49.0,1
2026-01-16T12:00:00,46.03,42.5,62.1,65.0,0.045,12,4,0,0.0,10.0,34.5,0,0,0,1,46.03,43.3,5.2,43.5,0
2026-01-16T12:18:00,55.61,51.3,61.7,65.0,0.051,12,4,0,0.0,10.0,23.4,0,0,1,0,55.61,52.3,6.3,51.3,0
2026-01-16T12:36:00,60.18,55.6,56.2,65.0,0.135,12,4,0,0.0,10.0,20.9,0,0,1,2,60.18,58.6,7.0,63.0,0
2026-01-16T12:54:00,32.64,30.1,55.0,65.0,0.154,12,4,0,0.0,10.0,31.0,0,0,0,1,32.64,32.0,3.8,35.4,1
2026-01-16T13:12:00,60.17,55.5,55.3,65.0,0.149,13,4,0,0.0,10.0,37.3,0,0,0,2,60.17,58.8,7.1,66.5,1
2026-01-16T13:30:00,14.3,17.2,53.4,50.0,0.0,13,4,0,0.0,10.0,34.6,0,0,2,2,14.3,17.2,2.1,18.8,0
2026-01-16T13:48:00,23.93,22.1,57.5,65.0,0.115,13,4,0,0.0,10.0,26.5,0,0,0,1,23.93,23.1,2.8,22.1,0
2026-01-16T14:06:00,28.58,26.4,58.9,65.0,0.094,14,4,0,0.0,10.0,24.8,0,0,2,2,28.58,27.4,3.3,29.9,0
2026-01-16T14:24:00,62.29,57.5,52.3,65.0,0.195,14,4,0,1.7,4.7,21.3,0,0,1,2,62.29,62.0,7.4,72.8,1
2026-01-16T14:42:00,46.43,42.9,55.1,65.0,0.152,14,4,0,0.0,10.0,28.8,0,0,0,1,46.43,45.5,5.5,49.4,1
2026-01-16T15:00:00,14.48,17.4,43.8,50.0,0.124,15,4,0,1.2,2.8,34.3,0,0,0,2,14.48,18.3,2.2,19.3,0
2026-01-16T15:18:00,62.0,57.2,59.3,65.0,0.088,15,4,0,0.0,10.0,28.7,0,0,0,1,62.0,59.2,7.1,66.8,1
2026-01-16T15:36:00,49.65,45.8,54.7,65.0,0.158,15,4,0,0.0,3.4,29.3,0,0,0,2,49.65,48.7,5.8,51.9,0
2026-01-16T15:54:00,9.32,11.2,21.6,50.0,0.568,15,4,0,10.8,2.4,27.8,0,0,2,0,9.32,13.7,2.0,27.9,1
2026-01-16T16:12:00,52.44,48.4,55.2,65.0,0.151,16,4,0,0.0,10.0,14.5,0,0,1,1,52.44,51.3,6.2,56.6,1
2026-01-16T16:30:00,33.23,30.7,47.4,65.0,0.271,16,4,0,6.3,2.1,29.1,0,0,1,2,33.23,34.0,4.1,43.3,1
2026-01-16T16:48:00,18.16,21.8,39.3,50.0,0.214,16,4,0,0.0,10.0,17.2,0,0,0,0,18.16,23.7,2.8,28.9,1
2026-01-16T17:06:00,61.94,57.2,39.4,65.0,0.394,17,4,0,0.0,10.0,26.2,0,0,0,2,61.94,66.2,7.9,96.9,1
2026-01-16T17:24:00,42.06,38.8,41.0,65.0,0.369,17,4,0,0.0,10.0,27.8,0,0,1,2,42.06,44.5,5.3,59.9,1
2026-01-16T17:42:00,21.91,20.2,42.5,65.0,0.346,17,4,0,0.0,10.0,35.0,0,0,0,0,21.91,23.0,2.8,29.3,1
2026-01-16T18:00:00,33.66,31.1,39.7,65.0,0.389,18,4,0,0.0,10.0,17.8,0,0,0,1,33.66,35.9,4.3,54.9,1
2026-01-16T18:18:00,24.09,22.2,24.2,65.0,0.628,18,4,0,0.0,10.0,32.4,1,2,0,2,24.09,27.8,3.3,60.0,1
2026-01-16T18:36:00,45.19,41.7,42.7,65.0,0.343,18,4,0,0.0,10.0,22.9,0,0,1,2,45.19,47.4,5.7,60.6,1
2026-01-16T18:54:00,33.8,31.2,41.2,65.0,0.366,18,4,0,0.0,10.0,27.9,0,0,0,1,33.8,35.8,4.3,52.1,1
2026-01-16T19:12:00,36.84,34.0,29.4,65.0,0.548,19,4,0,0.0,10.0,25.7,1,1,1,2,36.84,41.5,5.0,77.1,1
2026-01-16T19:30:00,41.89,38.7,37.9,65.0,0.417,19,4,0,0.0,10.0,37.5,0,0,0,1,41.89,45.2,5.4,68.4,1
2026-01-16T19:48:00,12.54,15.0,33.5,50.0,0.33,19,4,0,0.0,10.0,37.2,0,0,0,2,12.54,17.0,2.0,21.7,1
2026-01-16T20:06:00,62.89,58.1,34.8,65.0,0.465,20,4,0,0.0,10.0,28.5,0,0,2,2,62.89,68.9,8.3,106.4,1
2026-01-16T20:24:00,14.68,17.6,32.2,50.0,0.356,20,4,0,0.0,10.0,27.7,0,0,1,2,14.68,20.1,2.4,25.9,1
2026-01-16T20:42:00,55.1,50.9,32.4,65.0,0.502,20,4,0,0.0,10.0,35.5,0,0,1,2,55.1,61.1,7.3,104.2,1
2026-01-16T21:00:00,21.14,19.5,57.8,65.0,0.111,21,4,0,0.0,10.0,20.3,0,0,0,2,21.14,20.4,2.4,22.7,1
2026-01-16T21:18:00,46.95,43.3,56.3,65.0,0.134,21,4,0,0.0,10.0,26.0,0,0,1,2,46.95,45.6,5.5,52.8,1
2026-01-16T21:36:00,54.9,50.7,53.0,65.0,0.185,21,4,0,0.0,10.0,24.2,0,0,1,1,54.9,54.5,6.5,61.6,1
2026-01-16T21:54:00,22.99,21.2,55.3,65.0,0.149,21,4,0,2.7,4.7,21.3,0,0,2,1,22.99,22.5,2.7,21.2,0
2026-01-16T22:12:00,47.3,43.7,58.1,65.0,0.106,22,4,0,0.0,10.0,24.7,0,0,2,2,47.3,45.6,5.5,48.6,0
2026-01-16T22:30:00,47.73,44.1,60.3,65.0,0.072,22,4,0,0.0,10.0,21.1,0,0,0,2,47.73,45.4,5.4,47.6,0
2026-01-16T22:48:00,62.09,57.3,41.4,65.0,0.363,22,4,0,0.0,10.0,41.3,1,2,2,2,62.09,65.6,7.9,91.8,1
2026-01-16T23:06:00,29.41,27.1,58.5,65.0,0.1,23,4,0,0.0,10.0,35.3,0,0,0,2,29.41,28.2,3.4,32.3,1
2026-01-16T23:24:00,11.96,14.4,44.9,50.0,0.102,23,4,0,0.0,10.0,24.4,0,0,1,1,11.96,15.0,2.0,18.6,1
2026-01-16T23:42:00,59.66,55.1,59.7,65.0,0.082,23,4,0,0.0,10.0,25.1,0,0,0,0,59.66,56.9,6.8,61.3,0
2026-01-17T00:00:00,35.43,32.7,49.0,65.0,0.246,0,5,1,0.0,10.0,29.0,0,0,1,0,35.43,35.9,4.3,44.8,1
2026-01-17T00:18:00,54.3,50.1,60.5,65.0,0.069,0,5,1,0.0,10.0,22.1,0,0,1,2,54.3,51.5,6.2,54.3,0
2026-01-17T00:36:00,56.37,52.0,56.1,65.0,0.137,0,5,1,0.0,10.0,30.4,0,0,1,2,56.37,54.8,6.6,60.3,1
2026-01-17T00:54:00,13.71,16.5,41.5,50.0,0.17,0,5,1,0.0,10.0,25.9,0,0,0,1,13.71,17.6,2.1,19.5,1
2026-01-17T01:12:00,16.64,20.0,45.7,50.0,0.086,1,5,1,0.0,10.0,28.5,0,0,0,2,16.64,20.7,2.5,22.6,0
2026-01-17T01:30:00,44.45,41.0,56.3,65.0,0.134,1,5,1,0.0,10.0,30.4,0,0,2,2,44.45,43.2,5.2,52.4,1
2026-01-17T01:48:00,24.78,22.9,61.5,65.0,0.054,1,5,1,0.0,10.0,27.4,0,0,0,1,24.78,23.4,2.8,26.9,1
2026-01-17T02:06:00,62.15,57.4,55.4,65.0,0.148,2,5,1,0.0,10.0,24.7,0,0,0,2,62.15,60.8,7.3,70.2,1
2026-01-17T02:24:00,29.99,27.7,55.2,65.0,0.151,2,5,1,0.0,10.0,22.6,0,0,0,1,29.99,29.4,3.5,32.2,1
2026-01-17T02:42:00,60.31,55.7,34.0,65.0,0.477,2,5,1,2.8,2.8,26.6,1,3,0,2,60.31,66.3,8.0,111.2,1
2026-01-17T03:00:00,34.45,31.8,35.1,65.0,0.46,3,5,1,0.0,10.0,17.2,1,3,1,2,34.45,37.7,4.5,60.0,1
2026-01-17T03:18:00,51.78,47.8,57.3,65.0,0.118,3,5,1,0.0,10.0,31.8,0,0,2,0,51.78,50.1,6.0,57.5,1
2026-01-17T03:36:00,9.38,11.3,44.9,50.0,0.102,3,5,1,0.0,10.0,39.0,0,0,0,2,9.38,11.8,2.0,14.1,1
2026-01-17T03:54:00,51.44,47.5,51.5,65.0,0.208,3,5,1,0.0,10.0,27.0,1,1,2,1,51.44,51.5,6.2,58.8,1
2026-01-17T04:12:00,53.32,49.2,51.5,65.0,0.208,4,5,1,0.0,10.0,32.8,0,0,1,2,53.32,53.3,6.4,59.9,1
2026-01-17T04:30:00,21.28,19.6,35.6,65.0,0.452,4,5,1,0.0,10.0,24.5,1,2,0,0,21.28,23.1,2.8,38.6,1
2026-01-17T04:48:00,19.31,23.2,42.2,50.0,0.156,4,5,1,0.0,10.0,32.1,0,0,1,2,19.31,24.6,3.0,31.6,1
2026-01-17T05:06:00,17.87,21.4,39.4,50.0,0.212,5,5,1,0.0,10.0,24.7,0,0,2,1,17.87,23.2,2.8,33.4,1
2026-01-17T05:24:00,45.68,42.2,44.1,65.0,0.322,5,5,1,0.0,10.0,35.2,1,1,1,0,45.68,47.6,5.7,63.0,1
2026-01-17T05:42:00,31.3,28.9,57.9,65.0,0.109,5,5,1,0.0,10.0,22.7,0,0,0,2,31.3,30.2,3.6,31.2,0
2026-01-17T06:00:00,14.9,17.9,43.2,50.0,0.136,6,5,1,0.0,10.0,43.6,0,0,0,2,14.9,18.9,2.3,19.3,0
2026-01-17T06:18:00,13.92,16.7,43.3,50.0,0.134,6,5,1,0.0,10.0,29.2,0,0,0,1,13.92,17.6,2.1,16.7,0
2026-01-17T06:36:00,43.54,40.2,60.3,65.0,0.072,6,5,1,0.0,10.0,21.0,0,0,0,2,43.54,41.4,5.0,43.5,0
2026-01-17T06:54:00,56.91,52.5,57.8,65.0,0.111,6,5,1,0.0,10.0,21.0,0,0,1,0,56.91,54.8,6.6,52.8,0
2026-01-17T07:12:00,59.85,55.2,58.2,65.0,0.105,7,5,1,0.0,10.0,23.0,0,0,0,2,59.85,57.5,6.9,58.3,0
2026-01-17T07:30:00,10.97,13.2,41.6,50.0,0.168,7,5,1,0.1,2.0,31.4,0,0,2,2,10.97,14.1,2.0,14.0,0
2026-01-17T07:48:00,15.26,18.3,46.5,50.0,0.07,7,5,1,0.0,10.0,29.5,0,0,1,1,15.26,18.8,2.3,21.9,1
2026-01-17T08:06:00,57.64,53.2,63.0,65.0,0.031,8,5,1,0.0,10.0,34.3,0,0,1,2,57.64,53.9,6.5,53.2,0
2026-01-17T08:24:00,64.54,59.6,56.9,65.0,0.125,8,5,1,0.0,10.0,33.5,0,0,0,2,64.54,62.6,7.5,65.1,0
2026-01-17T08:42:00,28.73,26.5,55.9,65.0,0.14,8,5,1,0.0,10.0,24.7,0,0,0,1,28.73,28.0,3.4,29.8,0
2026-01-17T09:00:00,40.47,37.4,60.4,65.0,0.071,9,5,1,0.0,10.0,22.2,0,0,1,2,40.47,38.5,4.6,41.6,0
2026-01-17T09:18:00,24.56,22.7,61.4,65.0,0.055,9,5,1,0.0,10.0,30.1,0,0,1,0,24.56,23.2,2.8,23.5,0
2026-01-17T09:36:00,38.39,35.4,53.0,65.0,0.185,9,5,1,3.1,4.3,27.2,0,0,1,0,38.39,38.0,4.6,42.0,1
2026-01-17T09:54:00,63.49,58.6,58.2,65.0,0.105,9,5,1,0.0,10.0,32.8,0,0,1,2,63.49,61.1,7.3,66.7,0
2026-01-17T10:12:00,38.32,35.4,59.4,65.0,0.086,10,5,1,0.0,10.0,31.0,0,0,0,0,38.32,36.6,4.4,38.8,0
2026-01-17T10:30:00,43.89,40.5,60.5,65.0,0.069,10,5,1,0.0,10.0,26.0,0,0,1,0,43.89,41.6,5.0,40.5,0
2026-01-17T10:48:00,53.78,49.6,58.3,65.0,0.103,10,5,1,0.0,10.0,32.9,0,0,0,2,53.78,51.6,6.2,54.6,0
2026-01-17T11:06:00,24.98,23.1,56.0,65.0,0.138,11,5,1,0.0,10.0,24.3,0,0,0,2,24.98,24.4,2.9,27.2,1
2026-01-17T11:24:00,27.21,25.1,42.3,65.0,0.349,11,5,1,0.0,10.0,22.7,1,2,1,2,27.21,28.6,3.4,39.9,1
2026-01-17T11:42:00,64.75,59.8,56.6,65.0,0.129,11,5,1,0.0,10.0,26.4,0,0,2,1,64.75,62.9,7.5,66.4,0
2026-01-17T12:00:00,58.38,53.9,55.4,65.0,0.148,12,5,1,0.0,10.0,27.5,0,0,1,1,58.38,57.1,6.9,60.8,0
2026-01-17T12:18:00,13.84,16.6,46.6,50.0,0.068,12,5,1,0.0,10.0,23.8,0,0,1,1,13.84,17.1,2.1,16.8,0
2026-01-17T12:36:00,50.37,46.5,62.7,65.0,0.035,12,5,1,0.0,10.0,23.4,0,0,1,1,50.37,47.2,5.7,49.8,0
2026-01-17T12:54:00,60.21,55.6,59.8,65.0,0.08,12,5,1,0.0,10.0,29.0,0,0,0,2,60.21,57.4,6.9,58.3,0
2026-01-17T13:12:00,13.61,16.3,46.8,50.0,0.064,13,5,1,0.0,10.0,24.3,0,0,1,2,13.61,16.7,2.0,18.1,0
2026-01-17T13:30:00,59.19,54.6,62.8,65.0,0.034,13,5,1,0.0,10.0,20.7,0,0,0,2,59.19,55.3,6.6,54.6,0
2026-01-17T13:48:00,46.71,43.1,56.0,65.0,0.138,13,5,1,0.0,10.0,33.3,0,0,0,2,46.71,45.5,5.5,52.4,1
2026-01-17T14:06:00,45.82,42.3,51.5,65.0,0.208,14,5,1,0.0,10.0,30.6,0,0,0,0,45.82,45.8,5.5,56.9,1
2026-01-17T14:24:00,49.26,45.5,58.7,65.0,0.097,14,5,1,0.0,10.0,32.4,0,0,0,2,49.26,47.3,5.7,48.5,0
2026-01-17T14:42:00,38.84,35.9,55.9,65.0,0.14,14,5,1,0.0,10.0,27.5,0,0,0,2,38.84,37.9,4.5,42.3,1
2026-01-17T15:00:00,59.55,55.0,57.9,65.0,0.109,15,5,1,0.0,10.0,25.2,0,0,1,2,59.55,57.4,6.9,60.8,0
2026-01-17T15:18:00,19.7,23.6,43.3,50.0,0.134,15,5,1,0.0,10.0,30.5,0,0,1,1,19.7,24.9,3.0,28.8,1
2026-01-17T15:36:00,53.97,49.8,33.6,65.0,0.483,15,5,1,0.0,10.0,39.5,1,3,0,2,53.97,59.4,7.1,91.1,1
2026-01-17T15:54:00,51.15,47.2,52.5,65.0,0.192,15,5,1,0.0,10.0,27.2,0,0,2,1,51.15,50.8,6.1,59.1,1
2026-01-17T16:12:00,19.79,23.7,42.8,50.0,0.144,16,5,1,0.0,10.0,33.0,0,0,1,2,19.79,25.1,3.0,28.3,1
2026-01-17T16:30:00,54.08,49.9,60.7,65.0,0.066,16,5,1,0.0,10.0,26.7,0,0,1,1,54.08,51.2,6.1,50.1,0
2026-01-17T16:48:00,37.06,34.2,56.7,65.0,0.128,16,5,1,0.0,10.0,20.8,0,0,2,1,37.06,36.0,4.3,43.8,1
2026-01-17T17:06:00,61.04,56.3,56.0,65.0,0.138,17,5,1,0.0,10.0,32.9,0,0,0,2,61.04,59.4,7.1,60.5,0
2026-01-17T17:24:00,62.6,57.8,57.9,65.0,0.109,17,5,1,0.0,10.0,25.8,0,0,0,1,62.6,60.3,7.2,69.5,1
2026-01-17T17:42:00,10.95,13.1,31.2,50.0,0.376,17,5,1,0.0,10.0,34.1,1,1,1,1,10.95,15.1,2.0,20.1,1
2026-01-17T18:00:00,52.03,48.0,58.4,65.0,0.102,18,5,1,0.0,10.0,30.7,0,0,0,0,52.03,50.0,6.0,53.1,0
2026-01-17T18:18:00,14.76,17.7,45.8,50.0,0.084,18,5,1,0.4,3.3,24.4,0,0,0,0,14.76,18.3,2.2,18.2,0
2026-01-17T18:36:00,62.39,57.6,58.3,65.0,0.103,18,5,1,0.0,10.0,28.1,0,0,0,2,62.39,60.0,7.2,63.1,0
2026-01-17T18:54:00,55.73,51.4,56.2,65.0,0.135,18,5,1,0.0,10.0,36.2,0,0,0,1,55.73,54.2,6.5,60.3,1
2026-01-17T19:12:00,20.91,19.3,58.3,65.0,0.103,19,5,1,0.0,10.0,18.8,0,0,1,2,20.91,20.1,2.4,22.6,1
2026-01-17T19:30:00,55.64,51.4,50.6,65.0,0.222,19,5,1,0.0,10.0,25.1,1,1,1,2,55.64,56.0,6.7,66.2,1
2026-01-17T19:48:00,35.01,32.3,55.5,65.0,0.146,19,5,1,0.0,10.0,24.7,0,0,0,2,35.01,34.2,4.1,40.2,1
2026-01-17T20:06:00,24.78,22.9,61.2,65.0,0.058,20,5,1,0.3,3.2,37.1,0,0,1,2,24.78,23.4,2.8,22.9,0
2026-01-17T20:24:00,27.6,25.5,58.9,65.0,0.094,20,5,1,0.0,10.0,29.4,0,0,0,2,27.6,26.5,3.2,27.7,0
2026-01-17T20:42:00,42.52,39.2,58.9,65.0,0.094,20,5,1,0.0,10.0,27.4,0,0,1,2,42.52,40.7,4.9,42.5,0
2026-01-17T21:00:00,12.14,14.6,48.6,50.0,0.028,21,5,1,0.0,10.0,32.1,0,0,0,1,12.14,14.8,2.0,14.6,0
2026-01-17T21:18:00,33.63,31.0,60.2,65.0,0.074,21,5,1,0.0,10.0,31.8,0,0,0,1,33.63,31.9,3.8,31.0,0
2026-01-17T21:36:00,15.44,18.5,46.7,50.0,0.066,21,5,1,0.0,10.0,28.1,0,0,0,1,15.44,19.0,2.3,20.5,0
2026-01-17T21:54:00,64.04,59.1,63.2,65.0,0.028,21,5,1,0.0,10.0,27.0,0,0,0,2,64.04,59.8,7.2,60.6,0
2026-01-17T22:12:00,12.29,14.7,47.5,50.0,0.05,22,5,1,0.8,3.5,26.5,0,0,0,1,12.29,15.0,2.0,17.4,1
2026-01-17T22:30:00,63.7,58.8,57.2,65.0,0.12,22,5,1,0.8,3.4,18.2,0,0,0,0,63.7,61.6,7.4,67.4,0
2026-01-17T22:48:00,13.86,16.6,37.9,50.0,0.242,22,5,1,6.8,4.8,33.7,0,0,1,1,13.86,18.2,2.2,17.8,0
2026-01-17T23:06:00,39.98,36.9,57.0,65.0,0.123,23,5,1,0.0,10.0,32.1,0,0,1,2,39.98,38.7,4.6,42.8,1
2026-01-17T23:24:00,52.28,48.3,56.1,65.0,0.137,23,5,1,0.0,10.0,26.3,0,0,0,0,52.28,50.9,6.1,53.4,0
2026-01-17T23:42:00,30.27,27.9,54.1,65.0,0.168,23,5,1,0.0,10.0,34.3,0,0,0,0,30.27,29.8,3.6,37.5,1
2026-01-18T00:00:00,20.19,18.6,54.9,65.0,0.155,0,6,1,0.0,10.0,32.9,0,0,0,2,20.19,19.8,2.4,22.0,1
2026-01-18T00:18:00,31.39,29.0,58.7,65.0,0.097,0,6,1,0.0,10.0,25.7,0,0,0,1,31.39,30.1,3.6,31.3,0
2026-01-18T00:36:00,13.45,16.1,45.8,50.0,0.084,0,6,1,0.0,10.0,27.7,0,0,1,0,13.45,16.6,2.0,17.7,0
2026-01-18T00:54:00,62.65,57.8,61.9,65.0,0.048,0,6,1,0.0,10.0,16.3,0,0,0,2,62.65,58.9,7.1,63.2,0
2026-01-18T01:12:00,47.0,43.4,32.2,65.0,0.505,1,6,1,0.0,10.0,19.3,1,3,2,0,47.0,52.2,6.3,86.1,1
2026-01-18T01:30:00,23.54,21.7,56.0,65.0,0.138,1,6,1,0.0,10.0,28.2,0,0,0,2,23.54,22.9,2.7,25.6,1
2026-01-18T01:48:00,13.21,15.9,45.6,50.0,0.088,1,6,1,0.0,10.0,32.4,0,0,1,2,13.21,16.5,2.0,17.3,0
2026-01-18T02:06:00,56.21,51.9,57.8,65.0,0.111,2,6,1,0.0,10.0,28.0,0,0,0,2,56.21,54.2,6.5,57.0,0
2026-01-18T02:24:00,10.95,13.1,44.6,50.0,0.108,2,6,1,0.0,10.0,26.1,0,0,2,2,10.95,13.7,2.0,13.8,0
2026-01-18T02:42:00,53.04,49.0,52.5,65.0,0.192,2,6,1,0.0,10.0,12.3,0,0,0,2,53.04,52.8,6.3,59.5,1
2026-01-18T03:00:00,36.35,33.6,61.1,65.0,0.06,3,6,1,0.0,10.0,25.0,0,0,2,0,36.35,34.4,4.1,35.9,0
2026-01-18T03:18:00,17.42,20.9,45.2,50.0,0.096,3,6,1,0.0,10.0,30.6,0,0,1,2,17.42,21.7,2.6,25.1,1
2026-01-18T03:36:00,50.64,46.7,55.8,65.0,0.142,3,6,1,1.1,3.7,25.0,0,0,2,1,50.64,49.4,5.9,55.8,1
2026-01-18T03:54:00,14.84,17.8,47.9,50.0,0.042,3,6,1,0.0,10.0,27.3,0,0,1,2,14.84,18.1,2.2,17.8,0
2026-01-18T04:12:00,22.85,21.1,58.8,65.0,0.095,4,6,1,0.0,10.0,40.1,0,0,1,2,22.85,21.9,2.6,24.1,0
2026-01-18T04:30:00,47.07,43.4,52.1,65.0,0.198,4,6,1,0.5,3.7,19.3,0,0,0,2,47.07,46.8,5.6,50.1,1
2026-01-18T04:48:00,56.63,52.3,62.8,65.0,0.034,4,6,1,0.0,10.0,29.8,0,0,2,1,56.63,53.0,6.4,55.3,0
2026-01-18T05:06:00,33.21,30.7,58.4,65.0,0.102,5,6,1,0.0,10.0,17.3,0,0,0,2,33.21,32.0,3.8,36.4,1
2026-01-18T05:24:00,32.19,29.7,55.5,65.0,0.146,5,6,1,1.3,3.1,28.1,0,0,0,2,32.19,31.4,3.8,31.8,0
2026-01-18T05:42:00,43.13,39.8,53.8,65.0,0.172,5,6,1,0.0,10.0,27.2,0,0,1,2,43.13,42.5,5.1,42.2,0
2026-01-18T06:00:00,40.35,37.2,59.7,65.0,0.082,6,6,1,0.0,10.0,15.0,0,0,1,0,40.35,38.4,4.6,42.0,0
2026-01-18T06:18:00,52.54,48.5,53.2,65.0,0.182,6,6,1,0.0,10.0,34.0,0,0,1,2,52.54,52.0,6.2,56.4,1
2026-01-18T06:36:00,20.09,18.5,59.7,65.0,0.082,6,6,1,0.0,10.0,29.5,0,0,0,2,20.09,19.1,2.3,20.0,0
2026-01-18T06:54:00,53.34,49.2,57.1,65.0,0.122,6,6,1,0.0,10.0,22.9,0,0,0,1,53.34,51.6,6.2,55.2,0
2026-01-18T07:12:00,36.89,34.1,59.6,65.0,0.083,7,6,1,0.0,10.0,16.4,0,0,1,2,36.89,35.2,4.2,38.9,0
2026-01-18T07:30:00,25.05,23.1,62.7,65.0,0.035,7,6,1,0.0,10.0,28.3,0,0,0,2,25.05,23.4,2.8,24.2,0
2026-01-18T07:48:00,46.05,42.5,56.6,65.0,0.129,7,6,1,0.0,10.0,17.1,0,0,0,2,46.05,44.7,5.4,46.5,0
2026-01-18T08:06:00,28.54,26.3,59.7,65.0,0.082,8,6,1,0.0,10.0,20.7,0,0,0,2,28.54,27.2,3.3,29.4,0
2026-01-18T08:24:00,59.08,54.5,53.8,65.0,0.172,8,6,1,0.0,10.0,22.6,0,0,0,1,59.08,58.2,7.0,61.8,0
2026-01-18T08:42:00,19.02,22.8,47.3,50.0,0.054,8,6,1,0.0,10.0,17.8,0,0,1,2,19.02,23.3,2.8,28.0,1
2026-01-18T09:00:00,31.66,29.2,27.5,65.0,0.577,9,6,1,0.0,10.0,25.2,1,3,0,2,31.66,35.9,4.3,71.5,1
2026-01-18T09:18:00,42.95,39.6,59.8,65.0,0.08,9,6,1,0.0,10.0,19.5,0,0,1,1,42.95,40.9,4.9,43.9,0
2026-01-18T09:36:00,22.18,20.5,59.6,65.0,0.083,9,6,1,0.0,10.0,25.6,0,0,1,2,22.18,21.2,2.5,20.5,0
2026-01-18T09:54:00,63.14,58.3,57.9,65.0,0.109,9,6,1,0.0,10.0,28.4,0,0,0,2,63.14,60.8,7.3,63.0,0
2026-01-18T10:12:00,38.87,35.9,58.0,65.0,0.108,10,6,1,0.0,10.0,28.0,0,0,0,2,38.87,37.5,4.5,41.9,1
2026-01-18T10:30:00,62.03,57.3,53.4,65.0,0.178,10,6,1,0.0,10.0,22.7,0,0,0,2,62.03,61.4,7.4,73.6,1
2026-01-18T10:48:00,9.79,11.7,37.8,50.0,0.244,10,6,1,0.0,10.0,37.5,0,0,0,2,9.79,12.8,2.0,11.7,0
2026-01-18T11:06:00,54.78,50.6,56.2,65.0,0.135,11,6,1,0.0,10.0,23.3,0,0,0,2,54.78,53.3,6.4,59.8,1
2026-01-18T11:24:00,23.89,22.1,57.9,65.0,0.109,11,6,1,0.0,10.0,23.1,0,0,0,1,23.89,23.1,2.8,26.4,1
2026-01-18T11:42:00,61.62,56.9,55.1,65.0,0.152,11,6,1,0.0,10.0,29.6,0,0,2,1,61.62,60.4,7.2,63.9,0
2026-01-18T12:00:00,50.08,46.2,58.1,65.0,0.106,12,6,1,0.0,10.0,37.7,0,0,1,0,50.08,48.2,5.8,55.5,1
2026-01-18T12:18:00,31.03,28.6,53.7,65.0,0.174,12,6,1,0.0,10.0,23.7,0,0,0,1,31.03,30.6,3.7,33.9,1
2026-01-18T12:36:00,60.27,55.6,54.7,65.0,0.158,12,6,1,0.0,10.0,23.6,0,0,0,2,60.27,59.1,7.1,69.7,1
2026-01-18T12:54:00,23.18,21.4,55.1,65.0,0.152,12,6,1,0.0,10.0,28.1,0,0,0,0,23.18,22.7,2.7,30.2,1
2026-01-18T13:12:00,51.23,47.3,38.6,65.0,0.406,13,6,1,0.0,10.0,28.0,1,2,1,1,51.23,55.0,6.6,78.4,1
2026-01-18T13:30:00,15.3,18.4,41.9,50.0,0.162,13,6,1,0.0,10.0,23.5,0,0,1,1,15.3,19.6,2.4,18.5,0
2026-01-18T13:48:00,50.84,46.9,59.4,65.0,0.086,13,6,1,0.0,10.0,21.3,0,0,1,1,50.84,48.5,5.8,50.5,0
2026-01-18T14:06:00,15.97,19.2,42.4,50.0,0.152,14,6,1,0.0,10.0,23.9,0,0,1,2,15.97,20.4,2.4,23.4,1
2026-01-18T14:24:00,19.52,23.4,33.1,50.0,0.338,14,6,1,0.0,10.0,26.0,1,2,0,2,19.52,26.6,3.2,33.2,1
2026-01-18T14:42:00,13.27,15.9,44.1,50.0,0.118,14,6,1,0.0,10.0,38.9,0,0,0,0,13.27,16.7,2.0,16.3,0
2026-01-18T15:00:00,42.94,39.6,57.4,65.0,0.117,15,6,1,0.0,10.0,37.4,0,0,0,2,42.94,41.5,5.0,43.6,0
2026-01-18T15:18:00,39.9,36.8,57.6,65.0,0.114,15,6,1,0.0,10.0,19.1,0,0,1,0,39.9,38.5,4.6,43.4,1
2026-01-18T15:36:00,12.76,15.3,47.8,50.0,0.044,15,6,1,0.1,3.7,23.1,0,0,1,2,12.76,15.6,2.0,16.2,0
2026-01-18T15:54:00,55.28,51.0,59.1,65.0,0.091,15,6,1,0.0,10.0,26.5,0,0,1,1,55.28,52.9,6.3,58.8,1
2026-01-18T16:12:00,37.3,34.4,60.4,65.0,0.071,16,6,1,0.0,10.0,21.5,0,0,0,2,37.3,35.4,4.2,34.9,0
2026-01-18T16:30:00,54.91,50.7,55.7,65.0,0.143,16,6,1,0.0,10.0,24.0,0,0,0,2,54.91,53.6,6.4,61.8,1
2026-01-18T16:48:00,49.76,45.9,56.1,65.0,0.137,16,6,1,0.0,10.0,24.4,0,0,1,2,49.76,48.4,5.8,53.1,1
2026-01-18T17:06:00,47.41,43.8,57.8,65.0,0.111,17,6,1,0.0,10.0,25.7,0,0,2,2,47.41,45.7,5.5,54.1,1
2026-01-18T17:24:00,42.24,39.0,54.9,65.0,0.155,17,6,1,0.0,10.0,30.7,0,0,0,2,42.24,41.4,5.0,45.1,1
2026-01-18T17:42:00,34.98,32.3,58.1,65.0,0.106,17,6,1,0.0,10.0,17.8,0,0,2,2,34.98,33.7,4.0,33.3,0
2026-01-18T18:00:00,34.96,32.3,57.9,65.0,0.109,18,6,1,0.0,10.0,22.0,0,0,1,0,34.96,33.7,4.0,33.2,0
2026-01-18T18:18:00,31.6,29.2,59.5,65.0,0.085,18,6,1,0.0,10.0,24.0,0,0,2,2,31.6,30.2,3.6,30.7,0
2026-01-18T18:36:00,16.48,19.8,44.6,50.0,0.108,18,6,1,0.0,10.0,21.9,0,0,0,1,16.48,20.7,2.5,26.0,1
2026-01-18T18:54:00,20.15,18.6,61.7,65.0,0.051,18,6,1,0.0,10.0,14.6,0,0,0,0,20.15,19.0,2.3,18.6,0
2026-01-18T19:12:00,63.36,58.5,57.4,65.0,0.117,19,6,1,0.0,10.0,30.5,0,0,0,1,63.36,61.2,7.3,69.8,1
2026-01-18T19:30:00,46.21,42.7,53.4,65.0,0.178,19,6,1,1.5,3.0,26.8,0,0,1,0,46.21,45.7,5.5,51.0,1
2026-01-18T19:48:00,61.1,56.4,58.3,65.0,0.103,19,6,1,0.0,10.0,24.2,0,0,0,1,61.1,58.7,7.0,66.1,1
2026-01-18T20:06:00,32.25,29.8,61.6,65.0,0.052,20,6,1,2.8,2.5,27.7,0,0,2,1,32.25,30.4,3.6,34.7,1
2026-01-18T20:24:00,25.26,23.3,57.2,65.0,0.12,20,6,1,0.0,10.0,33.7,0,0,2,2,25.26,24.4,2.9,25.6,0
2026-01-18T20:42:00,50.81,46.9,51.1,65.0,0.214,20,6,1,0.0,10.0,25.8,0,0,1,2,50.81,50.9,6.1,63.2,1
2026-01-18T21:00:00,32.24,29.8,60.1,65.0,0.075,21,6,1,0.0,10.0,25.3,0,0,0,2,32.24,30.7,3.7,31.5,0
2026-01-18T21:18:00,59.27,54.7,53.5,65.0,0.177,21,6,1,0.0,10.0,30.0,0,0,1,2,59.27,58.6,7.0,69.4,1
2026-01-18T21:36:00,30.93,28.6,55.7,65.0,0.143,21,6,1,0.0,10.0,30.9,0,0,1,0,30.93,30.2,3.6,36.1,1
2026-01-18T21:54:00,48.56,44.8,52.9,65.0,0.186,21,6,1,0.0,10.0,35.2,0,0,0,2,48.56,48.1,5.8,59.2,1
2026-01-18T22:12:00,26.52,24.5,58.2,65.0,0.105,22,6,1,0.0,10.0,28.5,0,0,0,2,26.52,25.5,3.1,30.7,1
2026-01-18T22:30:00,11.7,14.0,46.8,50.0,0.064,22,6,1,0.0,10.0,18.1,0,0,1,2,11.7,14.4,2.0,16.6,1
2026-01-18T22:48:00,14.3,17.2,49.2,50.0,0.016,22,6,1,0.0,10.0,31.0,0,0,1,2,14.3,17.3,2.1,17.2,0
2026-01-18T23:06:00,33.29,30.7,49.5,65.0,0.238,23,6,1,0.4,4.2,22.7,0,0,2,2,33.29,33.6,4.0,44.6,1
2026-01-18T23:24:00,18.3,22.0,40.9,50.0,0.182,23,6,1,0.0,10.0,28.5,0,0,2,0,18.3,23.6,2.8,30.3,1
2026-01-18T23:42:00,17.17,20.6,33.6,50.0,0.328,23,6,1,0.0,10.0,32.1,1,1,1,2,17.17,23.3,2.8,32.1,1
2026-01-19T00:00:00,60.49,55.8,40.6,65.0,0.375,0,0,0,0.0,10.0,26.9,1,2,1,0,60.49,64.2,7.7,96.1,1
2026-01-19T00:18:00,43.11,39.8,55.4,65.0,0.148,0,0,0,0.0,10.0,23.0,0,0,2,0,43.11,42.2,5.1,44.9,0
2026-01-19T00:36:00,43.2,39.9,59.3,65.0,0.088,0,0,0,0.0,10.0,21.9,0,0,0,2,43.2,41.3,5.0,46.5,1
2026-01-19T00:54:00,62.73,57.9,61.2,65.0,0.058,0,0,0,0.0,10.0,22.5,0,0,1,1,62.73,59.2,7.1,62.2,0
2026-01-19T01:12:00,43.99,40.6,55.9,65.0,0.14,1,0,0,0.0,10.0,17.5,0,0,0,1,43.99,42.9,5.1,46.8,1
2026-01-19T01:30:00,25.07,23.1,55.1,65.0,0.152,1,0,0,0.0,10.0,16.8,0,0,1,2,25.07,24.5,2.9,30.6,1
2026-01-19T01:48:00,39.19,36.2,57.8,65.0,0.111,1,0,0,0.0,10.0,26.6,0,0,2,2,39.19,37.8,4.5,40.0,0
2026-01-19T02:06:00,45.55,42.0,51.6,65.0,0.206,2,0,0,0.0,10.0,28.5,0,0,0,2,45.55,45.5,5.5,54.8,1
2026-01-19T02:24:00,48.19,44.5,52.6,65.0,0.191,2,0,0,0.0,10.0,29.8,0,0,0,2,48.19,47.9,5.7,56.8,1
2026-01-19T02:42:00,12.99,15.6,44.7,50.0,0.106,2,0,0,0.0,10.0,22.6,0,0,2,0,12.99,16.3,2.0,15.6,0
2026-01-19T03:00:00,13.73,16.5,46.5,50.0,0.07,3,0,0,0.0,10.0,20.5,0,0,0,0,13.73,17.0,2.0,16.8,0
2026-01-19T03:18:00,54.94,50.7,58.8,65.0,0.095,3,0,0,0.0,10.0,31.0,0,0,0,2,54.94,52.6,6.3,59.7,1
2026-01-19T03:36:00,63.61,58.7,57.9,65.0,0.109,3,0,0,0.0,10.0,25.3,0,0,0,0,63.61,61.3,7.4,65.5,0
2026-01-19T03:54:00,32.43,29.9,60.3,65.0,0.072,3,0,0,0.0,10.0,24.2,0,0,1,2,32.43,30.8,3.7,29.9,0
2026-01-19T04:12:00,53.72,49.6,56.4,65.0,0.132,4,0,0,0.0,10.0,23.0,0,0,1,1,53.72,52.2,6.3,58.6,1
2026-01-19T04:30:00,47.04,43.4,58.9,65.0,0.094,4,0,0,0.0,10.0,20.4,0,0,1,2,47.04,45.0,5.4,48.6,0
2026-01-19T04:48:00,17.73,21.3,43.5,50.0,0.13,4,0,0,0.0,10.0,31.2,0,0,0,1,17.73,22.4,2.7,26.9,1
2026-01-19T05:06:00,28.14,26.0,51.9,65.0,0.202,5,0,0,0.0,10.0,34.1,0,0,0,0,28.14,28.1,3.4,26.3,0
2026-01-19T05:24:00,47.71,44.0,57.3,65.0,0.118,5,0,0,0.0,10.0,19.6,0,0,1,0,47.71,46.1,5.5,48.5,0
2026-01-19T05:42:00,32.74,30.2,59.1,65.0,0.091,5,0,0,0.4,3.4,32.5,0,0,1,2,32.74,31.3,3.8,30.2,0
2026-01-19T06:00:00,51.23,47.3,57.8,65.0,0.111,6,0,0,0.0,10.0,35.3,0,0,2,2,51.23,49.4,5.9,56.7,1
2026-01-19T06:18:00,45.64,42.1,55.2,65.0,0.151,6,0,0,0.0,10.0,39.2,0,0,0,1,45.64,44.6,5.4,51.9,1
2026-01-19T06:36:00,39.55,36.5,53.9,65.0,0.171,6,0,0,0.0,10.0,23.9,0,0,2,0,39.55,39.0,4.7,42.7,1
2026-01-19T06:54:00,32.03,29.6,51.9,65.0,0.202,6,0,0,0.0,10.0,25.8,0,0,0,2,32.03,32.0,3.8,35.5,1
2026-01-19T07:12:00,54.83,50.6,53.6,65.0,0.175,7,0,0,1.3,4.9,29.8,0,0,1,2,54.83,54.1,6.5,61.4,1
2026-01-19T07:30:00,21.21,19.6,59.4,65.0,0.086,7,0,0,0.0,10.0,15.3,0,0,0,2,21.21,20.3,2.4,22.1,0
2026-01-19T07:48:00,56.13,51.8,54.7,65.0,0.158,7,0,0,0.0,10.0,26.8,0,0,0,0,56.13,55.1,6.6,63.5,1
2026-01-19T08:06:00,21.62,20.0,33.2,65.0,0.489,8,0,0,7.2,2.0,33.3,0,0,0,2,21.62,23.9,2.9,34.9,1
2026-01-19T08:24:00,56.45,52.1,38.2,65.0,0.412,8,0,0,0.0,10.0,29.7,0,0,0,1,56.45,60.7,7.3,86.8,1
2026-01-19T08:42:00,49.85,46.0,35.3,65.0,0.457,8,0,0,0.0,10.0,18.2,0,0,0,1,49.85,54.4,6.5,82.1,1
2026-01-19T09:00:00,14.9,17.9,31.2,50.0,0.376,9,0,0,0.0,10.0,15.0,0,0,0,0,14.9,20.6,2.5,25.4,1
2026-01-19T09:18:00,18.5,22.2,28.1,50.0,0.438,9,0,0,0.0,10.0,24.8,0,0,1,0,18.5,26.1,3.1,40.9,1
2026-01-19T09:36:00,32.65,30.1,39.5,65.0,0.392,9,0,0,0.0,10.0,33.7,0,0,1,2,32.65,34.8,4.2,46.4,1
2026-01-19T09:54:00,33.5,30.9,45.1,65.0,0.306,9,0,0,0.0,10.0,18.1,0,0,0,0,33.5,34.7,4.2,45.6,1
2026-01-19T10:12:00,54.96,50.7,38.7,65.0,0.405,10,0,0,0.0,10.0,28.1,0,0,0,0,54.96,58.9,7.1,86.9,1
2026-01-19T10:30:00,44.96,41.5,38.0,65.0,0.415,10,0,0,0.0,10.0,16.2,0,0,1,2,44.96,48.4,5.8,68.8,1
2026-01-19T10:48:00,34.46,31.8,40.7,65.0,0.374,10,0,0,0.5,4.0,24.0,0,0,0,2,34.46,36.6,4.4,50.4,1
2026-01-19T11:06:00,49.73,45.9,58.8,65.0,0.095,11,0,0,0.0,10.0,20.8,0,0,0,2,49.73,47.6,5.7,51.3,0
2026-01-19T11:24:00,40.57,37.4,58.6,65.0,0.098,11,0,0,0.0,10.0,33.1,0,0,1,1,40.57,38.9,4.7,38.9,0
2026-01-19T11:42:00,29.91,27.6,44.9,65.0,0.309,11,0,0,5.8,5.0,22.1,0,0,0,2,29.91,31.0,3.7,41.2,1
2026-01-19T12:00:00,46.02,42.5,59.4,65.0,0.086,12,0,0,0.0,10.0,20.3,0,0,1,2,46.02,44.0,5.3,42.5,0
2026-01-19T12:18:00,57.77,53.3,50.7,65.0,0.22,12,0,0,7.9,4.0,23.6,0,0,1,1,57.77,58.0,7.0,74.3,1
2026-01-19T12:36:00,56.85,52.5,58.6,65.0,0.098,12,0,0,0.0,10.0,24.0,0,0,2,2,56.85,54.6,6.6,63.4,1
2026-01-19T12:54:00,12.53,15.0,47.0,50.0,0.06,12,0,0,0.0,10.0,29.4,0,0,1,2,12.53,15.4,2.0,19.2,1
2026-01-19T13:12:00,31.06,28.7,57.9,65.0,0.109,13,0,0,0.0,10.0,27.7,0,0,1,2,31.06,30.0,3.6,30.7,0
2026-01-19T13:30:00,23.94,22.1,64.2,65.0,0.012,13,0,0,0.0,10.0,36.4,0,0,1,1,23.94,22.2,2.7,22.1,0
2026-01-19T13:48:00,59.05,54.5,58.6,65.0,0.098,13,0,0,0.0,10.0,27.8,0,0,1,2,59.05,56.6,6.8,60.9,0
2026-01-19T14:06:00,37.13,34.3,53.8,65.0,0.172,14,0,0,0.0,10.0,25.1,0,0,1,2,37.13,36.7,4.4,38.9,0
2026-01-19T14:24:00,48.74,45.0,58.4,65.0,0.102,14,0,0,0.0,10.0,23.8,0,0,1,1,48.74,46.8,5.6,50.1,0
2026-01-19T14:42:00,23.73,21.9,56.7,65.0,0.128,14,0,0,0.0,10.0,26.9,0,0,0,1,23.73,23.0,2.8,21.9,0
2026-01-19T15:00:00,30.45,28.1,29.5,65.0,0.546,15,0,0,0.0,10.0,23.9,1,3,0,1,30.45,34.2,4.1,60.9,1
2026-01-19T15:18:00,52.72,48.7,56.3,65.0,0.134,15,0,0,0.0,10.0,29.7,0,0,1,2,52.72,51.3,6.2,53.1,0
2026-01-19T15:36:00,14.4,17.3,40.7,50.0,0.186,15,0,0,0.0,10.0,24.1,0,0,1,1,14.4,18.6,2.2,24.3,1
2026-01-19T15:54:00,21.39,19.7,52.8,65.0,0.188,15,0,0,0.0,10.0,27.6,0,0,0,2,21.39,21.2,2.5,25.7,1
2026-01-19T16:12:00,9.53,11.4,25.4,50.0,0.492,16,0,0,4.1,3.3,29.5,1,2,2,1,9.53,13.6,2.0,21.9,1
2026-01-19T16:30:00,23.93,22.1,57.0,65.0,0.123,16,0,0,0.0,10.0,25.1,0,0,1,1,23.93,23.2,2.8,26.8,1
2026-01-19T16:48:00,57.68,53.2,57.5,65.0,0.115,16,0,0,1.8,4.4,20.9,0,0,0,1,57.68,55.6,6.7,65.1,1
2026-01-19T17:06:00,61.02,56.3,41.5,65.0,0.362,17,0,0,0.0,10.0,30.8,0,0,0,2,61.02,64.5,7.7,87.4,1
2026-01-19T17:24:00,19.78,23.7,34.1,50.0,0.318,17,0,0,0.0,10.0,34.3,0,0,2,2,19.78,26.7,3.2,32.2,1
2026-01-19T17:42:00,63.25,58.4,39.4,65.0,0.394,17,0,0,0.0,10.0,25.7,0,0,0,2,63.25,67.6,8.1,98.8,1
2026-01-19T18:00:00,10.55,12.7,32.0,50.0,0.36,18,0,0,0.0,10.0,31.7,0,0,0,0,10.55,14.5,2.0,19.1,1
2026-01-19T18:18:00,14.36,17.2,31.9,50.0,0.362,18,0,0,0.0,10.0,31.4,0,0,1,2,14.36,19.7,2.4,24.4,1
2026-01-19T18:36:00,30.63,28.3,43.7,65.0,0.328,18,0,0,0.0,10.0,21.8,0,0,1,0,30.63,32.0,3.8,40.2,1
2026-01-19T18:54:00,61.57,56.8,35.8,65.0,0.449,18,0,0,0.0,10.0,22.0,0,0,1,1,61.57,67.0,8.0,105.2,1
2026-01-19T19:12:00,41.77,38.6,18.8,65.0,0.711,19,0,0,18.7,3.2,32.0,0,0,1,0,41.77,49.6,6.0,130.4,1
2026-01-19T19:30:00,59.62,55.0,23.0,65.0,0.646,19,0,0,0.0,10.0,16.7,1,2,2,0,59.62,69.2,8.3,151.8,1
2026-01-19T19:48:00,34.04,31.4,18.0,65.0,0.723,19,0,0,0.0,10.0,17.6,1,3,1,1,34.04,40.5,4.9,115.1,1
2026-01-19T20:06:00,58.45,54.0,42.4,65.0,0.348,20,0,0,0.0,10.0,22.3,0,0,0,1,58.45,61.5,7.4,81.9,1
2026-01-19T20:24:00,64.44,59.5,40.7,65.0,0.374,20,0,0,0.0,10.0,34.7,0,0,0,2,64.44,68.4,8.2,95.7,1
2026-01-19T20:42:00,57.8,53.4,38.7,65.0,0.405,20,0,0,0.0,10.0,33.5,0,0,2,2,57.8,62.1,7.5,89.9,1
2026-01-19T21:00:00,39.91,36.8,49.5,65.0,0.238,21,0,0,9.6,4.7,40.8,0,0,0,2,39.91,40.3,4.8,46.6,1
2026-01-19T21:18:00,33.88,31.3,55.7,65.0,0.143,21,0,0,0.0,10.0,28.8,0,0,0,2,33.88,33.1,4.0,33.7,0
2026-01-19T21:36:00,46.46,42.9,52.4,65.0,0.194,21,0,0,0.0,10.0,31.1,0,0,1,1,46.46,46.2,5.5,49.4,1
2026-01-19T21:54:00,56.61,52.3,65.7,65.0,0.0,21,0,0,0.0,10.0,21.0,0,0,0,2,56.61,52.3,6.3,55.1,0
2026-01-19T22:12:00,50.44,46.6,58.1,65.0,0.106,22,0,0,0.0,10.0,21.3,0,0,0,0,50.44,48.6,5.8,56.9,1
2026-01-19T22:30:00,10.98,13.2,41.7,50.0,0.166,22,0,0,0.0,10.0,25.9,0,0,0,2,10.98,14.1,2.0,13.2,0
2026-01-19T22:48:00,35.73,33.0,54.8,65.0,0.157,22,0,0,0.0,10.0,14.5,0,0,1,2,35.73,35.1,4.2,42.6,1
2026-01-19T23:06:00,27.42,25.3,62.9,65.0,0.032,23,0,0,0.0,10.0,26.9,0,0,1,2,27.42,25.6,3.1,25.3,0
2026-01-19T23:24:00,58.75,54.2,33.2,65.0,0.489,23,0,0,0.0,10.0,31.4,1,3,1,2,58.75,64.8,7.8,104.8,1
2026-01-19T23:42:00,39.74,36.7,57.0,65.0,0.123,23,0,0,0.0,10.0,23.4,0,0,1,2,39.74,38.5,4.6,39.7,0
2026-01-20T00:00:00,20.54,19.0,58.7,65.0,0.097,0,1,0,0.0,10.0,23.9,0,0,0,2,20.54,19.7,2.4,19.0,0
2026-01-20T00:18:00,59.84,55.2,56.0,65.0,0.138,0,1,0,0.0,10.0,30.5,0,0,0,1,59.84,58.2,7.0,65.7,1
2026-01-20T00:36:00,45.27,41.8,58.3,65.0,0.103,0,1,0,1.3,5.0,34.0,0,0,0,2,45.27,43.5,5.2,44.6,0
2026-01-20T00:54:00,18.99,22.8,42.6,50.0,0.148,0,1,0,0.0,10.0,22.4,0,0,0,2,18.99,24.1,2.9,27.9,1
2026-01-20T01:12:00,35.46,32.7,41.2,65.0,0.366,1,1,0,13.3,4.4,21.8,0,0,1,2,35.46,37.5,4.5,54.9,1
2026-01-20T01:30:00,51.79,47.8,56.8,65.0,0.126,1,1,0,0.0,10.0,28.7,0,0,1,1,51.79,50.2,6.0,56.3,1
2026-01-20T01:48:00,47.74,44.1,54.5,65.0,0.162,1,1,0,0.0,10.0,21.2,0,0,1,2,47.74,47.0,5.6,54.7,1
2026-01-20T02:06:00,22.3,20.6,58.6,65.0,0.098,2,1,0,0.0,10.0,33.5,0,0,2,0,22.3,21.4,2.6,23.7,1
2026-01-20T02:24:00,41.14,38.0,56.8,65.0,0.126,2,1,0,0.0,10.0,35.6,0,0,0,2,41.14,39.9,4.8,41.8,0
2026-01-20T02:42:00,53.93,49.8,53.1,65.0,0.183,2,1,0,1.3,2.5,24.8,0,0,0,1,53.93,53.4,6.4,58.8,1
2026-01-20T03:00:00,14.91,17.9,39.2,50.0,0.216,3,1,0,0.0,10.0,36.3,0,0,0,2,14.91,19.4,2.3,22.7,1
2026-01-20T03:18:00,30.72,28.4,53.5,65.0,0.177,3,1,0,4.1,5.0,23.8,0,0,1,2,30.72,30.4,3.6,34.7,1
2026-01-20T03:36:00,50.04,46.2,50.7,65.0,0.22,3,1,0,2.5,2.8,25.5,0,0,1,2,50.04,50.3,6.0,56.3,1
2026-01-20T03:54:00,15.97,19.2,43.2,50.0,0.136,3,1,0,0.0,10.0,27.6,0,0,2,2,15.97,20.2,2.4,20.9,0
2026-01-20T04:12:00,57.93,53.5,54.8,65.0,0.157,4,1,0,0.0,10.0,17.0,0,0,0,0,57.93,56.9,6.8,65.7,1
2026-01-20T04:30:00,53.53,49.4,61.7,65.0,0.051,4,1,0,0.0,10.0,34.3,0,0,0,1,53.53,50.4,6.0,51.5,0
2026-01-20T04:48:00,58.29,53.8,54.9,65.0,0.155,4,1,0,0.0,10.0,27.2,0,0,1,0,58.29,57.1,6.9,56.3,0
2026-01-20T05:06:00,45.31,41.8,59.3,65.0,0.088,5,1,0,1.0,4.8,19.4,0,0,1,2,45.31,43.3,5.2,47.7,0
2026-01-20T05:24:00,61.07,56.4,62.1,65.0,0.045,5,1,0,0.0,10.0,31.8,0,0,2,2,61.07,57.4,6.9,60.9,0
2026-01-20T05:42:00,43.26,39.9,59.3,65.0,0.088,5,1,0,0.0,10.0,23.5,0,0,0,0,43.26,41.3,5.0,43.3,0
2026-01-20T06:00:00,21.16,19.5,54.0,65.0,0.169,6,1,0,0.0,10.0,28.4,0,0,0,1,21.16,20.8,2.5,25.1,1
2026-01-20T06:18:00,60.74,56.1,57.7,65.0,0.112,6,1,0,0.0,10.0,31.8,0,0,0,2,60.74,58.6,7.0,60.4,0
2026-01-20T06:36:00,10.05,12.1,47.4,50.0,0.052,6,1,0,0.0,10.0,16.5,0,0,0,0,10.05,12.4,2.0,12.1,0
2026-01-20T06:54:00,46.71,43.1,55.7,65.0,0.143,6,1,0,0.0,10.0,29.6,0,0,0,2,46.71,45.6,5.5,49.7,1
2026-01-20T07:12:00,60.31,55.7,55.5,65.0,0.146,7,1,0,2.0,3.6,24.3,0,0,1,2,60.31,59.0,7.1,66.6,1
2026-01-20T07:30:00,61.21,56.5,46.8,65.0,0.28,7,1,0,5.1,4.2,17.3,0,0,1,1,61.21,62.8,7.5,78.7,1
2026-01-20T07:48:00,59.05,54.5,53.4,65.0,0.178,7,1,0,0.0,10.0,29.5,0,0,0,2,59.05,58.4,7.0,64.2,1
2026-01-20T08:06:00,62.72,57.9,18.0,65.0,0.723,8,1,0,0.0,10.0,21.1,1,3,1,2,62.72,74.6,9.0,206.9,1
2026-01-20T08:24:00,19.48,23.4,18.0,50.0,0.64,8,1,0,0.0,10.0,25.8,1,2,0,2,19.48,29.4,3.5,64.5,1
2026-01-20T08:42:00,13.1,15.7,35.3,50.0,0.294,8,1,0,0.0,10.0,27.6,0,0,1,0,13.1,17.5,2.1,18.1,1
2026-01-20T09:00:00,55.37,51.1,38.1,65.0,0.414,9,1,0,0.0,10.0,32.0,0,0,0,0,55.37,59.6,7.2,88.0,1
2026-01-20T09:18:00,23.73,21.9,34.9,65.0,0.463,9,1,0,0.0,10.0,25.0,0,0,1,2,23.73,26.0,3.1,43.3,1
2026-01-20T09:36:00,11.67,14.0,30.1,50.0,0.398,9,1,0,1.9,4.4,25.2,0,0,1,2,11.67,16.2,2.0,24.9,1
2026-01-20T09:54:00,15.69,18.8,18.0,50.0,0.64,9,1,0,0.6,3.9,12.0,1,2,1,1,15.69,23.6,2.8,50.2,1
2026-01-20T10:12:00,23.13,21.4,25.0,65.0,0.615,10,1,0,0.0,10.0,18.7,1,2,0,0,23.13,26.7,3.2,56.1,1
2026-01-20T10:30:00,51.92,47.9,45.2,65.0,0.305,10,1,0,0.0,10.0,26.7,0,0,2,0,51.92,53.7,6.4,68.5,1
2026-01-20T10:48:00,26.5,24.5,36.0,65.0,0.446,10,1,0,0.0,10.0,28.4,0,0,0,0,26.5,28.9,3.5,45.1,1
2026-01-20T11:06:00,41.8,38.6,53.7,65.0,0.174,11,1,0,1.4,3.7,21.1,0,0,0,1,41.8,41.3,5.0,45.3,1
2026-01-20T11:24:00,24.05,22.2,48.4,65.0,0.255,11,1,0,2.7,4.9,18.9,0,0,1,1,24.05,24.5,2.9,30.8,1
2026-01-20T11:42:00,47.27,43.6,54.5,65.0,0.162,11,1,0,0.0,10.0,27.3,0,0,0,1,47.27,46.4,5.6,54.6,1
2026-01-20T12:00:00,24.91,23.0,55.5,65.0,0.146,12,1,0,0.0,10.0,31.3,0,0,1,1,24.91,24.3,2.9,27.4,1
2026-01-20T12:18:00,24.1,22.2,57.4,65.0,0.117,12,1,0,0.0,10.0,18.9,0,0,0,1,24.1,23.2,2.8,24.8,0
2026-01-20T12:36:00,28.31,26.1,60.5,65.0,0.069,12,1,0,0.0,10.0,32.5,0,0,1,2,28.31,26.8,3.2,27.9,0
2026-01-20T12:54:00,32.71,30.2,53.9,65.0,0.171,12,1,0,0.0,10.0,24.5,0,0,0,1,32.71,32.3,3.9,33.6,0
2026-01-20T13:12:00,40.37,37.3,62.7,65.0,0.035,13,1,0,0.0,10.0,29.0,0,0,1,1,40.37,37.8,4.5,37.3,0
2026-01-20T13:30:00,16.02,19.2,43.3,50.0,0.134,13,1,0,0.0,10.0,32.8,0,0,0,1,16.02,20.2,2.4,24.7,1
2026-01-20T13:48:00,55.45,51.2,34.1,65.0,0.475,13,1,0,0.0,10.0,33.1,1,3,1,2,55.45,60.9,7.3,99.2,1
2026-01-20T14:06:00,26.96,24.9,47.8,65.0,0.265,14,1,0,0.0,10.0,28.8,1,1,1,2,26.96,27.5,3.3,31.2,1
2026-01-20T14:24:00,46.36,42.8,44.0,65.0,0.323,14,1,0,0.0,10.0,32.0,1,1,2,1,46.36,48.3,5.8,63.1,1
2026-01-20T14:42:00,34.11,31.5,57.2,65.0,0.12,14,1,0,0.0,10.0,27.8,0,0,0,1,34.11,33.0,4.0,33.1,0
2026-01-20T15:00:00,13.11,15.7,45.8,50.0,0.084,15,1,0,0.0,10.0,18.9,0,0,0,2,13.11,16.2,2.0,18.1,1
2026-01-20T15:18:00,21.51,19.9,55.3,65.0,0.149,15,1,0,0.0,10.0,27.3,0,0,1,2,21.51,21.1,2.5,19.9,0
2026-01-20T15:36:00,62.56,57.7,48.4,65.0,0.255,15,1,0,7.5,4.7,20.2,0,0,1,0,62.56,63.6,7.6,72.1,1
2026-01-20T15:54:00,55.78,51.5,58.0,65.0,0.108,15,1,0,0.0,10.0,34.5,0,0,1,1,55.78,53.7,6.4,60.1,1
2026-01-20T16:12:00,48.17,44.5,61.7,65.0,0.051,16,1,0,0.0,10.0,38.1,0,0,0,1,48.17,45.4,5.4,44.5,0
2026-01-20T16:30:00,55.75,51.5,56.2,65.0,0.135,16,1,0,0.0,10.0,28.6,0,0,0,2,55.75,54.3,6.5,60.7,1
2026-01-20T16:48:00,46.55,43.0,58.6,65.0,0.098,16,1,0,0.0,10.0,10.8,0,0,0,1,46.55,44.7,5.4,47.5,0
2026-01-20T17:06:00,24.47,22.6,45.6,65.0,0.298,17,1,0,0.0,10.0,27.8,0,0,0,2,24.47,25.3,3.0,33.0,1
2026-01-20T17:24:00,55.59,51.3,40.2,65.0,0.382,17,1,0,0.0,10.0,24.2,0,0,1,0,55.59,59.1,7.1,85.6,1
2026-01-20T17:42:00,36.86,34.0,37.9,65.0,0.417,17,1,0,0.0,10.0,33.6,0,0,2,2,36.86,39.7,4.8,56.5,1
2026-01-20T18:00:00,15.95,19.1,36.1,50.0,0.278,18,1,0,0.0,10.0,28.6,0,0,2,1,15.95,21.2,2.5,24.9,1
2026-01-20T18:18:00,18.41,22.1,26.9,50.0,0.462,18,1,0,0.9,3.6,19.1,0,0,0,2,18.41,26.2,3.1,40.6,1
2026-01-20T18:36:00,36.4,33.6,43.8,65.0,0.326,18,1,0,0.0,10.0,30.1,0,0,1,0,36.4,38.0,4.6,52.5,1
2026-01-20T18:54:00,49.27,45.5,35.1,65.0,0.46,18,1,0,4.1,4.8,42.7,0,0,1,0,49.27,53.9,6.5,83.2,1
2026-01-20T19:12:00,29.1,26.9,43.0,65.0,0.338,19,1,0,0.0,10.0,24.3,0,0,1,1,29.1,30.5,3.7,39.6,1
2026-01-20T19:30:00,58.63,54.1,38.7,65.0,0.405,19,1,0,0.0,10.0,36.8,0,0,0,0,58.63,62.9,7.5,90.8,1
2026-01-20T19:48:00,18.86,22.6,33.7,50.0,0.326,19,1,0,0.0,10.0,30.7,0,0,1,1,18.86,25.5,3.1,36.4,1
2026-01-20T20:06:00,47.69,44.0,38.4,65.0,0.409,20,1,0,0.0,10.0,25.4,0,0,1,2,47.69,51.2,6.1,76.5,1
2026-01-20T20:24:00,9.26,11.1,23.8,50.0,0.524,20,1,0,6.1,3.8,31.1,0,0,0,1,9.26,13.4,2.0,22.1,1
2026-01-20T20:42:00,62.21,57.4,34.7,65.0,0.466,20,1,0,0.0,10.0,35.3,1,1,1,0,62.21,68.1,8.2,107.7,1
2026-01-20T21:00:00,46.36,42.8,59.3,65.0,0.088,21,1,0,0.0,10.0,17.0,0,0,1,0,46.36,44.3,5.3,48.2,0
2026-01-20T21:18:00,28.86,26.6,33.8,65.0,0.48,21,1,0,0.0,10.0,33.6,1,3,0,1,28.86,31.7,3.8,51.3,1
2026-01-20T21:36:00,25.31,23.4,58.5,65.0,0.1,21,1,0,0.0,10.0,19.0,0,0,0,2,25.31,24.3,2.9,26.5,0
2026-01-20T21:54:00,31.21,28.8,53.9,65.0,0.171,21,1,0,0.0,10.0,23.7,0,0,0,1,31.21,30.8,3.7,40.0,1
2026-01-20T22:12:00,12.72,15.3,50.2,50.0,0.0,22,1,0,0.0,10.0,32.3,0,0,0,2,12.72,15.3,2.0,15.3,0
2026-01-20T22:30:00,8.51,10.2,43.9,50.0,0.122,22,1,0,0.0,10.0,29.8,0,0,0,2,8.51,10.7,2.0,10.2,0
2026-01-20T22:48:00,27.81,25.7,54.5,65.0,0.162,22,1,0,0.0,10.0,15.4,0,0,1,0,27.81,27.4,3.3,32.3,1
2026-01-20T23:06:00,34.15,31.5,56.5,65.0,0.131,23,1,0,0.0,10.0,24.0,0,0,1,1,34.15,33.2,4.0,35.7,0
2026-01-20T23:24:00,17.75,21.3,46.6,50.0,0.068,23,1,0,0.0,10.0,12.4,0,0,1,2,17.75,21.9,2.6,23.8,0
2026-01-20T23:42:00,60.57,55.9,40.9,65.0,0.371,23,1,0,5.1,4.0,33.1,1,2,0,0,60.57,64.2,7.7,89.2,1
2026-01-21T00:00:00,15.95,19.1,47.0,50.0,0.06,0,2,0,0.0,10.0,28.0,0,0,0,1,15.95,19.6,2.4,19.1,0
2026-01-21T00:18:00,21.65,20.0,54.9,65.0,0.155,0,2,0,0.0,10.0,28.9,0,0,1,2,21.65,21.2,2.5,21.7,0
2026-01-21T00:36:00,46.6,43.0,59.4,65.0,0.086,0,2,0,0.0,10.0,34.8,0,0,0,2,46.6,44.5,5.3,46.9,0
2026-01-21T00:54:00,47.3,43.7,59.9,65.0,0.078,0,2,0,0.0,10.0,26.0,0,0,0,2,47.3,45.1,5.4,46.2,0
2026-01-21T01:12:00,29.57,27.3,55.9,65.0,0.14,1,2,0,0.0,10.0,23.8,0,0,2,2,29.57,28.8,3.5,29.4,0
2026-01-21T01:30:00,29.36,27.1,65.1,65.0,0.0,1,2,0,0.0,10.0,33.6,0,0,0,1,29.36,27.1,3.3,28.3,0
2026-01-21T01:48:00,48.96,45.2,54.3,65.0,0.165,1,2,0,0.0,10.0,29.3,0,0,1,1,48.96,48.2,5.8,55.7,1
2026-01-21T02:06:00,27.09,25.0,56.5,65.0,0.131,2,2,0,0.0,10.0,19.6,0,0,1,2,27.09,26.3,3.2,25.0,0
2026-01-21T02:24:00,37.95,35.0,58.8,65.0,0.095,2,2,0,0.0,10.0,22.9,0,0,2,0,37.95,36.3,4.4,35.0,0
2026-01-21T02:42:00,39.44,36.4,56.7,65.0,0.128,2,2,0,1.8,3.4,39.2,0,0,0,2,39.44,38.3,4.6,45.3,1
2026-01-21T03:00:00,27.82,25.7,52.4,65.0,0.194,3,2,0,0.0,10.0,24.0,0,0,1,0,27.82,27.7,3.3,29.3,0
2026-01-21T03:18:00,32.69,30.2,57.0,65.0,0.123,3,2,0,0.0,10.0,34.7,0,0,0,2,32.69,31.7,3.8,34.3,0
2026-01-21T03:36:00,14.38,17.3,42.3,50.0,0.154,3,2,0,0.0,10.0,26.4,0,0,0,0,14.38,18.4,2.2,22.1,1
2026-01-21T03:54:00,57.93,53.5,56.2,65.0,0.135,3,2,0,0.0,10.0,27.9,0,0,0,2,57.93,56.4,6.8,61.2,0
2026-01-21T04:12:00,13.84,16.6,38.9,50.0,0.222,4,2,0,0.0,10.0,23.3,0,0,0,0,13.84,18.1,2.2,23.2,1
2026-01-21T04:30:00,8.5,10.2,42.1,50.0,0.158,4,2,0,0.0,10.0,42.5,0,0,0,0,8.5,10.8,2.0,10.2,0
2026-01-21T04:48:00,11.8,14.2,38.9,50.0,0.222,4,2,0,0.0,10.0,31.8,0,0,0,2,11.8,15.5,2.0,17.2,1
2026-01-21T05:06:00,55.49,51.2,55.2,65.0,0.151,5,2,0,3.7,2.9,26.0,0,0,0,1,55.49,54.3,6.5,64.9,1
2026-01-21T05:24:00,22.04,20.3,54.8,65.0,0.157,5,2,0,0.0,10.0,20.4,0,0,0,2,22.04,21.6,2.6,26.4,1
2026-01-21T05:42:00,62.18,57.4,53.9,65.0,0.171,5,2,0,0.0,10.0,25.3,0,0,0,0,62.18,61.3,7.4,73.7,1
2026-01-21T06:00:00,14.58,17.5,21.6,50.0,0.568,6,2,0,0.0,10.0,28.8,1,3,1,2,14.58,21.5,2.6,38.9,1
2026-01-21T06:18:00,38.53,35.6,50.4,65.0,0.225,6,2,0,2.7,2.4,33.5,0,0,0,0,38.53,38.8,4.7,49.9,1
2026-01-21T06:36:00,14.19,17.0,42.0,50.0,0.16,6,2,0,0.0,10.0,30.4,0,0,2,1,14.19,18.1,2.2,20.8,1
2026-01-21T06:54:00,17.58,21.1,43.6,50.0,0.128,6,2,0,0.0,10.0,25.3,0,0,1,2,17.58,22.2,2.7,25.3,1
2026-01-21T07:12:00,54.01,49.9,54.4,65.0,0.163,7,2,0,0.0,10.0,23.4,0,0,0,2,54.01,53.2,6.4,59.6,1
2026-01-21T07:30:00,40.7,37.6,52.3,65.0,0.195,7,2,0,0.0,10.0,25.3,0,0,0,2,40.7,40.5,4.9,53.0,1
2026-01-21T07:48:00,31.29,28.9,54.1,65.0,0.168,7,2,0,2.8,2.9,20.4,0,0,2,2,31.29,30.8,3.7,37.6,1
2026-01-21T08:06:00,13.45,16.1,33.0,50.0,0.34,8,2,0,0.0,10.0,17.5,0,0,2,0,13.45,18.3,2.2,31.0,1
2026-01-21T08:24:00,63.25,58.4,18.0,65.0,0.723,8,2,0,0.6,4.0,24.8,1,3,0,2,63.25,75.3,9.0,206.1,1
2026-01-21T08:42:00,45.39,41.9,41.2,65.0,0.366,8,2,0,0.0,10.0,22.2,0,0,0,2,45.39,48.0,5.8,68.9,1
2026-01-21T09:00:00,57.74,53.3,39.9,65.0,0.386,9,2,0,0.0,10.0,26.1,0,0,1,2,57.74,61.5,7.4,89.1,1
2026-01-21T09:18:00,10.19,12.2,31.0,50.0,0.38,9,2,0,0.0,10.0,20.0,0,0,1,1,10.19,14.1,2.0,20.8,1
2026-01-21T09:36:00,35.62,32.9,40.5,65.0,0.377,9,2,0,0.0,10.0,31.0,0,0,1,0,35.62,37.9,4.5,54.0,1
2026-01-21T09:54:00,49.95,46.1,40.6,65.0,0.375,9,2,0,0.0,10.0,33.0,0,0,0,2,49.95,53.0,6.4,74.6,1
2026-01-21T10:12:00,29.98,27.7,43.3,65.0,0.334,10,2,0,0.0,10.0,27.4,0,0,0,2,29.98,31.4,3.8,39.7,1
2026-01-21T10:30:00,18.72,22.5,30.8,50.0,0.384,10,2,0,0.0,10.0,36.5,0,0,2,2,18.72,26.0,3.1,37.3,1
2026-01-21T10:48:00,18.78,22.5,35.3,50.0,0.294,10,2,0,0.0,10.0,29.1,0,0,0,1,18.78,25.1,3.0,31.0,1
2026-01-21T11:06:00,46.52,42.9,59.0,65.0,0.092,11,2,0,0.5,2.2,21.8,0,0,0,1,46.52,44.5,5.3,46.8,0
2026-01-21T11:24:00,20.49,18.9,58.5,65.0,0.1,11,2,0,0.0,10.0,29.6,0,0,1,2,20.49,19.7,2.4,18.9,0
2026-01-21T11:42:00,58.76,54.2,63.1,65.0,0.029,11,2,0,0.0,10.0,11.0,0,0,0,2,58.76,54.8,6.6,54.5,0
2026-01-21T12:00:00,48.46,44.7,57.9,65.0,0.109,12,2,0,0.0,10.0,27.8,0,0,2,1,48.46,46.6,5.6,47.1,0
2026-01-21T12:18:00,30.51,28.2,54.1,65.0,0.168,12,2,0,0.0,10.0,31.4,0,0,1,2,30.51,30.1,3.6,32.1,0
2026-01-21T12:36:00,48.73,45.0,56.3,65.0,0.134,12,2,0,0.0,10.0,31.7,0,0,1,2,48.73,47.4,5.7,54.6,1
2026-01-21T12:54:00,20.14,18.6,55.8,65.0,0.142,12,2,0,0.0,10.0,25.5,0,0,0,0,20.14,19.7,2.4,19.7,0
2026-01-21T13:12:00,50.24,46.4,57.7,65.0,0.112,13,2,0,0.0,10.0,17.1,0,0,2,2,50.24,48.5,5.8,51.4,0
2026-01-21T13:30:00,8.81,10.6,40.1,50.0,0.198,13,2,0,0.0,10.0,34.4,0,0,0,0,8.81,11.4,2.0,10.9,0
2026-01-21T13:48:00,36.16,33.4,46.0,65.0,0.292,13,2,0,7.1,2.8,23.1,0,0,0,2,36.16,37.3,4.5,44.6,1
2026-01-21T14:06:00,41.41,38.2,56.6,65.0,0.129,14,2,0,0.0,10.0,17.2,0,0,0,1,41.41,40.2,4.8,42.5,0
2026-01-21T14:24:00,9.67,11.6,45.1,50.0,0.098,14,2,0,0.0,10.0,16.6,0,0,0,0,9.67,12.1,2.0,13.9,1
2026-01-21T14:42:00,26.57,24.5,53.5,65.0,0.177,14,2,0,0.0,10.0,25.7,0,0,1,1,26.57,26.2,3.1,32.7,1
2026-01-21T15:00:00,41.57,38.4,57.3,65.0,0.118,15,2,0,0.0,10.0,25.1,0,0,0,2,41.57,40.2,4.8,49.5,1
2026-01-21T15:18:00,59.81,55.2,59.2,65.0,0.089,15,2,0,0.0,10.0,33.3,0,0,1,1,59.81,57.2,6.9,61.2,0
2026-01-21T15:36:00,28.3,26.1,57.8,65.0,0.111,15,2,0,0.0,10.0,40.9,0,0,0,2,28.3,27.3,3.3,34.0,1
2026-01-21T15:54:00,32.05,29.6,58.0,65.0,0.108,15,2,0,0.0,10.0,22.7,0,0,1,2,32.05,30.9,3.7,32.4,0
2026-01-21T16:12:00,38.58,35.6,59.1,65.0,0.091,16,2,0,0.0,10.0,27.9,0,0,1,0,38.58,36.9,4.4,41.5,1
2026-01-21T16:30:00,22.27,20.6,54.6,65.0,0.16,16,2,0,0.0,10.0,29.8,0,0,2,1,22.27,21.9,2.6,27.7,1
2026-01-21T16:48:00,56.55,52.2,54.5,65.0,0.162,16,2,0,0.0,10.0,24.5,0,0,1,1,56.55,55.6,6.7,65.3,1
2026-01-21T17:06:00,17.7,21.2,37.1,50.0,0.258,17,2,0,0.0,10.0,28.0,0,0,0,1,17.7,23.4,2.8,32.3,1
2026-01-21T17:24:00,19.29,23.1,30.0,50.0,0.4,17,2,0,0.0,10.0,20.5,0,0,0,0,19.29,26.8,3.2,42.6,1
2026-01-21T17:42:00,39.18,36.2,39.9,65.0,0.386,17,2,0,0.0,10.0,24.7,0,0,0,1,39.18,41.8,5.0,58.7,1
2026-01-21T18:00:00,55.32,51.1,42.0,65.0,0.354,18,2,0,0.0,10.0,28.7,0,0,0,0,55.32,58.3,7.0,79.3,1
2026-01-21T18:18:00,25.9,23.9,40.8,65.0,0.372,18,2,0,0.0,10.0,21.3,0,0,0,1,25.9,27.5,3.3,37.8,1
2026-01-21T18:36:00,49.48,45.7,41.2,65.0,0.366,18,2,0,0.0,10.0,25.8,0,0,0,0,49.48,52.4,6.3,73.5,1
2026-01-21T18:54:00,11.76,14.1,30.2,50.0,0.396,18,2,0,0.0,10.0,21.2,0,0,1,1,11.76,16.3,2.0,27.2,1
2026-01-21T19:12:00,10.98,13.2,30.6,50.0,0.388,19,2,0,0.0,10.0,33.6,0,0,0,2,10.98,15.2,2.0,24.2,1
2026-01-21T19:30:00,19.0,22.8,30.6,50.0,0.388,19,2,0,0.0,10.0,15.9,0,0,0,2,19.0,26.3,3.2,42.1,1
2026-01-21T19:48:00,36.68,33.9,32.7,65.0,0.497,19,2,0,4.0,3.1,22.6,0,0,2,2,36.68,40.6,4.9,67.8,1
2026-01-21T20:06:00,57.44,53.0,41.1,65.0,0.368,20,2,0,0.0,10.0,32.9,0,0,0,2,57.44,60.8,7.3,80.3,1
2026-01-21T20:24:00,40.48,37.4,39.7,65.0,0.389,20,2,0,0.0,10.0,23.1,0,0,0,2,40.48,43.2,5.2,61.5,1
2026-01-21T20:42:00,13.62,16.3,32.2,50.0,0.356,20,2,0,0.0,10.0,27.8,0,0,0,1,13.62,18.6,2.2,24.3,1
2026-01-21T21:00:00,15.3,18.4,42.0,50.0,0.16,21,2,0,0.0,10.0,15.9,1,1,2,2,15.3,19.6,2.4,23.3,1
2026-01-21T21:18:00,46.22,42.7,40.2,65.0,0.382,21,2,0,0.0,10.0,24.0,1,2,0,2,46.22,49.2,5.9,66.0,1
2026-01-21T21:36:00,28.17,26.0,57.6,65.0,0.114,21,2,0,0.0,10.0,29.7,0,0,1,1,28.17,27.2,3.3,31.7,1
2026-01-21T21:54:00,63.08,58.2,54.2,65.0,0.166,21,2,0,0.0,10.0,27.0,0,0,0,0,63.08,62.1,7.5,74.1,1
2026-01-21T22:12:00,53.03,49.0,55.1,65.0,0.152,22,2,0,0.4,4.8,28.4,0,0,0,2,53.03,52.0,6.2,56.0,0
2026-01-21T22:30:00,42.01,38.8,57.0,65.0,0.123,22,2,0,0.0,10.0,25.8,0,0,0,2,42.01,40.7,4.9,48.5,1
2026-01-21T22:48:00,32.57,30.1,60.6,65.0,0.068,22,2,0,0.0,10.0,20.1,0,0,0,2,32.57,30.9,3.7,36.4,1
2026-01-21T23:06:00,29.53,27.3,61.4,65.0,0.055,23,2,0,0.0,10.0,26.0,0,0,1,0,29.53,27.9,3.3,28.7,0
2026-01-21T23:24:00,12.84,15.4,48.5,50.0,0.03,23,2,0,0.0,10.0,29.1,0,0,0,2,12.84,15.6,2.0,15.4,0
2026-01-21T23:42:00,19.99,24.0,37.7,50.0,0.246,23,2,0,0.6,4.3,28.0,0,0,1,1,19.99,26.4,3.2,33.4,1
2026-01-22T00:00:00,58.82,54.3,52.3,65.0,0.195,0,3,0,0.0,10.0,34.0,0,0,0,2,58.82,58.5,7.0,64.0,1
2026-01-22T00:18:00,16.97,20.4,44.6,50.0,0.108,0,3,0,0.0,10.0,24.1,0,0,0,0,16.97,21.3,2.6,20.4,0
2026-01-22T00:36:00,24.63,22.7,55.3,65.0,0.149,0,3,0,0.0,10.0,32.2,0,0,0,2,24.63,24.1,2.9,28.6,1
2026-01-22T00:54:00,44.42,41.0,58.7,65.0,0.097,0,3,0,0.0,10.0,23.9,0,0,0,0,44.42,42.6,5.1,45.3,0
2026-01-22T01:12:00,8.79,10.5,36.3,50.0,0.274,1,3,0,0.0,10.0,32.0,0,0,0,0,8.79,11.7,2.0,18.0,1
2026-01-22T01:30:00,59.99,55.4,56.8,65.0,0.126,1,3,0,0.0,10.0,24.5,0,0,0,2,59.99,58.2,7.0,64.5,1
2026-01-22T01:48:00,41.21,38.0,57.5,65.0,0.115,1,3,0,0.0,10.0,29.4,0,0,0,0,41.21,39.7,4.8,40.4,0
2026-01-22T02:06:00,36.44,33.6,56.7,65.0,0.128,2,3,0,0.0,10.0,28.1,0,0,0,2,36.44,35.3,4.2,39.6,1
2026-01-22T02:24:00,50.09,46.2,52.7,65.0,0.189,2,3,0,0.0,10.0,16.7,0,0,2,2,50.09,49.7,6.0,58.4,1
2026-01-22T02:42:00,16.79,20.1,46.6,50.0,0.068,2,3,0,0.0,10.0,34.7,0,0,0,2,16.79,20.6,2.5,20.1,0
2026-01-22T03:00:00,38.76,35.8,51.5,65.0,0.208,3,3,0,4.7,3.2,29.7,0,0,1,2,38.76,38.8,4.7,47.1,1
2026-01-22T03:18:00,11.71,14.1,42.5,50.0,0.15,3,3,0,0.0,10.0,20.6,0,0,1,0,11.71,14.9,2.0,18.8,1
2026-01-22T03:36:00,57.97,53.5,59.1,65.0,0.091,3,3,0,0.0,10.0,14.7,0,0,0,2,57.97,55.4,6.6,55.4,0
2026-01-22T03:54:00,38.63,35.7,53.2,65.0,0.182,3,3,0,0.0,10.0,28.1,0,0,0,1,38.63,38.3,4.6,39.2,0
2026-01-22T04:12:00,29.07,26.8,56.1,65.0,0.137,4,3,0,0.0,10.0,27.2,0,0,0,2,29.07,28.3,3.4,28.2,0
2026-01-22T04:30:00,60.03,55.4,51.4,65.0,0.209,4,3,0,0.0,10.0,30.1,0,0,0,2,60.03,60.0,7.2,67.8,1
2026-01-22T04:48:00,9.78,11.7,44.8,50.0,0.104,4,3,0,0.0,10.0,27.4,0,0,0,1,9.78,12.2,2.0,14.1,1
2026-01-22T05:06:00,63.81,58.9,57.9,65.0,0.109,5,3,0,0.0,10.0,21.9,0,0,1,2,63.81,61.5,7.4,72.0,1
2026-01-22T05:24:00,46.4,42.8,54.4,65.0,0.163,5,3,0,0.0,10.0,32.4,0,0,1,2,46.4,45.6,5.5,54.8,1
2026-01-22T05:42:00,23.97,22.1,53.0,65.0,0.185,5,3,0,0.0,10.0,26.2,0,0,2,2,23.97,23.7,2.8,22.5,0
2026-01-22T06:00:00,47.52,43.9,58.5,65.0,0.1,6,3,0,0.0,10.0,28.3,0,0,2,0,47.52,45.7,5.5,52.4,1
2026-01-22T06:18:00,37.77,34.9,51.9,65.0,0.202,6,3,0,0.0,10.0,18.7,0,0,0,2,37.77,37.7,4.5,44.8,1
2026-01-22T06:36:00,52.77,48.7,56.4,65.0,0.132,6,3,0,0.0,10.0,24.9,0,0,1,1,52.77,51.3,6.2,55.2,0
2026-01-22T06:54:00,56.75,52.4,54.6,65.0,0.16,6,3,0,0.0,10.0,18.0,0,0,0,1,56.75,55.8,6.7,61.5,1
2026-01-22T07:12:00,9.18,11.0,41.4,50.0,0.172,7,3,0,1.5,2.1,21.0,0,0,1,1,9.18,11.8,2.0,11.1,0
2026-01-22T07:30:00,43.29,40.0,43.6,65.0,0.329,7,3,0,0.0,10.0,26.3,1,2,2,1,43.29,45.3,5.4,55.8,1
2026-01-22T07:48:00,49.31,45.5,53.5,65.0,0.177,7,3,0,0.0,10.0,27.3,0,0,0,2,49.31,48.7,5.8,50.5,0
2026-01-22T08:06:00,32.97,30.4,36.1,65.0,0.445,8,3,0,0.0,10.0,25.0,0,0,0,0,32.97,35.8,4.3,54.8,1
2026-01-22T08:24:00,9.24,11.1,31.5,50.0,0.37,8,3,0,0.0,10.0,19.5,0,0,0,2,9.24,12.7,2.0,18.7,1
2026-01-22T08:42:00,59.2,54.6,41.9,65.0,0.355,8,3,0,0.0,10.0,33.4,0,0,0,1,59.2,62.4,7.5,88.1,1
2026-01-22T09:00:00,12.7,15.2,31.2,50.0,0.376,9,3,0,0.0,10.0,30.6,0,0,1,2,12.7,17.5,2.1,28.1,1
2026-01-22T09:18:00,49.17,45.4,39.6,65.0,0.391,9,3,0,0.0,10.0,31.6,0,0,1,2,49.17,52.5,6.3,73.0,1
2026-01-22T09:36:00,18.87,22.6,26.7,50.0,0.466,9,3,0,0.0,10.0,16.7,0,0,0,2,18.87,26.8,3.2,42.5,1
2026-01-22T09:54:00,28.77,26.6,41.7,65.0,0.358,9,3,0,0.0,10.0,27.8,0,0,0,2,28.77,30.4,3.6,42.9,1
2026-01-22T10:12:00,18.61,22.3,31.7,50.0,0.366,10,3,0,0.0,10.0,28.9,0,0,0,2,18.61,25.6,3.1,34.8,1
2026-01-22T10:30:00,34.44,31.8,18.0,65.0,0.723,10,3,0,0.0,10.0,23.7,1,3,0,2,34.44,41.0,4.9,116.6,1
2026-01-22T10:48:00,64.11,59.2,39.7,65.0,0.389,10,3,0,0.0,10.0,18.5,0,0,0,1,64.11,68.4,8.2,99.4,1
2026-01-22T11:06:00,42.03,38.8,58.8,65.0,0.095,11,3,0,0.0,10.0,20.5,0,0,1,1,42.03,40.3,4.8,42.5,0
2026-01-22T11:24:00,21.82,20.1,55.6,65.0,0.145,11,3,0,0.0,10.0,35.3,0,0,0,1,21.82,21.3,2.6,20.1,0
2026-01-22T11:42:00,50.14,46.3,57.0,65.0,0.123,11,3,0,0.0,10.0,25.4,0,0,0,0,50.14,48.6,5.8,47.9,0
2026-01-22T12:00:00,41.71,38.5,51.1,65.0,0.214,12,3,0,0.7,4.9,32.3,1,1,0,1,41.71,41.8,5.0,47.4,1
2026-01-22T12:18:00,36.47,33.7,62.2,65.0,0.043,12,3,0,0.0,10.0,26.8,0,0,2,0,36.47,34.3,4.1,33.7,0
2026-01-22T12:36:00,36.72,33.9,57.7,65.0,0.112,12,3,0,0.0,10.0,23.1,0,0,0,1,36.72,35.4,4.2,35.6,0
2026-01-22T12:54:00,24.89,23.0,61.4,65.0,0.055,12,3,0,0.0,10.0,25.8,0,0,0,2,24.89,23.5,2.8,23.9,0
2026-01-22T13:12:00,10.52,12.6,45.2,50.0,0.096,13,3,0,0.0,10.0,22.7,0,0,0,0,10.52,13.1,2.0,16.3,1
2026-01-22T13:30:00,40.52,37.4,50.5,65.0,0.223,13,3,0,0.0,10.0,34.7,0,0,0,2,40.52,40.7,4.9,52.9,1
2026-01-22T13:48:00,38.29,35.3,59.6,65.0,0.083,13,3,0,0.0,10.0,26.9,0,0,0,1,38.29,36.5,4.4,41.4,1
2026-01-22T14:06:00,36.41,33.6,57.1,65.0,0.122,14,3,0,0.0,10.0,18.0,0,0,0,0,36.41,35.2,4.2,35.7,0
2026-01-22T14:24:00,22.45,20.7,53.7,65.0,0.174,14,3,0,0.0,10.0,25.0,0,0,0,1,22.45,22.1,2.7,24.1,1
2026-01-22T14:42:00,38.82,35.8,53.2,65.0,0.182,14,3,0,0.0,10.0,18.9,0,0,0,2,38.82,38.4,4.6,45.8,1
2026-01-22T15:00:00,51.82,47.8,31.5,65.0,0.515,15,3,0,0.0,10.0,23.6,1,3,2,2,51.82,57.6,6.9,95.0,1
2026-01-22T15:18:00,14.25,17.1,46.8,50.0,0.064,15,3,0,0.0,10.0,21.5,0,0,1,2,14.25,17.5,2.1,19.7,1
2026-01-22T15:36:00,43.28,40.0,51.6,65.0,0.206,15,3,0,3.4,4.1,30.1,0,0,1,2,43.28,43.3,5.2,52.3,1
2026-01-22T15:54:00,26.28,24.3,40.3,65.0,0.38,15,3,0,0.0,10.0,28.0,1,3,0,2,26.28,28.0,3.4,37.0,1
2026-01-22T16:12:00,43.03,39.7,59.8,65.0,0.08,16,3,0,0.0,10.0,22.8,0,0,0,1,43.03,41.0,4.9,40.8,0
2026-01-22T16:30:00,39.27,36.2,32.6,65.0,0.498,16,3,0,2.4,4.1,28.6,1,2,0,1,39.27,43.4,5.2,68.3,1
2026-01-22T16:48:00,39.33,36.3,49.1,65.0,0.245,16,3,0,10.0,2.3,22.8,0,0,0,2,39.33,39.9,4.8,52.5,1
2026-01-22T17:06:00,30.42,28.1,40.7,65.0,0.374,17,3,0,0.0,10.0,26.0,0,0,0,2,30.42,32.3,3.9,38.9,1
2026-01-22T17:24:00,50.81,46.9,36.0,65.0,0.446,17,3,0,0.0,10.0,15.5,0,0,2,1,50.81,55.3,6.6,88.5,1
2026-01-22T17:42:00,44.54,41.1,38.2,65.0,0.412,17,3,0,0.4,2.1,26.1,0,0,0,0,44.54,47.9,5.7,72.3,1
2026-01-22T18:00:00,55.7,51.4,23.3,65.0,0.642,18,3,0,0.0,10.0,23.6,1,2,0,0,55.7,64.6,7.8,146.5,1
2026-01-22T18:18:00,59.09,54.5,39.4,65.0,0.394,18,3,0,0.0,10.0,33.2,0,0,0,1,59.09,63.1,7.6,94.1,1
2026-01-22T18:36:00,10.73,12.9,33.0,50.0,0.34,18,3,0,0.0,10.0,25.5,0,0,0,1,10.73,14.7,2.0,19.6,1
2026-01-22T18:54:00,14.43,17.3,35.6,50.0,0.288,18,3,0,0.0,10.0,31.2,0,0,0,1,14.43,19.3,2.3,22.5,1
2026-01-22T19:12:00,27.44,25.3,43.4,65.0,0.332,19,3,0,0.0,10.0,27.8,0,0,2,1,27.44,28.7,3.4,39.3,1
2026-01-22T19:30:00,57.61,53.2,44.0,65.0,0.323,19,3,0,0.0,10.0,19.1,0,0,1,2,57.61,60.1,7.2,82.4,1
2026-01-22T19:48:00,47.88,44.2,32.5,65.0,0.5,19,3,0,4.2,4.9,23.8,0,0,1,2,47.88,53.0,6.4,90.2,1
2026-01-22T20:06:00,49.41,45.6,39.6,65.0,0.391,20,3,0,0.0,10.0,28.7,0,0,0,2,49.41,52.7,6.3,76.0,1
2026-01-22T20:24:00,45.06,41.6,39.5,65.0,0.392,20,3,0,0.0,10.0,28.4,0,0,1,1,45.06,48.1,5.8,67.4,1
2026-01-22T20:42:00,57.18,52.8,42.3,65.0,0.349,20,3,0,0.0,10.0,24.6,0,0,1,2,57.18,60.2,7.2,81.9,1
2026-01-22T21:00:00,35.54,32.8,54.7,65.0,0.158,21,3,0,0.0,10.0,40.9,0,0,0,2,35.54,34.9,4.2,45.3,1
2026-01-22T21:18:00,36.16,33.4,54.1,65.0,0.168,21,3,0,0.0,10.0,35.2,0,0,0,2,36.16,35.6,4.3,39.4,1
2026-01-22T21:36:00,64.73,59.8,59.1,65.0,0.091,21,3,0,0.0,10.0,26.1,0,0,1,2,64.73,62.0,7.4,64.2,0
2026-01-22T21:54:00,10.7,12.8,40.3,50.0,0.194,21,3,0,0.0,10.0,27.0,0,0,1,2,10.7,13.8,2.0,15.5,1
2026-01-22T22:12:00,31.89,29.4,52.8,65.0,0.188,22,3,0,0.0,10.0,34.7,0,0,1,2,31.89,31.6,3.8,33.7,0
2026-01-22T22:30:00,27.87,25.7,56.9,65.0,0.125,22,3,0,0.0,10.0,21.0,0,0,0,1,27.87,27.0,3.2,29.2,0
2026-01-22T22:48:00,41.78,38.6,59.9,65.0,0.078,22,3,0,0.0,10.0,32.3,0,0,0,1,41.78,39.8,4.8,39.4,0
2026-01-22T23:06:00,63.96,59.0,53.7,65.0,0.174,23,3,0,0.0,10.0,25.1,0,0,0,1,63.96,63.1,7.6,71.4,1
2026-01-22T23:24:00,22.08,20.4,51.0,65.0,0.215,23,3,0,0.0,10.0,26.7,1,1,1,2,22.08,22.2,2.7,25.8,1
2026-01-22T23:42:00,14.04,16.8,47.8,50.0,0.044,23,3,0,0.0,10.0,24.4,0,0,0,2,14.04,17.1,2.1,16.8,0
2026-01-23T00:00:00,64.03,59.1,32.7,65.0,0.497,0,4,0,15.8,2.1,26.7,0,0,0,2,64.03,70.8,8.5,117.3,1
2026-01-23T00:18:00,40.26,37.2,53.9,65.0,0.171,0,4,0,0.0,10.0,28.8,0,0,0,2,40.26,39.7,4.8,48.0,1
2026-01-23T00:36:00,19.99,24.0,43.2,50.0,0.136,0,4,0,0.1,4.8,25.5,0,0,0,0,19.99,25.3,3.0,28.3,1
2026-01-23T00:54:00,32.28,29.8,61.7,65.0,0.051,0,4,0,0.0,10.0,29.6,0,0,0,2,32.28,30.4,3.6,30.6,0
2026-01-23T01:12:00,42.2,39.0,37.2,65.0,0.428,1,4,0,0.0,10.0,16.2,1,3,2,2,42.2,45.7,5.5,66.9,1
2026-01-23T01:30:00,43.06,39.7,58.5,65.0,0.1,1,4,0,0.0,10.0,25.8,0,0,0,2,43.06,41.3,5.0,48.1,1
2026-01-23T01:48:00,48.8,45.0,57.3,65.0,0.118,1,4,0,0.0,10.0,22.2,0,0,1,0,48.8,47.1,5.7,51.8,1
2026-01-23T02:06:00,40.4,37.3,59.4,65.0,0.086,2,4,0,0.0,10.0,22.1,0,0,1,2,40.4,38.6,4.6,38.5,0
2026-01-23T02:24:00,19.11,22.9,40.4,50.0,0.192,2,4,0,5.6,3.0,28.9,0,0,0,2,19.11,24.7,3.0,24.8,0
2026-01-23T02:42:00,55.45,51.2,47.0,65.0,0.277,2,4,0,0.0,10.0,24.1,1,2,0,2,55.45,56.9,6.8,70.5,1
2026-01-23T03:00:00,54.11,49.9,59.8,65.0,0.08,3,4,0,0.0,10.0,33.2,0,0,2,2,54.11,51.5,6.2,55.3,0
2026-01-23T03:18:00,31.82,29.4,60.8,65.0,0.065,3,4,0,0.0,10.0,25.0,0,0,1,2,31.82,30.2,3.6,30.3,0
2026-01-23T03:36:00,14.25,17.1,39.9,50.0,0.202,3,4,0,0.0,10.0,35.2,0,0,0,1,14.25,18.5,2.2,23.4,1
2026-01-23T03:54:00,37.96,35.0,58.6,65.0,0.098,3,4,0,0.0,10.0,31.7,0,0,0,0,37.96,36.4,4.4,40.4,1
2026-01-23T04:12:00,32.77,30.2,45.4,65.0,0.302,4,4,0,1.6,2.4,24.8,1,1,1,0,32.77,33.8,4.1,45.0,1
2026-01-23T04:30:00,26.51,24.5,59.9,65.0,0.078,4,4,0,0.0,10.0,18.4,0,0,0,1,26.51,25.3,3.0,27.3,0
2026-01-23T04:48:00,44.6,41.2,59.5,65.0,0.085,4,4,0,0.0,10.0,25.5,0,0,0,0,44.6,42.6,5.1,44.8,0
2026-01-23T05:06:00,48.44,44.7,57.9,65.0,0.109,5,4,0,0.0,10.0,20.0,0,0,1,2,48.44,46.6,5.6,50.7,0
2026-01-23T05:24:00,48.0,44.3,55.8,65.0,0.142,5,4,0,0.0,10.0,22.4,0,0,1,1,48.0,46.8,5.6,52.1,1
2026-01-23T05:42:00,17.6,21.1,45.3,50.0,0.094,5,4,0,0.0,10.0,21.1,0,0,1,1,17.6,21.9,2.6,24.6,1
2026-01-23T06:00:00,39.95,36.9,51.0,65.0,0.215,6,4,0,3.7,3.4,13.3,0,0,0,2,39.95,40.1,4.8,48.9,1
2026-01-23T06:18:00,39.53,36.5,55.7,65.0,0.143,6,4,0,0.0,10.0,21.1,0,0,1,2,39.53,38.6,4.6,41.5,0
2026-01-23T06:36:00,63.52,58.6,55.1,65.0,0.152,6,4,0,0.0,10.0,29.0,0,0,0,2,63.52,62.2,7.5,68.9,1
2026-01-23T06:54:00,27.8,25.7,41.6,65.0,0.36,6,4,0,0.0,10.0,29.8,1,2,2,2,27.8,29.4,3.5,37.1,1
2026-01-23T07:12:00,18.62,22.3,45.4,50.0,0.092,7,4,0,0.0,10.0,22.2,0,0,0,2,18.62,23.1,2.8,25.3,0
2026-01-23T07:30:00,44.9,41.4,53.4,65.0,0.178,7,4,0,0.0,10.0,35.9,0,0,0,0,44.9,44.3,5.3,52.0,1
2026-01-23T07:48:00,38.71,35.7,55.1,65.0,0.152,7,4,0,0.0,10.0,21.8,0,0,1,1,38.71,37.9,4.5,40.4,0
2026-01-23T08:06:00,34.33,31.7,31.9,65.0,0.509,8,4,0,5.5,4.7,23.6,0,0,0,0,34.33,38.2,4.6,63.7,1
2026-01-23T08:24:00,27.83,25.7,39.9,65.0,0.386,8,4,0,1.1,5.0,31.0,0,0,1,2,27.83,29.7,3.6,44.3,1
2026-01-23T08:42:00,57.63,53.2,36.5,65.0,0.438,8,4,0,0.0,10.0,16.2,0,0,1,2,57.63,62.5,7.5,95.3,1
2026-01-23T09:00:00,21.16,19.5,47.1,65.0,0.275,9,4,0,0.0,10.0,33.6,0,0,2,2,21.16,21.6,2.6,27.2,1
2026-01-23T09:18:00,15.03,18.0,33.7,50.0,0.326,9,4,0,0.0,10.0,24.2,0,0,1,2,15.03,20.3,2.4,30.5,1
2026-01-23T09:36:00,32.66,30.1,40.2,65.0,0.382,9,4,0,0.0,10.0,31.3,0,0,2,1,32.66,34.7,4.2,51.2,1
2026-01-23T09:54:00,24.61,22.7,42.9,65.0,0.34,9,4,0,0.0,10.0,24.0,0,0,2,0,24.61,25.8,3.1,35.2,1
2026-01-23T10:12:00,11.42,13.7,29.7,50.0,0.406,10,4,0,0.0,10.0,20.4,0,0,0,1,11.42,15.9,2.0,19.4,1
2026-01-23T10:30:00,49.75,45.9,43.7,65.0,0.328,10,4,0,0.0,10.0,17.1,0,0,0,1,49.75,51.9,6.2,66.3,1
2026-01-23T10:48:00,47.25,43.6,45.6,65.0,0.298,10,4,0,0.0,10.0,18.2,0,0,1,2,47.25,48.8,5.9,62.4,1
2026-01-23T11:06:00,27.74,25.6,60.0,65.0,0.077,11,4,0,0.0,10.0,27.7,0,0,0,1,27.74,26.4,3.2,25.6,0
2026-01-23T11:24:00,58.39,53.9,57.9,65.0,0.109,11,4,0,0.0,10.0,31.7,0,0,1,1,58.39,56.3,6.8,63.4,1
2026-01-23T11:42:00,63.82,58.9,57.9,65.0,0.109,11,4,0,0.0,10.0,30.1,0,0,1,1,63.82,61.5,7.4,65.4,0
2026-01-23T12:00:00,21.17,19.5,56.0,65.0,0.138,12,4,0,0.0,10.0,25.5,0,0,1,2,21.17,20.6,2.5,20.5,0
2026-01-23T12:18:00,8.01,9.6,42.9,50.0,0.142,12,4,0,0.0,10.0,36.2,0,0,1,2,8.01,10.1,2.0,10.6,0
2026-01-23T12:36:00,53.41,49.3,59.8,65.0,0.08,12,4,0,0.0,10.0,24.2,0,0,1,2,53.41,50.9,6.1,53.6,0
2026-01-23T12:54:00,8.73,10.5,42.2,50.0,0.156,12,4,0,0.0,10.0,23.5,0,0,2,2,8.73,11.2,2.0,10.5,0
2026-01-23T13:12:00,52.67,48.6,35.4,65.0,0.455,13,4,0,0.0,10.0,29.5,1,3,1,1,52.67,57.4,6.9,89.8,1
2026-01-23T13:30:00,63.31,58.4,50.6,65.0,0.222,13,4,0,0.0,10.0,30.6,0,0,0,1,63.31,63.6,7.6,77.1,1
2026-01-23T13:48:00,50.85,46.9,50.8,65.0,0.218,13,4,0,0.0,10.0,28.8,0,0,0,1,50.85,51.0,6.1,60.1,1
2026-01-23T14:06:00,64.03,59.1,49.5,65.0,0.238,14,4,0,3.1,3.0,30.5,0,0,2,2,64.03,64.7,7.8,75.7,1
2026-01-23T14:24:00,8.96,10.8,46.4,50.0,0.072,14,4,0,0.0,10.0,19.5,0,0,0,1,8.96,11.1,2.0,10.8,0
2026-01-23T14:42:00,31.95,29.5,58.2,65.0,0.105,14,4,0,0.8,2.5,35.9,0,0,0,1,31.95,30.7,3.7,33.0,0
2026-01-23T15:00:00,38.01,35.1,34.3,65.0,0.472,15,4,0,0.0,10.0,25.3,1,3,0,2,38.01,41.7,5.0,64.4,1
2026-01-23T15:18:00,43.16,39.8,48.6,65.0,0.252,15,4,0,0.0,10.0,20.5,0,0,2,2,43.16,43.8,5.3,50.2,1
2026-01-23T15:36:00,62.21,57.4,61.3,65.0,0.057,15,4,0,0.0,10.0,25.1,0,0,2,0,62.21,58.7,7.0,59.1,0
2026-01-23T15:54:00,36.29,33.5,61.1,65.0,0.06,15,4,0,0.0,10.0,23.2,0,0,1,1,36.29,34.3,4.1,38.0,0
2026-01-23T16:12:00,30.94,28.6,59.4,65.0,0.086,16,4,0,0.0,10.0,35.9,0,0,1,2,30.94,29.6,3.6,33.3,1
2026-01-23T16:30:00,37.72,34.8,53.6,65.0,0.175,16,4,0,0.0,10.0,21.2,0,0,1,2,37.72,37.2,4.5,47.5,1
2026-01-23T16:48:00,48.78,45.0,54.0,65.0,0.169,16,4,0,0.0,10.0,21.7,0,0,1,1,48.78,48.0,5.8,51.9,1
2026-01-23T17:06:00,30.51,28.2,38.5,65.0,0.408,17,4,0,0.0,10.0,36.6,0,0,2,0,30.51,32.8,3.9,48.2,1
2026-01-23T17:24:00,56.88,52.5,39.4,65.0,0.394,17,4,0,0.0,10.0,33.7,0,0,0,1,56.88,60.8,7.3,89.5,1
2026-01-23T17:42:00,22.01,20.3,18.0,65.0,0.723,17,4,0,0.0,10.0,31.7,1,3,0,0,22.01,26.2,3.1,76.6,1
2026-01-23T18:00:00,57.86,53.4,40.6,65.0,0.375,18,4,0,0.0,10.0,35.1,0,0,0,2,57.86,61.4,7.4,84.0,1
2026-01-23T18:18:00,8.93,10.7,30.9,50.0,0.382,18,4,0,0.0,10.0,30.0,0,0,2,2,8.93,12.3,2.0,19.8,1
2026-01-23T18:36:00,49.3,45.5,41.7,65.0,0.358,18,4,0,0.0,10.0,22.9,0,0,0,2,49.3,52.0,6.2,72.2,1
2026-01-23T18:54:00,25.71,23.7,44.3,65.0,0.318,18,4,0,0.0,10.0,27.8,0,0,0,2,25.71,26.7,3.2,37.7,1
2026-01-23T19:12:00,28.92,26.7,20.5,65.0,0.685,19,4,0,0.0,10.0,25.9,1,3,1,2,28.92,34.0,4.1,83.8,1
2026-01-23T19:30:00,58.15,53.7,43.6,65.0,0.329,19,4,0,0.0,10.0,25.5,0,0,1,2,58.15,60.8,7.3,80.0,1
2026-01-23T19:48:00,60.7,56.0,41.7,65.0,0.358,19,4,0,0.0,10.0,30.2,0,0,1,1,60.7,64.0,7.7,92.0,1
2026-01-23T20:06:00,14.18,17.0,26.6,50.0,0.468,20,4,0,0.0,10.0,23.2,0,0,0,2,14.18,20.2,2.4,34.6,1
2026-01-23T20:24:00,45.71,42.2,35.7,65.0,0.451,20,4,0,0.0,10.0,35.8,0,0,0,2,45.71,49.8,6.0,77.5,1
2026-01-23T20:42:00,45.13,41.7,40.3,65.0,0.38,20,4,0,0.0,10.0,36.5,0,0,0,2,45.13,48.0,5.8,65.5,1
2026-01-23T21:00:00,29.83,27.5,53.0,65.0,0.185,21,4,0,0.0,10.0,34.1,0,0,1,1,29.83,29.5,3.5,33.9,1
2026-01-23T21:18:00,59.47,54.9,54.1,65.0,0.168,21,4,0,0.0,10.0,37.1,0,0,0,0,59.47,58.6,7.0,63.0,0
2026-01-23T21:36:00,50.44,46.6,40.5,65.0,0.377,21,4,0,14.0,4.2,38.5,0,0,1,0,50.44,53.6,6.4,77.3,1
2026-01-23T21:54:00,17.29,20.7,37.4,50.0,0.252,21,4,0,0.0,10.0,24.8,1,1,2,1,17.29,22.8,2.7,28.1,1
2026-01-23T22:12:00,37.75,34.8,36.3,65.0,0.442,22,4,0,0.0,10.0,20.7,1,3,1,1,37.75,41.0,4.9,67.8,1
2026-01-23T22:30:00,64.92,59.9,58.3,65.0,0.103,22,4,0,0.0,10.0,33.6,0,0,0,2,64.92,62.4,7.5,61.5,0
2026-01-23T22:48:00,40.64,37.5,46.2,65.0,0.289,22,4,0,0.0,10.0,23.7,1,1,1,0,40.64,41.8,5.0,55.0,1
2026-01-23T23:06:00,35.55,32.8,58.6,65.0,0.098,23,4,0,0.0,10.0,26.0,0,0,0,2,35.55,34.1,4.1,40.5,1
2026-01-23T23:24:00,42.55,39.3,54.7,65.0,0.158,23,4,0,0.0,10.0,25.7,0,0,1,2,42.55,41.8,5.0,49.3,1
2026-01-23T23:42:00,44.96,41.5,54.2,65.0,0.166,23,4,0,0.0,10.0,24.0,0,0,2,0,44.96,44.3,5.3,41.5,0
2026-01-24T00:00:00,28.44,26.3,56.4,65.0,0.132,0,5,1,0.0,10.0,26.6,0,0,2,1,28.44,27.7,3.3,30.0,0
2026-01-24T00:18:00,20.28,18.7,47.6,65.0,0.268,0,5,1,4.9,2.4,27.1,0,0,0,1,20.28,20.7,2.5,27.2,1
2026-01-24T00:36:00,59.35,54.8,51.9,65.0,0.202,0,5,1,0.0,10.0,33.1,0,0,2,1,59.35,59.2,7.1,65.4,1
2026-01-24T00:54:00,43.23,39.9,41.8,65.0,0.357,0,5,1,0.0,10.0,38.3,1,2,2,1,43.23,45.6,5.5,65.2,1
2026-01-24T01:12:00,12.81,15.4,44.2,50.0,0.116,1,5,1,0.0,10.0,34.5,0,0,0,1,12.81,16.1,2.0,15.4,0
2026-01-24T01:30:00,21.39,19.7,56.0,65.0,0.138,1,5,1,0.0,10.0,28.3,0,0,0,2,21.39,20.8,2.5,24.6,1
2026-01-24T01:48:00,35.1,32.4,53.3,65.0,0.18,1,5,1,0.0,10.0,29.9,0,0,0,1,35.1,34.7,4.2,36.0,0
2026-01-24T02:06:00,49.61,45.8,58.8,65.0,0.095,2,5,1,0.0,10.0,27.1,0,0,0,2,49.61,47.5,5.7,50.1,0
2026-01-24T02:24:00,31.27,28.9,60.2,65.0,0.074,2,5,1,0.0,10.0,24.5,0,0,1,0,31.27,29.8,3.6,32.4,0
2026-01-24T02:42:00,35.17,32.5,61.7,65.0,0.051,2,5,1,0.0,10.0,23.9,0,0,2,2,35.17,33.2,4.0,32.5,0
2026-01-24T03:00:00,34.26,31.6,55.3,65.0,0.149,3,5,1,0.0,10.0,30.3,0,0,1,2,34.26,33.5,4.0,36.6,1
2026-01-24T03:18:00,8.18,9.8,42.2,50.0,0.156,3,5,1,0.0,10.0,34.3,0,0,0,1,8.18,10.4,2.0,13.5,1
2026-01-24T03:36:00,35.89,33.1,55.0,65.0,0.154,3,5,1,0.0,10.0,29.8,0,0,1,1,35.89,35.1,4.2,34.2,0
2026-01-24T03:54:00,51.0,47.1,59.5,65.0,0.085,3,5,1,0.0,10.0,22.1,0,0,0,2,51.0,48.7,5.8,55.9,1
2026-01-24T04:12:00,48.49,44.8,42.2,65.0,0.351,4,5,1,12.3,4.9,29.8,0,0,0,1,48.49,51.1,6.1,67.8,1
2026-01-24T04:30:00,24.6,22.7,60.6,65.0,0.068,4,5,1,0.0,10.0,20.4,0,0,1,1,24.6,23.3,2.8,24.7,0
2026-01-24T04:48:00,12.29,14.7,41.5,50.0,0.17,4,5,1,0.0,10.0,28.2,0,0,0,2,12.29,15.7,2.0,17.9,1
2026-01-24T05:06:00,41.33,38.2,51.3,65.0,0.211,5,5,1,3.7,3.5,15.2,0,0,0,1,41.33,41.4,5.0,50.8,1
2026-01-24T05:24:00,61.87,57.1,59.2,65.0,0.089,5,5,1,0.0,10.0,30.1,0,0,1,2,61.87,59.1,7.1,64.6,0
2026-01-24T05:42:00,48.42,44.7,59.2,65.0,0.089,5,5,1,0.0,10.0,46.4,0,0,2,2,48.42,46.3,5.6,51.7,1
2026-01-24T06:00:00,12.46,15.0,39.2,50.0,0.216,6,5,1,5.2,2.2,25.4,0,0,1,0,12.46,16.3,2.0,20.2,1
2026-01-24T06:18:00,13.33,16.0,41.9,50.0,0.162,6,5,1,0.0,10.0,18.9,0,0,1,2,13.33,17.0,2.0,18.6,1
2026-01-24T06:36:00,58.43,53.9,57.7,65.0,0.112,6,5,1,0.0,10.0,26.5,0,0,1,0,58.43,56.3,6.8,63.1,1
2026-01-24T06:54:00,14.73,17.7,43.3,50.0,0.134,6,5,1,0.0,10.0,25.9,0,0,2,0,14.73,18.6,2.2,18.3,0
2026-01-24T07:12:00,30.39,28.1,49.4,65.0,0.24,7,5,1,0.0,10.0,37.9,1,1,1,1,30.39,30.8,3.7,37.1,1
2026-01-24T07:30:00,43.41,40.1,58.9,65.0,0.094,7,5,1,2.0,2.7,34.0,0,0,1,1,43.41,41.6,5.0,44.3,0
2026-01-24T07:48:00,38.75,35.8,58.5,65.0,0.1,7,5,1,0.0,10.0,27.3,0,0,0,1,38.75,37.2,4.5,39.1,0
2026-01-24T08:06:00,55.31,51.1,56.6,65.0,0.129,8,5,1,0.0,10.0,27.1,0,0,2,0,55.31,53.7,6.4,57.1,0
2026-01-24T08:24:00,24.28,22.4,55.0,65.0,0.154,8,5,1,0.0,10.0,14.7,0,0,2,2,24.28,23.8,2.9,27.6,1
2026-01-24T08:42:00,19.38,23.3,38.3,50.0,0.234,8,5,1,2.3,3.4,28.0,0,0,1,1,19.38,25.5,3.1,31.5,1
2026-01-24T09:00:00,32.23,29.8,31.0,65.0,0.523,9,5,1,0.0,10.0,23.9,1,3,0,2,32.23,36.0,4.3,64.8,1
2026-01-24T09:18:00,35.22,32.5,56.5,65.0,0.131,9,5,1,0.0,10.0,21.8,0,0,1,2,35.22,34.2,4.1,34.0,0
2026-01-24T09:36:00,63.45,58.6,61.2,65.0,0.058,9,5,1,0.0,10.0,30.5,0,0,1,0,63.45,60.0,7.2,65.3,0
2026-01-24T09:54:00,58.02,53.6,59.3,65.0,0.088,9,5,1,0.0,10.0,30.4,0,0,0,1,58.02,55.5,6.7,57.6,0
2026-01-24T10:12:00,12.52,15.0,49.1,50.0,0.018,10,5,1,0.0,10.0,31.3,0,0,0,2,12.52,15.1,2.0,15.0,0
2026-01-24T10:30:00,43.44,40.1,67.2,65.0,0.0,10,5,1,0.0,10.0,31.4,0,0,0,0,43.44,40.1,4.8,40.6,0
2026-01-24T10:48:00,36.2,33.4,56.0,65.0,0.138,10,5,1,0.0,10.0,31.9,0,0,0,2,36.2,35.2,4.2,41.7,1
2026-01-24T11:06:00,26.87,24.8,53.1,65.0,0.183,11,5,1,0.0,10.0,29.8,0,0,2,2,26.87,26.6,3.2,32.0,1
2026-01-24T11:24:00,9.85,11.8,37.1,50.0,0.258,11,5,1,6.5,4.0,26.3,0,0,1,1,9.85,13.0,2.0,11.8,0
2026-01-24T11:42:00,8.34,10.0,42.2,50.0,0.156,11,5,1,3.8,3.6,33.3,0,0,0,2,8.34,10.6,2.0,10.4,0
2026-01-24T12:00:00,63.74,58.8,60.5,65.0,0.069,12,5,1,0.0,10.0,35.8,0,0,1,0,63.74,60.4,7.2,67.2,0
2026-01-24T12:18:00,51.16,47.2,57.9,65.0,0.109,12,5,1,0.0,10.0,20.2,0,0,1,1,51.16,49.3,5.9,50.8,0
2026-01-24T12:36:00,18.25,21.9,46.6,50.0,0.068,12,5,1,0.0,10.0,23.9,0,0,1,2,18.25,22.5,2.7,24.1,0
2026-01-24T12:54:00,48.9,45.1,53.7,65.0,0.174,12,5,1,0.0,10.0,17.5,0,0,1,2,48.9,48.2,5.8,53.5,1
2026-01-24T13:12:00,47.64,44.0,56.1,65.0,0.137,13,5,1,0.0,10.0,25.7,0,0,1,2,47.64,46.4,5.6,51.2,1
2026-01-24T13:30:00,35.98,33.2,55.7,65.0,0.143,13,5,1,0.0,10.0,31.5,0,0,1,2,35.98,35.1,4.2,38.9,1
2026-01-24T13:48:00,9.37,11.2,43.4,50.0,0.132,13,5,1,0.0,10.0,27.2,0,0,0,2,9.37,11.8,2.0,14.2,1
2026-01-24T14:06:00,28.11,25.9,55.5,65.0,0.146,14,5,1,0.0,10.0,31.5,0,0,0,0,28.11,27.4,3.3,25.9,0
2026-01-24T14:24:00,43.29,40.0,52.9,65.0,0.186,14,5,1,0.0,10.0,34.0,1,1,1,0,43.29,43.0,5.2,49.8,1
2026-01-24T14:42:00,62.85,58.0,57.3,65.0,0.118,14,5,1,0.0,10.0,23.4,0,0,0,2,62.85,60.7,7.3,66.0,0
2026-01-24T15:00:00,10.04,12.0,47.0,50.0,0.06,15,5,1,0.0,10.0,29.3,0,0,0,1,10.04,12.3,2.0,13.9,1
2026-01-24T15:18:00,49.64,45.8,54.0,65.0,0.169,15,5,1,0.0,10.0,28.4,0,0,2,1,49.64,48.9,5.9,59.9,1
2026-01-24T15:36:00,30.71,28.3,53.6,65.0,0.175,15,5,1,1.2,3.6,21.6,0,0,0,0,30.71,30.3,3.6,41.1,1
2026-01-24T15:54:00,16.4,19.7,45.8,50.0,0.084,15,5,1,0.0,10.0,23.6,0,0,0,1,16.4,20.4,2.4,23.2,1
2026-01-24T16:12:00,21.88,20.2,59.0,65.0,0.092,16,5,1,0.0,10.0,27.5,0,0,1,1,21.88,20.9,2.5,26.5,1
2026-01-24T16:30:00,56.41,52.1,55.3,65.0,0.149,16,5,1,0.0,10.0,34.3,0,0,0,1,56.41,55.2,6.6,57.9,0
2026-01-24T16:48:00,33.98,31.4,58.7,65.0,0.097,16,5,1,0.0,10.0,34.8,0,0,1,1,33.98,32.6,3.9,32.0,0
2026-01-24T17:06:00,39.27,36.2,57.2,65.0,0.12,17,5,1,0.0,10.0,33.2,0,0,2,0,39.27,37.9,4.5,41.3,0
2026-01-24T17:24:00,23.44,21.6,62.2,65.0,0.043,17,5,1,0.0,10.0,23.6,0,0,1,0,23.44,22.0,2.6,22.7,0
2026-01-24T17:42:00,34.31,31.7,55.9,65.0,0.14,17,5,1,0.0,10.0,28.0,0,0,2,2,34.31,33.5,4.0,33.4,0
2026-01-24T18:00:00,19.24,23.1,48.0,50.0,0.04,18,5,1,0.0,10.0,21.6,0,0,0,2,19.24,23.5,2.8,24.2,0
2026-01-24T18:18:00,13.58,16.3,42.2,50.0,0.156,18,5,1,0.0,10.0,21.3,0,0,0,2,13.58,17.3,2.1,23.4,1
2026-01-24T18:36:00,37.86,34.9,56.5,65.0,0.131,18,5,1,0.0,10.0,37.1,0,0,1,2,37.86,36.7,4.4,38.4,0
2026-01-24T18:54:00,47.59,43.9,58.1,65.0,0.106,18,5,1,0.0,10.0,28.2,0,0,0,2,47.59,45.8,5.5,51.6,1
2026-01-24T19:12:00,38.63,35.7,57.4,65.0,0.117,19,5,1,0.0,10.0,29.3,0,0,1,1,38.63,37.4,4.5,38.2,0
2026-01-24T19:30:00,41.22,38.0,59.5,65.0,0.085,19,5,1,0.0,10.0,27.3,0,0,1,2,41.22,39.3,4.7,43.4,0
2026-01-24T19:48:00,31.04,28.7,58.3,65.0,0.103,19,5,1,0.0,10.0,15.4,0,0,1,1,31.04,29.9,3.6,32.8,0
2026-01-24T20:06:00,32.32,29.8,59.7,65.0,0.082,20,5,1,0.0,10.0,19.7,0,0,0,1,32.32,30.8,3.7,34.5,1
2026-01-24T20:24:00,30.05,27.7,54.6,65.0,0.16,20,5,1,0.0,10.0,23.7,0,0,0,2,30.05,29.5,3.5,35.9,1
2026-01-24T20:42:00,37.82,34.9,58.5,65.0,0.1,20,5,1,0.0,10.0,26.9,0,0,1,2,37.82,36.3,4.4,34.9,0
2026-01-24T21:00:00,20.63,19.0,52.4,65.0,0.194,21,5,1,0.0,10.0,19.5,0,0,0,1,20.63,20.5,2.5,20.3,0
2026-01-24T21:18:00,48.97,45.2,55.4,65.0,0.148,21,5,1,0.0,10.0,30.7,0,0,2,1,48.97,47.9,5.7,54.8,1
2026-01-24T21:36:00,42.72,39.4,60.8,65.0,0.065,21,5,1,0.0,10.0,29.3,0,0,0,1,42.72,40.4,4.8,43.3,0
2026-01-24T21:54:00,8.07,9.7,48.1,50.0,0.038,21,5,1,0.0,10.0,23.9,0,0,1,1,8.07,9.8,2.0,11.3,1
2026-01-24T22:12:00,49.34,45.5,57.9,65.0,0.109,22,5,1,0.0,10.0,32.1,0,0,0,2,49.34,47.5,5.7,50.2,0
2026-01-24T22:30:00,36.74,33.9,59.8,65.0,0.08,22,5,1,0.0,10.0,27.5,0,0,0,1,36.74,35.0,4.2,35.1,0
2026-01-24T22:48:00,42.78,39.5,47.3,65.0,0.272,22,5,1,0.0,10.0,22.1,1,1,1,1,42.78,43.8,5.3,56.0,1
2026-01-24T23:06:00,41.99,38.8,56.4,65.0,0.132,23,5,1,0.0,10.0,20.8,0,0,1,2,41.99,40.8,4.9,51.7,1
2026-01-24T23:24:00,38.82,35.8,50.0,65.0,0.231,23,5,1,0.0,10.0,15.7,0,0,1,1,38.82,39.1,4.7,46.3,1
2026-01-24T23:42:00,26.11,24.1,54.7,65.0,0.158,23,5,1,0.3,2.1,37.1,0,0,1,2,26.11,25.6,3.1,25.3,0
2026-01-25T00:00:00,55.63,51.4,56.2,65.0,0.135,0,6,1,0.0,10.0,22.2,0,0,0,2,55.63,54.2,6.5,56.7,0
2026-01-25T00:18:00,51.13,47.2,59.0,65.0,0.092,0,6,1,0.0,10.0,28.7,0,0,0,1,51.13,48.9,5.9,49.9,0
2026-01-25T00:36:00,10.2,12.2,40.4,50.0,0.192,0,6,1,0.0,10.0,26.7,0,0,0,2,10.2,13.1,2.0,16.3,1
2026-01-25T00:54:00,63.67,58.8,56.8,65.0,0.126,0,6,1,0.0,10.0,18.8,0,0,0,2,63.67,61.8,7.4,75.2,1
2026-01-25T01:12:00,58.33,53.8,64.2,65.0,0.012,1,6,1,0.0,10.0,30.5,0,0,0,1,58.33,54.1,6.5,53.8,0
2026-01-25T01:30:00,33.48,30.9,54.4,65.0,0.163,1,6,1,0.0,10.0,20.9,0,0,0,0,33.48,32.9,3.9,37.8,1
2026-01-25T01:48:00,49.65,45.8,57.2,65.0,0.12,1,6,1,0.0,10.0,20.2,0,0,0,1,49.65,48.0,5.8,47.7,0
2026-01-25T02:06:00,57.17,52.8,59.0,65.0,0.092,2,6,1,0.0,10.0,29.2,0,0,1,0,57.17,54.7,6.6,60.0,0
2026-01-25T02:24:00,35.74,33.0,61.1,65.0,0.06,2,6,1,0.0,10.0,26.5,0,0,0,1,35.74,33.8,4.1,33.9,0
2026-01-25T02:42:00,31.9,29.4,57.8,65.0,0.111,2,6,1,0.0,3.6,38.3,0,0,2,2,31.9,30.7,3.7,36.7,1
2026-01-25T03:00:00,64.44,59.5,63.9,65.0,0.017,3,6,1,0.0,10.0,27.2,0,0,0,2,64.44,59.9,7.2,59.5,0
2026-01-25T03:18:00,62.79,58.0,56.7,65.0,0.128,3,6,1,0.0,10.0,35.8,0,0,0,0,62.79,61.0,7.3,66.1,0
2026-01-25T03:36:00,37.75,34.8,59.0,65.0,0.092,3,6,1,0.8,2.9,16.6,0,0,1,0,37.75,36.1,4.3,34.8,0
2026-01-25T03:54:00,64.79,59.8,54.9,65.0,0.155,3,6,1,0.0,10.0,27.1,0,0,0,2,64.79,63.5,7.6,70.3,1
2026-01-25T04:12:00,8.54,10.2,47.8,50.0,0.044,4,6,1,0.0,10.0,29.2,0,0,1,0,8.54,10.4,2.0,10.2,0
2026-01-25T04:30:00,41.85,38.6,54.6,65.0,0.16,4,6,1,0.0,10.0,29.9,0,0,0,0,41.85,41.1,4.9,45.9,1
2026-01-25T04:48:00,43.92,40.5,52.7,65.0,0.189,4,6,1,0.0,10.0,31.5,0,0,0,2,43.92,43.6,5.2,49.3,1
2026-01-25T05:06:00,47.88,44.2,57.3,65.0,0.118,5,6,1,1.4,4.1,20.9,0,0,2,0,47.88,46.3,5.6,48.1,0
2026-01-25T05:24:00,52.99,48.9,53.3,65.0,0.18,5,6,1,0.0,10.0,30.9,0,0,0,2,52.99,52.4,6.3,60.2,1
2026-01-25T05:42:00,24.83,22.9,57.9,65.0,0.109,5,6,1,0.0,10.0,27.6,0,0,0,2,24.83,23.9,2.9,23.2,0
2026-01-25T06:00:00,43.36,40.0,53.0,65.0,0.185,6,6,1,0.8,3.0,35.7,0,0,0,2,43.36,43.0,5.2,53.4,1
2026-01-25T06:18:00,48.16,44.5,53.7,65.0,0.174,6,6,1,0.0,10.0,42.1,0,0,2,2,48.16,47.6,5.7,54.2,1
2026-01-25T06:36:00,54.02,49.9,55.5,65.0,0.146,6,6,1,0.0,10.0,27.8,0,0,0,2,54.02,52.8,6.3,59.1,1
2026-01-25T06:54:00,63.23,58.4,57.7,65.0,0.112,6,6,1,0.0,10.0,24.1,0,0,1,1,63.23,61.0,7.3,66.2,0
2026-01-25T07:12:00,57.46,53.0,58.9,65.0,0.094,7,6,1,0.0,10.0,24.8,0,0,0,1,57.46,55.0,6.6,61.3,1
2026-01-25T07:30:00,54.4,50.2,54.9,65.0,0.155,7,6,1,0.0,10.0,24.1,0,0,1,2,54.4,53.3,6.4,60.6,1
2026-01-25T07:48:00,50.06,46.2,57.9,65.0,0.109,7,6,1,0.0,10.0,27.2,0,0,0,1,50.06,48.2,5.8,50.9,0
2026-01-25T08:06:00,42.69,39.4,58.8,65.0,0.095,8,6,1,0.0,10.0,27.0,0,0,1,2,42.69,40.9,4.9,40.2,0
2026-01-25T08:24:00,61.14,56.4,54.7,65.0,0.158,8,6,1,0.0,10.0,23.1,0,0,2,1,61.14,60.0,7.2,63.9,0
2026-01-25T08:42:00,34.28,31.6,53.9,65.0,0.171,8,6,1,0.0,10.0,25.8,0,0,0,2,34.28,33.8,4.1,38.2,1
2026-01-25T09:00:00,10.8,13.0,39.9,50.0,0.202,9,6,1,0.0,10.0,29.1,0,0,0,2,10.8,14.1,2.0,18.7,1
2026-01-25T09:18:00,16.33,19.6,42.5,50.0,0.15,9,6,1,0.0,10.0,21.2,0,0,0,0,16.33,20.8,2.5,22.8,1
2026-01-25T09:36:00,13.5,16.2,43.3,50.0,0.134,9,6,1,0.0,10.0,28.6,0,0,2,2,13.5,17.1,2.1,20.6,1
2026-01-25T09:54:00,38.95,36.0,56.3,65.0,0.134,9,6,1,0.0,10.0,33.6,0,0,1,0,38.95,37.9,4.5,43.8,1
2026-01-25T10:12:00,20.24,18.7,58.9,65.0,0.094,10,6,1,0.0,10.0,26.8,0,0,0,0,20.24,19.4,2.3,20.8,0
2026-01-25T10:30:00,18.41,22.1,44.6,50.0,0.108,10,6,1,0.2,2.1,38.5,0,0,2,0,18.41,23.1,2.8,28.1,1
2026-01-25T10:48:00,45.34,41.9,53.6,65.0,0.175,10,6,1,0.0,10.0,27.3,0,0,0,0,45.34,44.8,5.4,48.4,1
2026-01-25T11:06:00,41.2,38.0,59.1,65.0,0.091,11,6,1,0.0,10.0,24.4,0,0,0,2,41.2,39.4,4.7,40.6,0
2026-01-25T11:24:00,24.81,22.9,58.9,65.0,0.094,11,6,1,0.0,10.0,24.9,0,0,0,1,24.81,23.8,2.9,22.9,0
2026-01-25T11:42:00,27.4,25.3,54.0,65.0,0.169,11,6,1,0.0,10.0,25.9,0,0,0,2,27.4,27.0,3.2,31.6,1
2026-01-25T12:00:00,12.29,14.7,40.8,50.0,0.184,12,6,1,0.0,10.0,16.9,0,0,1,1,12.29,15.8,2.0,19.3,1
2026-01-25T12:18:00,52.91,48.8,54.3,65.0,0.165,12,6,1,0.0,10.0,34.1,0,0,1,0,52.91,52.0,6.2,60.8,1
2026-01-25T12:36:00,56.8,52.4,51.5,65.0,0.208,12,6,1,0.0,10.0,26.1,0,0,0,1,56.8,56.8,6.8,68.0,1
2026-01-25T12:54:00,55.96,51.7,59.1,65.0,0.091,12,6,1,0.0,10.0,30.2,0,0,0,0,55.96,53.6,6.4,56.8,0
2026-01-25T13:12:00,22.74,21.0,50.3,65.0,0.226,13,6,1,2.0,3.8,28.9,0,0,0,1,22.74,22.9,2.7,28.1,1
2026-01-25T13:30:00,46.01,42.5,61.0,65.0,0.062,13,6,1,0.0,10.0,14.5,0,0,1,0,46.01,43.6,5.2,45.9,0
2026-01-25T13:48:00,17.91,21.5,43.9,50.0,0.122,13,6,1,0.0,10.0,34.1,0,0,2,2,17.91,22.5,2.7,23.5,0
2026-01-25T14:06:00,41.4,38.2,53.4,65.0,0.178,14,6,1,0.0,10.0,24.7,0,0,1,2,41.4,40.9,4.9,47.0,1
2026-01-25T14:24:00,36.0,33.2,57.9,65.0,0.109,14,6,1,0.0,10.0,20.5,0,0,1,0,36.0,34.6,4.2,37.1,0
2026-01-25T14:42:00,26.88,24.8,55.0,65.0,0.154,14,6,1,2.1,4.0,29.2,0,0,1,1,26.88,26.3,3.2,25.0,0
2026-01-25T15:00:00,23.62,21.8,58.6,65.0,0.098,15,6,1,0.0,10.0,26.2,0,0,1,2,23.62,22.7,2.7,21.8,0
2026-01-25T15:18:00,39.67,36.6,50.6,65.0,0.222,15,6,1,0.0,10.0,25.1,0,0,1,0,39.67,39.9,4.8,49.4,1
2026-01-25T15:36:00,56.96,52.6,57.9,65.0,0.109,15,6,1,0.2,3.8,32.4,0,0,0,2,56.96,54.9,6.6,59.6,0
2026-01-25T15:54:00,17.06,20.5,44.5,50.0,0.11,15,6,1,0.0,10.0,17.6,0,0,2,0,17.06,21.4,2.6,24.3,1
2026-01-25T16:12:00,18.41,22.1,46.9,50.0,0.062,16,6,1,0.0,10.0,28.1,0,0,0,1,18.41,22.6,2.7,22.2,0
2026-01-25T16:30:00,13.87,16.6,45.9,50.0,0.082,16,6,1,0.2,2.6,12.5,0,0,1,0,13.87,17.1,2.1,20.0,1
2026-01-25T16:48:00,14.79,17.7,43.3,50.0,0.134,16,6,1,0.0,10.0,30.7,0,0,0,2,14.79,18.6,2.2,17.7,0
2026-01-25T17:06:00,38.28,35.3,56.7,65.0,0.128,17,6,1,0.0,10.0,31.1,0,0,1,0,38.28,37.1,4.5,42.3,1
2026-01-25T17:24:00,41.52,38.3,58.3,65.0,0.103,17,6,1,0.0,10.0,30.8,0,0,0,2,41.52,39.9,4.8,42.3,0
2026-01-25T17:42:00,21.78,20.1,58.4,65.0,0.102,17,6,1,1.1,4.1,29.2,0,0,0,2,21.78,20.9,2.5,22.5,0
2026-01-25T18:00:00,56.56,52.2,53.7,65.0,0.174,18,6,1,0.0,10.0,21.8,0,0,1,2,56.56,55.8,6.7,60.4,1
2026-01-25T18:18:00,54.73,50.5,60.6,65.0,0.068,18,6,1,0.0,10.0,26.8,0,0,1,1,54.73,51.9,6.2,56.0,0
2026-01-25T18:36:00,13.96,16.8,44.9,50.0,0.102,18,6,1,0.0,10.0,29.6,0,0,1,0,13.96,17.5,2.1,21.7,1
2026-01-25T18:54:00,45.06,41.6,58.8,65.0,0.095,18,6,1,0.0,10.0,29.4,0,0,0,2,45.06,43.2,5.2,45.4,0
2026-01-25T19:12:00,9.78,11.7,33.5,50.0,0.33,19,6,1,0.0,10.0,7.8,1,1,0,2,9.78,13.2,2.0,16.1,1
2026-01-25T19:30:00,49.83,46.0,53.2,65.0,0.182,19,6,1,0.0,10.0,28.1,0,0,0,1,49.83,49.3,5.9,56.6,1
2026-01-25T19:48:00,34.33,31.7,59.0,65.0,0.092,19,6,1,0.0,10.0,22.0,0,0,0,2,34.33,32.9,3.9,36.1,0
2026-01-25T20:06:00,9.88,11.9,44.1,50.0,0.118,20,6,1,0.0,10.0,31.6,0,0,1,1,9.88,12.5,2.0,12.5,0
2026-01-25T20:24:00,51.35,47.4,58.9,65.0,0.094,20,6,1,0.0,10.0,32.5,0,0,0,2,51.35,49.2,5.9,53.9,0
2026-01-25T20:42:00,23.52,21.7,53.4,65.0,0.178,20,6,1,0.0,10.0,29.2,0,0,1,0,23.52,23.2,2.8,27.2,1
2026-01-25T21:00:00,54.94,50.7,56.4,65.0,0.132,21,6,1,0.0,10.0,29.1,0,0,2,2,54.94,53.4,6.4,58.3,0
2026-01-25T21:18:00,23.38,21.6,59.3,65.0,0.088,21,6,1,0.0,10.0,22.7,0,0,0,1,23.38,22.4,2.7,24.5,0
2026-01-25T21:36:00,56.05,51.7,57.6,65.0,0.114,21,6,1,0.0,10.0,41.1,0,0,0,0,56.05,54.1,6.5,58.3,0
2026-01-25T21:54:00,47.96,44.3,60.3,65.0,0.072,21,6,1,0.0,10.0,30.8,0,0,0,2,47.96,45.6,5.5,48.0,0
2026-01-25T22:12:00,56.14,51.8,56.1,65.0,0.137,22,6,1,0.0,10.0,29.0,0,0,1,2,56.14,54.6,6.6,61.9,1
2026-01-25T22:30:00,32.26,29.8,61.7,65.0,0.051,22,6,1,0.0,10.0,28.9,0,0,0,1,32.26,30.4,3.6,32.6,0
2026-01-25T22:48:00,45.03,41.6,53.5,65.0,0.177,22,6,1,0.0,10.0,17.5,1,1,0,2,45.03,44.5,5.3,52.4,1
2026-01-25T23:06:00,16.54,19.8,47.6,50.0,0.048,23,6,1,0.0,10.0,27.0,0,0,0,0,16.54,20.2,2.4,19.8,0
2026-01-25T23:24:00,63.92,59.0,58.1,65.0,0.106,23,6,1,0.0,10.0,26.8,0,0,0,2,63.92,61.5,7.4,62.4,0
2026-01-25T23:42:00,48.53,44.8,55.5,65.0,0.146,23,6,1,0.0,10.0,26.8,0,0,1,1,48.53,47.4,5.7,55.0,1
2026-01-26T00:00:00,19.01,22.8,35.4,50.0,0.292,0,0,0,6.7,2.4,35.2,0,0,2,0,19.01,25.5,3.1,32.6,1
2026-01-26T00:18:00,44.48,41.1,42.1,65.0,0.352,0,0,0,13.7,3.2,22.4,0,0,1,1,44.48,46.9,5.6,60.3,1
2026-01-26T00:36:00,52.92,48.8,52.6,65.0,0.191,0,0,0,0.0,10.0,24.8,0,0,0,2,52.92,52.5,6.3,59.7,1
2026-01-26T00:54:00,14.52,17.4,46.2,50.0,0.076,0,0,0,0.0,10.0,22.9,0,0,1,2,14.52,17.9,2.1,24.4,1
2026-01-26T01:12:00,15.84,19.0,39.6,50.0,0.208,1,0,0,2.1,4.7,21.2,0,0,0,2,15.84,20.6,2.5,24.9,1
2026-01-26T01:30:00,32.06,29.6,57.5,65.0,0.115,1,0,0,0.0,10.0,31.1,0,0,1,0,32.06,31.0,3.7,32.9,0
2026-01-26T01:48:00,63.1,58.2,34.0,65.0,0.477,1,0,0,0.0,10.0,20.6,1,3,0,2,63.1,69.3,8.3,109.4,1
2026-01-26T02:06:00,45.63,42.1,55.2,65.0,0.151,2,0,0,0.0,10.0,18.4,0,0,0,2,45.63,44.6,5.4,47.3,0
2026-01-26T02:24:00,51.07,47.1,59.3,65.0,0.088,2,0,0,0.0,10.0,25.6,0,0,0,2,51.07,48.8,5.9,55.7,1
2026-01-26T02:42:00,51.82,47.8,60.1,65.0,0.075,2,0,0,0.0,10.0,39.0,0,0,1,0,51.82,49.2,5.9,51.4,0
2026-01-26T03:00:00,54.7,50.5,60.7,65.0,0.066,3,0,0,1.4,3.7,29.4,0,0,0,2,54.7,51.8,6.2,54.3,0
2026-01-26T03:18:00,47.25,43.6,54.4,65.0,0.163,3,0,0,0.0,10.0,23.2,0,0,1,0,47.25,46.4,5.6,55.7,1
2026-01-26T03:36:00,56.6,52.2,56.9,65.0,0.125,3,0,0,0.0,10.0,37.4,0,0,1,2,56.6,54.8,6.6,60.6,1
2026-01-26T03:54:00,50.24,46.4,54.2,65.0,0.166,3,0,0,0.0,10.0,19.3,0,0,0,2,50.24,49.5,5.9,58.3,1
2026-01-26T04:12:00,25.95,24.0,57.2,65.0,0.12,4,0,0,0.0,10.0,26.8,0,0,0,1,25.95,25.2,3.0,27.6,1
2026-01-26T04:30:00,14.83,17.8,44.6,50.0,0.108,4,0,0,0.0,10.0,21.6,0,0,0,0,14.83,18.6,2.2,18.7,0
2026-01-26T04:48:00,13.64,16.4,41.7,50.0,0.166,4,0,0,0.0,10.0,33.3,0,0,0,2,13.64,17.5,2.1,23.2,1
2026-01-26T05:06:00,45.53,42.0,54.2,65.0,0.166,5,0,0,0.0,10.0,28.5,0,0,0,1,45.53,44.8,5.4,51.4,1
2026-01-26T05:24:00,52.59,48.5,58.5,65.0,0.1,5,0,0,0.0,10.0,21.6,0,0,0,1,52.59,50.4,6.0,53.8,0
2026-01-26T05:42:00,56.83,52.5,28.9,65.0,0.555,5,0,0,0.0,10.0,21.8,1,3,0,1,56.83,64.2,7.7,119.0,1
2026-01-26T06:00:00,15.57,18.7,44.1,50.0,0.118,6,0,0,0.0,10.0,32.5,0,0,1,2,15.57,19.6,2.4,23.3,1
2026-01-26T06:18:00,54.28,50.1,56.4,65.0,0.132,6,0,0,0.0,10.0,39.6,0,0,1,0,54.28,52.7,6.3,57.3,0
2026-01-26T06:36:00,37.34,34.5,51.8,65.0,0.203,6,0,0,0.0,10.0,24.2,0,0,0,2,37.34,37.3,4.5,41.9,1
2026-01-26T06:54:00,45.06,41.6,55.4,65.0,0.148,6,0,0,0.0,10.0,35.4,0,0,0,2,45.06,44.1,5.3,51.5,1
2026-01-26T07:12:00,19.39,23.3,45.2,50.0,0.096,7,0,0,0.0,10.0,25.4,0,0,0,1,19.39,24.2,2.9,27.7,1
2026-01-26T07:30:00,50.43,46.6,56.5,65.0,0.131,7,0,0,0.0,10.0,14.3,0,0,1,1,50.43,49.0,5.9,53.1,0
2026-01-26T07:48:00,54.24,50.1,60.4,65.0,0.071,7,0,0,0.0,10.0,30.7,0,0,0,2,54.24,51.5,6.2,52.6,0
2026-01-26T08:06:00,47.16,43.5,39.4,65.0,0.394,8,0,0,0.0,10.0,14.8,0,0,0,1,47.16,50.4,6.0,70.0,1
2026-01-26T08:24:00,36.24,33.5,40.6,65.0,0.375,8,0,0,0.0,10.0,24.2,0,0,1,1,36.24,38.5,4.6,58.2,1
2026-01-26T08:42:00,15.71,18.9,31.4,50.0,0.372,8,0,0,0.0,10.0,33.5,0,0,0,1,15.71,21.7,2.6,34.4,1
2026-01-26T09:00:00,13.67,16.4,31.1,50.0,0.378,9,0,0,0.0,10.0,25.7,0,0,1,2,13.67,18.9,2.3,21.4,1
2026-01-26T09:18:00,60.53,55.9,37.7,65.0,0.42,9,0,0,0.0,10.0,27.0,0,0,1,1,60.53,65.3,7.8,93.6,1
2026-01-26T09:36:00,29.35,27.1,43.7,65.0,0.328,9,0,0,0.0,10.0,28.2,0,0,0,2,29.35,30.7,3.7,38.4,1
2026-01-26T09:54:00,53.86,49.7,38.9,65.0,0.402,9,0,0,0.0,10.0,28.0,0,0,1,1,53.86,57.7,6.9,81.7,1
2026-01-26T10:12:00,43.12,39.8,39.6,65.0,0.391,10,0,0,0.0,10.0,29.2,0,0,0,2,43.12,46.0,5.5,63.1,1
2026-01-26T10:30:00,53.31,49.2,37.5,65.0,0.423,10,0,0,0.0,10.0,34.4,0,0,0,2,53.31,57.5,6.9,85.3,1
2026-01-26T10:48:00,34.49,31.8,38.0,65.0,0.415,10,0,0,0.0,10.0,32.4,0,0,1,0,34.49,37.1,4.5,56.1,1
2026-01-26T11:06:00,36.81,34.0,61.1,65.0,0.06,11,0,0,0.0,10.0,25.2,0,0,1,2,36.81,34.8,4.2,37.2,0
2026-01-26T11:24:00,62.16,57.4,58.3,65.0,0.103,11,0,0,0.0,10.0,26.1,0,0,2,2,62.16,59.8,7.2,65.3,0
2026-01-26T11:42:00,63.27,58.4,62.2,65.0,0.043,11,0,0,0.0,10.0,25.6,0,0,1,2,63.27,59.4,7.1,64.2,0
2026-01-26T12:00:00,63.49,58.6,63.9,65.0,0.017,12,0,0,0.0,10.0,23.7,0,0,1,0,63.49,59.0,7.1,62.4,0
2026-01-26T12:18:00,9.57,11.5,40.4,50.0,0.192,12,0,0,0.0,10.0,30.6,0,0,0,1,9.57,12.4,2.0,16.3,1
2026-01-26T12:36:00,11.71,14.1,44.2,50.0,0.116,12,0,0,0.0,10.0,28.0,0,0,0,0,11.71,14.8,2.0,17.4,1
2026-01-26T12:54:00,20.24,18.7,58.6,65.0,0.098,12,0,0,0.0,10.0,29.5,0,0,0,1,20.24,19.4,2.3,18.7,0
2026-01-26T13:12:00,53.63,49.5,61.2,65.0,0.058,13,0,0,0.0,10.0,25.1,0,0,0,2,53.63,50.6,6.1,56.3,0
2026-01-26T13:30:00,56.33,52.0,58.3,65.0,0.103,13,0,0,0.0,10.0,23.4,0,0,1,0,56.33,54.1,6.5,59.0,0
2026-01-26T13:48:00,40.83,37.7,53.9,65.0,0.171,13,0,0,0.1,4.9,25.3,0,0,0,0,40.83,40.3,4.8,43.0,0
2026-01-26T14:06:00,59.46,54.9,54.1,65.0,0.168,14,0,0,0.0,10.0,20.2,0,0,2,1,59.46,58.6,7.0,68.3,1
2026-01-26T14:24:00,10.69,12.8,43.9,50.0,0.122,14,0,0,0.7,2.7,24.5,0,0,2,1,10.69,13.4,2.0,15.5,1
2026-01-26T14:42:00,49.37,45.6,61.3,65.0,0.057,14,0,0,0.0,10.0,25.7,0,0,1,2,49.37,46.6,5.6,48.4,0
2026-01-26T15:00:00,30.82,28.4,57.4,65.0,0.117,15,0,0,0.0,10.0,33.6,0,0,1,2,30.82,29.7,3.6,32.3,0
2026-01-26T15:18:00,41.48,38.3,60.0,65.0,0.077,15,0,0,0.0,10.0,16.2,0,0,0,1,41.48,39.5,4.7,42.5,0
2026-01-26T15:36:00,10.92,13.1,39.7,50.0,0.206,15,0,0,0.0,10.0,22.6,0,0,0,2,10.92,14.2,2.0,17.4,1
2026-01-26T15:54:00,26.54,24.5,54.9,65.0,0.155,15,0,0,0.9,4.3,37.0,0,0,1,1,26.54,26.0,3.1,26.8,0
2026-01-26T16:12:00,30.08,27.8,57.1,65.0,0.122,16,0,0,0.0,10.0,25.6,0,0,1,1,30.08,29.2,3.5,33.6,1
2026-01-26T16:30:00,23.78,22.0,55.9,65.0,0.14,16,0,0,0.0,10.0,34.0,0,0,2,1,23.78,23.2,2.8,26.2,1
2026-01-26T16:48:00,25.47,23.5,55.4,65.0,0.148,16,0,0,0.0,10.0,26.9,0,0,0,0,25.47,24.9,3.0,26.4,0
2026-01-26T17:06:00,28.74,26.5,28.8,65.0,0.557,17,0,0,6.6,3.0,29.3,0,0,1,1,28.74,32.4,3.9,57.1,1
2026-01-26T17:24:00,37.51,34.6,18.0,65.0,0.723,17,0,0,0.0,10.0,24.1,1,3,0,0,37.51,44.6,5.4,120.9,1
2026-01-26T17:42:00,36.92,34.1,36.6,65.0,0.437,17,0,0,0.0,10.0,26.6,0,0,2,1,36.92,40.1,4.8,58.4,1
2026-01-26T18:00:00,52.86,48.8,42.2,65.0,0.351,18,0,0,0.0,10.0,29.9,0,0,2,2,52.86,55.7,6.7,74.8,1
2026-01-26T18:18:00,38.12,35.2,40.5,65.0,0.377,18,0,0,2.7,3.8,30.6,0,0,0,1,38.12,40.5,4.9,56.1,1
2026-01-26T18:36:00,63.06,58.2,42.2,65.0,0.351,18,0,0,0.0,10.0,33.1,0,0,1,1,63.06,66.4,8.0,90.5,1
2026-01-26T18:54:00,16.08,19.3,36.4,50.0,0.272,18,0,0,0.0,10.0,23.7,0,0,1,1,16.08,21.4,2.6,27.6,1
2026-01-26T19:12:00,34.47,31.8,42.9,65.0,0.34,19,0,0,0.0,10.0,24.6,0,0,1,2,34.47,36.1,4.3,47.1,1
2026-01-26T19:30:00,48.01,44.3,38.1,65.0,0.414,19,0,0,1.7,3.0,32.4,0,0,1,1,48.01,51.6,6.2,76.9,1
2026-01-26T19:48:00,63.14,58.3,39.0,65.0,0.4,19,0,0,0.0,10.0,28.3,0,0,0,2,63.14,67.6,8.1,96.8,1
2026-01-26T20:06:00,36.7,33.9,42.3,65.0,0.349,20,0,0,0.0,10.0,25.9,0,0,1,0,36.7,38.6,4.6,52.5,1
2026-01-26T20:24:00,33.88,31.3,42.5,65.0,0.346,20,0,0,0.0,10.0,25.8,0,0,0,1,33.88,35.6,4.3,45.2,1
2026-01-26T20:42:00,51.17,47.2,34.8,65.0,0.465,20,0,0,2.8,2.9,24.4,0,0,0,2,51.17,56.0,6.7,89.9,1
2026-01-26T21:00:00,41.45,38.3,54.9,65.0,0.155,21,0,0,0.0,10.0,15.8,0,0,1,1,41.45,40.7,4.9,48.5,1
2026-01-26T21:18:00,56.09,51.8,58.5,65.0,0.1,21,0,0,0.0,10.0,20.9,0,0,0,1,56.09,53.9,6.5,61.4,1
2026-01-26T21:36:00,19.79,23.7,45.4,50.0,0.092,21,0,0,0.0,10.0,30.0,0,0,0,2,19.79,24.6,3.0,27.4,1
2026-01-26T21:54:00,45.1,41.6,57.1,65.0,0.122,21,0,0,0.0,10.0,28.9,0,0,1,1,45.1,43.6,5.2,48.0,1
2026-01-26T22:12:00,49.97,46.1,54.3,65.0,0.165,22,0,0,0.0,10.0,28.2,0,0,2,0,49.97,49.1,5.9,55.2,1
2026-01-26T22:30:00,55.35,51.1,59.4,65.0,0.086,22,0,0,0.0,10.0,29.5,0,0,2,2,55.35,52.9,6.3,54.5,0
2026-01-26T22:48:00,11.2,13.4,44.3,50.0,0.114,22,0,0,0.0,10.0,29.6,0,0,0,2,11.2,14.0,2.0,14.6,0
2026-01-26T23:06:00,15.18,18.2,46.8,50.0,0.064,23,0,0,0.0,10.0,24.8,0,0,1,1,15.18,18.7,2.2,19.1,0
2026-01-26T23:24:00,48.22,44.5,59.8,65.0,0.08,23,0,0,0.0,10.0,29.0,0,0,1,2,48.22,45.9,5.5,48.7,0
2026-01-26T23:42:00,59.65,55.1,55.5,65.0,0.146,23,0,0,1.8,4.8,33.2,0,0,1,0,59.65,58.3,7.0,67.0,1
2026-01-27T00:00:00,52.23,48.2,53.9,65.0,0.171,0,1,0,0.0,10.0,26.1,0,0,1,2,52.23,51.5,6.2,54.0,0
2026-01-27T00:18:00,41.02,37.9,58.6,65.0,0.098,0,1,0,0.6,4.2,23.9,0,0,0,2,41.02,39.4,4.7,40.4,0
2026-01-27T00:36:00,9.31,11.2,44.8,50.0,0.104,0,1,0,0.0,10.0,23.7,0,0,2,2,9.31,11.7,2.0,16.8,1
2026-01-27T00:54:00,26.93,24.9,61.1,65.0,0.06,0,1,0,0.0,10.0,19.6,0,0,2,2,26.93,25.5,3.1,24.9,0
2026-01-27T01:12:00,25.45,23.5,56.8,65.0,0.126,1,1,0,0.0,10.0,45.8,0,0,1,1,25.45,24.7,3.0,24.5,0
2026-01-27T01:30:00,35.19,32.5,57.1,65.0,0.122,1,1,0,0.0,10.0,28.2,0,0,0,2,35.19,34.1,4.1,39.0,1
2026-01-27T01:48:00,54.78,50.6,57.5,65.0,0.115,1,1,0,0.0,10.0,17.0,0,0,1,0,54.78,52.9,6.3,60.6,1
2026-01-27T02:06:00,36.01,33.2,57.8,65.0,0.111,2,1,0,0.0,10.0,33.1,0,0,0,2,36.01,34.7,4.2,37.4,0
2026-01-27T02:24:00,46.91,43.3,53.1,65.0,0.183,2,1,0,1.0,3.1,26.8,1,1,1,2,46.91,46.5,5.6,46.9,0
2026-01-27T02:42:00,24.9,23.0,59.0,65.0,0.092,2,1,0,0.0,10.0,29.8,0,0,2,0,24.9,23.8,2.9,26.4,0
2026-01-27T03:00:00,14.53,17.4,43.9,50.0,0.122,3,1,0,0.0,10.0,27.0,0,0,0,1,14.53,18.2,2.2,17.4,0
2026-01-27T03:18:00,21.6,19.9,55.8,65.0,0.142,3,1,0,0.0,10.0,29.6,0,0,1,2,21.6,21.0,2.5,29.7,1
2026-01-27T03:36:00,37.48,34.6,50.5,65.0,0.223,3,1,0,7.5,3.0,29.6,0,0,0,2,37.48,37.7,4.5,43.7,1
2026-01-27T03:54:00,60.37,55.7,56.7,65.0,0.128,3,1,0,0.0,10.0,26.6,0,0,1,2,60.37,58.6,7.0,64.2,1
2026-01-27T04:12:00,21.89,20.2,59.8,65.0,0.08,4,1,0,0.0,10.0,27.0,0,0,0,1,21.89,20.8,2.5,20.2,0
2026-01-27T04:30:00,22.08,20.4,57.0,65.0,0.123,4,1,0,0.0,10.0,20.3,0,0,0,2,22.08,21.4,2.6,20.6,0
2026-01-27T04:48:00,60.59,55.9,58.4,65.0,0.102,4,1,0,0.0,10.0,31.6,0,0,1,0,60.59,58.2,7.0,64.8,1
2026-01-27T05:06:00,52.25,48.2,45.7,65.0,0.297,5,1,0,6.8,2.5,14.1,0,0,0,0,52.25,53.9,6.5,65.6,1
2026-01-27T05:24:00,17.95,21.5,46.7,50.0,0.066,5,1,0,0.0,10.0,18.9,0,0,0,1,17.95,22.1,2.7,21.5,0
2026-01-27T05:42:00,17.32,20.8,43.7,50.0,0.126,5,1,0,0.0,10.0,26.2,0,0,2,2,17.32,21.8,2.6,23.5,0
2026-01-27T06:00:00,36.97,34.1,53.5,65.0,0.177,6,1,0,0.0,10.0,32.1,0,0,0,1,36.97,36.5,4.4,40.5,1
2026-01-27T06:18:00,10.84,13.0,46.1,50.0,0.078,6,1,0,0.0,10.0,40.0,0,0,1,0,10.84,13.4,2.0,13.0,0
2026-01-27T06:36:00,61.94,57.2,60.0,65.0,0.077,6,1,0,0.0,10.0,21.7,0,0,2,2,61.94,59.0,7.1,66.0,1
2026-01-27T06:54:00,22.44,20.7,39.4,65.0,0.394,6,1,0,0.0,10.0,29.8,1,2,0,2,22.44,24.0,2.9,34.0,1
2026-01-27T07:12:00,18.76,22.5,42.0,50.0,0.16,7,1,0,0.0,10.0,15.2,0,0,0,1,18.76,23.9,2.9,30.8,1
2026-01-27T07:30:00,20.28,18.7,54.8,65.0,0.157,7,1,0,0.0,10.0,27.2,0,0,2,1,20.28,19.9,2.4,22.9,1
2026-01-27T07:48:00,50.8,46.9,46.2,65.0,0.289,7,1,0,5.6,2.4,29.4,0,0,1,1,50.8,52.3,6.3,66.7,1
2026-01-27T08:06:00,60.67,56.0,38.7,65.0,0.405,8,1,0,0.0,10.0,22.4,0,0,0,2,60.67,65.1,7.8,88.9,1
2026-01-27T08:24:00,9.65,11.6,38.1,50.0,0.238,8,1,0,0.0,10.0,27.1,0,0,1,2,9.65,12.7,2.0,13.8,1
2026-01-27T08:42:00,23.73,21.9,39.6,65.0,0.391,8,1,0,0.0,10.0,14.1,0,0,0,2,23.73,25.3,3.0,36.5,1
2026-01-27T09:00:00,63.84,58.9,40.8,65.0,0.372,9,1,0,0.0,10.0,31.2,0,0,2,2,63.84,67.7,8.1,95.6,1
2026-01-27T09:18:00,29.55,27.3,35.9,65.0,0.448,9,1,0,0.0,10.0,19.3,0,0,0,0,29.55,32.2,3.9,51.3,1
2026-01-27T09:36:00,58.34,53.9,43.8,65.0,0.326,9,1,0,0.0,10.0,32.8,0,0,0,2,58.34,60.9,7.3,81.4,1
2026-01-27T09:54:00,17.86,21.4,29.2,50.0,0.416,9,1,0,0.0,10.0,25.0,0,0,0,0,17.86,25.0,3.0,37.5,1
2026-01-27T10:12:00,23.17,21.4,39.5,65.0,0.392,10,1,0,0.0,10.0,25.1,0,0,1,2,23.17,24.8,3.0,32.6,1
2026-01-27T10:30:00,53.72,49.6,18.0,65.0,0.723,10,1,0,0.0,10.0,27.9,1,3,0,1,53.72,63.9,7.7,179.4,1
2026-01-27T10:48:00,47.85,44.2,43.3,65.0,0.334,10,1,0,0.0,10.0,32.6,0,0,1,2,47.85,50.1,6.0,65.3,1
2026-01-27T11:06:00,59.02,54.5,61.5,65.0,0.054,11,1,0,0.0,10.0,14.7,0,0,1,2,59.02,55.7,6.7,59.1,0
2026-01-27T11:24:00,47.18,43.6,60.3,65.0,0.072,11,1,0,0.0,10.0,42.9,0,0,1,1,47.18,44.9,5.4,43.6,0
2026-01-27T11:42:00,15.86,19.0,48.7,50.0,0.026,11,1,0,0.0,10.0,33.1,0,0,0,0,15.86,19.2,2.3,20.6,0
2026-01-27T12:00:00,53.43,49.3,32.0,65.0,0.508,12,1,0,0.0,10.0,27.1,1,3,1,2,53.43,59.3,7.1,99.0,1
2026-01-27T12:18:00,54.26,50.1,59.3,65.0,0.088,12,1,0,0.0,10.0,38.1,0,0,0,2,54.26,51.9,6.2,54.2,0
2026-01-27T12:36:00,10.27,12.3,45.8,50.0,0.084,12,1,0,0.0,10.0,29.7,0,0,0,2,10.27,12.7,2.0,13.7,0
2026-01-27T12:54:00,51.0,47.1,60.5,65.0,0.069,12,1,0,0.0,10.0,30.2,0,0,1,1,51.0,48.4,5.8,49.6,0
2026-01-27T13:12:00,20.58,19.0,58.4,65.0,0.102,13,1,0,0.0,10.0,27.8,0,0,1,2,20.58,19.8,2.4,24.7,1
2026-01-27T13:30:00,16.13,19.4,46.9,50.0,0.062,13,1,0,0.0,10.0,32.0,0,0,0,2,16.13,19.9,2.4,20.2,0
2026-01-27T13:48:00,45.04,41.6,58.9,65.0,0.094,13,1,0,0.0,10.0,38.3,0,0,1,2,45.04,43.2,5.2,42.8,0
2026-01-27T14:06:00,13.66,16.4,45.8,50.0,0.084,14,1,0,0.0,10.0,23.7,0,0,0,2,13.66,17.0,2.0,16.7,0
2026-01-27T14:24:00,33.28,30.7,54.3,65.0,0.165,14,1,0,0.0,10.0,19.8,0,0,0,2,33.28,32.7,3.9,32.1,0
2026-01-27T14:42:00,32.03,29.6,55.2,65.0,0.151,14,1,0,0.0,10.0,32.2,0,0,2,2,32.03,31.4,3.8,36.6,1
2026-01-27T15:00:00,17.64,21.2,44.7,50.0,0.106,15,1,0,0.0,10.0,24.5,0,0,2,2,17.64,22.1,2.7,21.6,0
2026-01-27T15:18:00,31.61,29.2,60.4,65.0,0.071,15,1,0,0.0,10.0,36.7,0,0,2,0,31.61,30.0,3.6,30.3,0
2026-01-27T15:36:00,17.3,20.8,41.8,50.0,0.164,15,1,0,2.0,4.2,24.6,0,0,0,2,17.3,22.2,2.7,25.4,1
2026-01-27T15:54:00,15.33,18.4,39.9,50.0,0.202,15,1,0,0.0,10.0,33.9,0,0,2,2,15.33,19.9,2.4,25.2,1
2026-01-27T16:12:00,36.19,33.4,58.3,65.0,0.103,16,1,0,1.1,4.0,21.7,0,0,1,2,36.19,34.8,4.2,36.7,0
2026-01-27T16:30:00,42.24,39.0,51.9,65.0,0.202,16,1,0,1.5,3.8,20.6,0,0,1,2,42.24,42.2,5.1,48.0,1
2026-01-27T16:48:00,20.24,18.7,55.2,65.0,0.151,16,1,0,0.0,10.0,30.3,0,0,0,0,20.24,19.8,2.4,21.6,1
2026-01-27T17:06:00,41.16,38.0,35.5,65.0,0.454,17,1,0,0.0,10.0,24.9,0,0,0,1,41.16,44.9,5.4,68.1,1
2026-01-27T17:24:00,54.36,50.2,40.0,65.0,0.385,17,1,0,0.0,10.0,26.5,0,0,0,1,54.36,57.9,6.9,78.3,1
2026-01-27T17:42:00,50.82,46.9,44.0,65.0,0.323,17,1,0,0.0,10.0,23.9,0,0,0,1,50.82,53.0,6.4,69.9,1
2026-01-27T18:00:00,10.94,13.1,34.5,50.0,0.31,18,1,0,0.0,10.0,20.8,0,0,2,0,10.94,14.7,2.0,19.2,1
2026-01-27T18:18:00,54.68,50.5,18.0,65.0,0.723,18,1,0,0.0,10.0,27.5,1,3,1,2,54.68,65.1,7.8,186.5,1
2026-01-27T18:36:00,45.02,41.6,32.1,65.0,0.506,18,1,0,0.0,10.0,18.1,0,0,2,1,45.02,50.0,6.0,83.2,1
2026-01-27T18:54:00,17.82,21.4,18.0,50.0,0.64,18,1,0,0.3,2.4,30.7,1,2,0,1,17.82,26.9,3.2,58.7,1
2026-01-27T19:12:00,60.7,56.0,23.0,65.0,0.646,19,1,0,0.0,10.0,8.4,1,2,0,2,60.7,70.5,8.5,158.7,1
2026-01-27T19:30:00,62.1,57.3,38.0,65.0,0.415,19,1,0,0.0,10.0,26.9,0,0,2,2,62.1,66.8,8.0,94.7,1
2026-01-27T19:48:00,20.53,19.0,42.7,65.0,0.343,19,1,0,0.0,10.0,27.0,0,0,0,2,20.53,21.6,2.6,30.5,1
2026-01-27T20:06:00,58.93,54.4,42.0,65.0,0.354,20,1,0,0.0,10.0,23.4,0,0,0,2,58.93,62.1,7.5,86.8,1
2026-01-27T20:24:00,46.88,43.3,39.8,65.0,0.388,20,1,0,0.0,10.0,27.6,0,0,1,1,46.88,50.0,6.0,73.6,1
2026-01-27T20:42:00,48.4,44.7,43.9,65.0,0.325,20,1,0,0.0,10.0,27.1,0,0,2,2,48.4,50.5,6.1,62.4,1
2026-01-27T21:00:00,9.84,11.8,44.6,50.0,0.108,21,1,0,0.0,10.0,35.4,0,0,2,1,9.84,12.3,2.0,15.7,1
2026-01-27T21:18:00,46.32,42.8,56.0,65.0,0.138,21,1,0,0.0,10.0,18.7,0,0,1,2,46.32,45.2,5.4,48.7,0
2026-01-27T21:36:00,45.39,41.9,51.4,65.0,0.209,21,1,0,0.0,10.0,37.5,0,0,1,2,45.39,45.4,5.4,54.0,1
2026-01-27T21:54:00,16.83,20.2,40.3,50.0,0.194,21,1,0,0.0,10.0,14.4,0,0,0,0,16.83,21.8,2.6,28.7,1
2026-01-27T22:12:00,57.68,53.2,54.4,65.0,0.163,22,1,0,0.0,10.0,35.0,0,0,0,2,57.68,56.7,6.8,59.6,0
2026-01-27T22:30:00,20.36,18.8,52.6,65.0,0.191,22,1,0,3.5,3.8,24.4,0,0,0,2,20.36,20.2,2.4,24.8,1
2026-01-27T22:48:00,47.45,43.8,55.6,65.0,0.145,22,1,0,0.0,10.0,27.9,0,0,1,1,47.45,46.3,5.6,54.6,1
2026-01-27T23:06:00,13.5,16.2,49.4,50.0,0.012,23,1,0,0.6,3.3,32.4,0,0,0,2,13.5,16.3,2.0,16.2,0
2026-01-27T23:24:00,29.39,27.1,54.9,65.0,0.155,23,1,0,0.5,2.7,37.2,0,0,1,0,29.39,28.8,3.5,31.2,1
2026-01-27T23:42:00,33.12,30.6,56.8,65.0,0.126,23,1,0,0.0,10.0,27.7,0,0,1,0,33.12,32.1,3.9,36.3,1
2026-01-28T00:00:00,55.37,51.1,56.0,65.0,0.138,0,2,0,0.0,10.0,23.2,0,0,1,0,55.37,53.9,6.5,58.5,0
2026-01-28T00:18:00,49.03,45.3,53.5,65.0,0.177,0,2,0,0.0,10.0,29.4,0,0,0,2,49.03,48.5,5.8,57.2,1
2026-01-28T00:36:00,10.88,13.1,43.1,50.0,0.138,0,2,0,0.0,10.0,29.6,0,0,0,1,10.88,13.8,2.0,13.1,0
2026-01-28T00:54:00,50.12,46.3,61.6,65.0,0.052,0,2,0,0.0,10.0,19.6,0,0,0,0,50.12,47.3,5.7,54.7,1
2026-01-28T01:12:00,40.65,37.5,52.9,65.0,0.186,1,2,0,0.0,10.0,26.1,0,0,2,1,40.65,40.3,4.8,41.9,0
2026-01-28T01:30:00,46.35,42.8,58.7,65.0,0.097,1,2,0,0.0,10.0,27.2,0,0,2,2,46.35,44.5,5.3,43.3,0
2026-01-28T01:48:00,25.41,23.5,59.6,65.0,0.083,1,2,0,0.0,10.0,26.1,0,0,0,2,25.41,24.3,2.9,24.0,0
2026-01-28T02:06:00,37.21,34.3,62.2,65.0,0.043,2,2,0,0.0,10.0,32.5,0,0,1,0,37.21,34.9,4.2,37.1,0
2026-01-28T02:24:00,34.01,31.4,53.1,65.0,0.183,2,2,0,0.0,10.0,18.8,0,0,2,0,34.01,33.7,4.0,35.5,0
2026-01-28T02:42:00,13.9,16.7,46.7,50.0,0.066,2,2,0,0.0,10.0,20.5,0,0,0,0,13.9,17.1,2.1,18.3,0
2026-01-28T03:00:00,32.53,30.0,53.4,65.0,0.178,3,2,0,0.0,10.0,15.2,0,0,1,2,32.53,32.1,3.9,34.3,0
2026-01-28T03:18:00,54.81,50.6,57.0,65.0,0.123,3,2,0,0.0,10.0,35.7,0,0,2,1,54.81,53.1,6.4,61.5,1
2026-01-28T03:36:00,21.72,20.0,53.8,65.0,0.172,3,2,0,0.0,10.0,30.6,0,0,0,2,21.72,21.4,2.6,21.6,0
2026-01-28T03:54:00,14.66,17.6,43.5,50.0,0.13,3,2,0,0.0,10.0,22.7,0,0,2,2,14.66,18.5,2.2,25.2,1
2026-01-28T04:12:00,27.66,25.5,57.3,65.0,0.118,4,2,0,0.0,10.0,27.6,0,0,0,0,27.66,26.7,3.2,28.6,0
2026-01-28T04:30:00,64.02,59.1,47.4,65.0,0.271,4,2,0,3.8,2.8,30.2,0,0,1,1,64.02,65.5,7.9,82.8,1
2026-01-28T04:48:00,30.38,28.0,58.3,65.0,0.103,4,2,0,0.0,10.0,34.0,0,0,1,1,30.38,29.2,3.5,29.1,0
2026-01-28T05:06:00,64.4,59.4,57.1,65.0,0.122,5,2,0,0.0,10.0,13.6,0,0,1,2,64.4,62.3,7.5,59.8,0
2026-01-28T05:24:00,47.11,43.5,56.4,65.0,0.132,5,2,0,0.0,10.0,33.3,0,0,2,2,47.11,45.8,5.5,49.6,0
2026-01-28T05:42:00,53.45,49.3,58.5,65.0,0.1,5,2,0,0.0,10.0,17.4,0,0,0,2,53.45,51.3,6.2,51.1,0
2026-01-28T06:00:00,35.74,33.0,55.7,65.0,0.143,6,2,0,0.0,10.0,22.9,0,0,0,1,35.74,34.9,4.2,36.9,0
2026-01-28T06:18:00,41.38,38.2,54.2,65.0,0.166,6,2,0,0.0,10.0,25.4,0,0,0,2,41.38,40.7,4.9,42.2,0
2026-01-28T06:36:00,27.48,25.4,53.2,65.0,0.182,6,2,0,0.0,10.0,21.2,0,0,0,2,27.48,27.2,3.3,30.3,1
2026-01-28T06:54:00,32.29,29.8,55.9,65.0,0.14,6,2,0,0.0,10.0,30.7,0,0,1,1,32.29,31.5,3.8,36.2,1
2026-01-28T07:12:00,59.59,55.0,52.9,65.0,0.186,7,2,0,0.0,10.0,40.4,0,0,1,2,59.59,59.1,7.1,72.6,1
2026-01-28T07:30:00,59.22,54.7,56.3,65.0,0.134,7,2,0,0.0,10.0,31.7,0,0,1,1,59.22,57.6,6.9,62.4,0
2026-01-28T07:48:00,44.04,40.7,52.8,65.0,0.188,7,2,0,0.0,10.0,32.3,0,0,0,2,44.04,43.8,5.3,50.2,1
2026-01-28T08:06:00,21.58,19.9,40.6,65.0,0.375,8,2,0,0.0,10.0,37.1,0,0,0,0,21.58,22.9,2.7,35.0,1
2026-01-28T08:24:00,12.24,14.7,29.8,50.0,0.404,8,2,0,0.0,10.0,17.5,0,0,0,0,12.24,17.1,2.1,22.8,1
2026-01-28T08:42:00,44.06,40.7,42.4,65.0,0.348,8,2,0,2.2,4.7,19.1,0,0,2,2,44.06,46.4,5.6,59.6,1
2026-01-28T09:00:00,38.31,35.4,42.5,65.0,0.346,9,2,0,0.0,10.0,29.7,0,0,2,2,38.31,40.3,4.8,53.9,1
2026-01-28T09:18:00,30.75,28.4,39.2,65.0,0.397,9,2,0,0.0,10.0,26.2,0,0,1,2,30.75,32.9,3.9,41.7,1
2026-01-28T09:36:00,20.38,18.8,40.0,65.0,0.385,9,2,0,0.0,10.0,30.7,0,0,1,1,20.38,21.7,2.6,29.5,1
2026-01-28T09:54:00,26.77,24.7,37.4,65.0,0.425,9,2,0,0.0,10.0,24.9,0,0,1,2,26.77,28.9,3.5,43.5,1
2026-01-28T10:12:00,59.47,54.9,43.3,65.0,0.334,10,2,0,0.0,10.0,31.6,0,0,0,0,59.47,62.2,7.5,78.7,1
2026-01-28T10:30:00,56.32,52.0,39.9,65.0,0.386,10,2,0,0.0,10.0,13.8,0,0,2,1,56.32,60.0,7.2,89.3,1
2026-01-28T10:48:00,13.88,16.7,31.0,50.0,0.38,10,2,0,0.0,10.0,31.8,0,0,1,2,13.88,19.2,2.3,28.1,1
2026-01-28T11:06:00,10.69,12.8,25.4,50.0,0.492,11,2,0,0.0,10.0,25.3,1,2,1,0,10.69,15.3,2.0,27.6,1
2026-01-28T11:24:00,26.04,24.0,55.1,65.0,0.152,11,2,0,0.0,10.0,16.0,0,0,2,1,26.04,25.5,3.1,26.0,0
2026-01-28T11:42:00,48.46,44.7,55.8,65.0,0.142,11,2,0,0.0,10.0,27.4,0,0,0,0,48.46,47.2,5.7,54.5,1
2026-01-28T12:00:00,59.42,54.8,51.7,65.0,0.205,12,2,0,0.0,10.0,33.1,0,0,0,1,59.42,59.3,7.1,71.2,1
2026-01-28T12:18:00,21.61,19.9,59.7,65.0,0.082,12,2,0,0.0,10.0,22.1,0,0,1,2,21.61,20.6,2.5,19.9,0
2026-01-28T12:36:00,17.56,21.1,44.2,50.0,0.116,12,2,0,3.0,4.9,25.5,0,0,0,2,17.56,22.1,2.7,21.1,0
2026-01-28T12:54:00,37.75,34.8,54.3,65.0,0.165,12,2,0,0.0,10.0,18.6,0,0,2,1,37.75,37.1,4.5,42.4,1
2026-01-28T13:12:00,58.0,53.5,58.2,65.0,0.105,13,2,0,0.0,10.0,48.1,0,0,1,0,58.0,55.7,6.7,57.6,0
2026-01-28T13:30:00,43.56,40.2,57.8,65.0,0.111,13,2,0,0.0,10.0,32.6,0,0,2,1,43.56,42.0,5.0,48.5,1
2026-01-28T13:48:00,57.51,53.1,55.6,65.0,0.145,13,2,0,1.0,2.3,32.8,0,0,1,2,57.51,56.2,6.7,63.9,1
2026-01-28T14:06:00,32.27,29.8,57.5,65.0,0.115,14,2,0,0.0,10.0,25.2,0,0,1,2,32.27,31.2,3.7,35.2,1
2026-01-28T14:24:00,36.08,33.3,51.7,65.0,0.205,14,2,0,0.0,10.0,23.9,0,0,1,2,36.08,36.0,4.3,45.1,1
2026-01-28T14:42:00,35.48,32.8,58.3,65.0,0.103,14,2,0,0.0,10.0,19.6,0,0,0,2,35.48,34.2,4.1,34.9,0
2026-01-28T15:00:00,9.87,11.8,43.8,50.0,0.124,15,2,0,1.3,3.0,28.6,0,0,1,2,9.87,12.4,2.0,11.8,0
2026-01-28T15:18:00,26.61,24.6,54.1,65.0,0.168,15,2,0,0.0,10.0,20.1,0,0,0,2,26.61,26.3,3.2,28.7,1
2026-01-28T15:36:00,14.13,17.0,42.3,50.0,0.154,15,2,0,0.0,10.0,29.0,0,0,0,0,14.13,18.0,2.2,17.0,0
2026-01-28T15:54:00,59.0,54.5,55.3,65.0,0.149,15,2,0,0.8,4.3,29.7,0,0,2,2,59.0,57.7,6.9,63.6,1
2026-01-28T16:12:00,19.16,23.0,48.5,50.0,0.03,16,2,0,0.0,10.0,29.4,0,0,1,0,19.16,23.3,2.8,23.0,0
2026-01-28T16:30:00,60.03,55.4,61.9,65.0,0.048,16,2,0,0.0,10.0,24.6,0,0,1,0,60.03,56.5,6.8,59.4,0
2026-01-28T16:48:00,32.33,29.8,62.6,65.0,0.037,16,2,0,0.0,10.0,20.4,0,0,0,2,32.33,30.2,3.6,35.8,1
2026-01-28T17:06:00,53.56,49.4,44.4,65.0,0.317,17,2,0,0.0,10.0,25.2,0,0,0,1,53.56,55.7,6.7,71.4,1
2026-01-28T17:24:00,36.91,34.1,18.0,65.0,0.723,17,2,0,0.0,10.0,18.2,1,3,0,1,36.91,44.0,5.3,123.5,1
2026-01-28T17:42:00,10.41,12.5,30.8,50.0,0.384,17,2,0,0.0,10.0,23.0,0,0,1,1,10.41,14.4,2.0,26.0,1
2026-01-28T18:00:00,58.41,53.9,41.2,65.0,0.366,18,2,0,0.0,10.0,34.4,0,0,0,2,58.41,61.8,7.4,84.6,1
2026-01-28T18:18:00,11.55,13.9,23.2,50.0,0.536,18,2,0,0.0,10.0,21.1,0,0,2,2,11.55,16.9,2.0,29.8,1
2026-01-28T18:36:00,58.82,54.3,48.0,65.0,0.262,18,2,0,0.0,10.0,34.3,0,0,2,0,58.82,60.0,7.2,72.4,1
2026-01-28T18:54:00,27.01,24.9,41.6,65.0,0.36,18,2,0,0.0,10.0,29.8,0,0,2,1,27.01,28.5,3.4,39.0,1
2026-01-28T19:12:00,58.02,53.6,43.1,65.0,0.337,19,2,0,0.0,10.0,29.5,0,0,0,1,58.02,60.8,7.3,79.9,1
2026-01-28T19:30:00,58.89,54.4,41.3,65.0,0.365,19,2,0,0.0,10.0,25.5,0,0,2,2,58.89,62.3,7.5,85.4,1
2026-01-28T19:48:00,63.85,58.9,43.3,65.0,0.334,19,2,0,0.0,10.0,33.5,0,0,2,2,63.85,66.8,8.0,85.5,1
2026-01-28T20:06:00,37.96,35.0,36.0,65.0,0.446,20,2,0,0.0,10.0,36.8,0,0,1,1,37.96,41.2,4.9,62.8,1
2026-01-28T20:24:00,32.5,30.0,38.4,65.0,0.409,20,2,0,0.0,10.0,27.8,0,0,0,2,32.5,34.9,4.2,51.0,1
2026-01-28T20:42:00,32.87,30.3,43.2,65.0,0.335,20,2,0,0.0,10.0,32.4,0,0,0,1,32.87,34.4,4.1,44.8,1
2026-01-28T21:00:00,16.2,19.4,25.1,50.0,0.498,21,2,0,0.0,10.0,28.3,1,3,1,2,16.2,23.3,2.8,39.1,1
2026-01-28T21:18:00,14.01,16.8,43.5,50.0,0.13,21,2,0,0.0,10.0,35.3,0,0,0,2,14.01,17.7,2.1,17.8,0
2026-01-28T21:36:00,57.46,53.0,60.5,65.0,0.069,21,2,0,0.0,10.0,31.0,0,0,0,2,57.46,54.5,6.5,59.5,0
2026-01-28T21:54:00,28.88,26.7,58.8,65.0,0.095,21,2,0,0.0,10.0,24.2,0,0,1,0,28.88,27.7,3.3,28.5,0
2026-01-28T22:12:00,45.14,41.7,57.3,65.0,0.118,22,2,0,0.0,10.0,28.6,0,0,0,0,45.14,43.7,5.2,45.4,0
2026-01-28T22:30:00,8.82,10.6,38.0,50.0,0.24,22,2,0,7.3,4.5,32.6,0,0,2,1,8.82,11.6,2.0,12.3,1
2026-01-28T22:48:00,42.52,39.2,57.7,65.0,0.112,22,2,0,0.0,10.0,17.6,0,0,0,0,42.52,41.0,4.9,47.1,1
2026-01-28T23:06:00,27.0,24.9,58.1,65.0,0.106,23,2,0,0.0,10.0,24.5,0,0,1,0,27.0,26.0,3.1,34.8,1
2026-01-28T23:24:00,37.77,34.9,60.6,65.0,0.068,23,2,0,0.0,10.0,16.8,0,0,0,2,37.77,35.8,4.3,38.3,0
2026-01-28T23:42:00,64.85,59.9,54.6,65.0,0.16,23,2,0,0.0,10.0,34.3,0,0,1,2,64.85,63.7,7.6,68.2,0
2026-01-29T00:00:00,21.12,19.5,59.1,65.0,0.091,0,3,0,0.0,10.0,19.5,0,0,2,0,21.12,20.2,2.4,20.2,0
2026-01-29T00:18:00,55.57,51.3,59.8,65.0,0.08,0,3,0,0.0,10.0,17.7,0,0,0,2,55.57,52.9,6.3,55.9,0
2026-01-29T00:36:00,48.4,44.7,59.6,65.0,0.083,0,3,0,0.0,10.0,24.1,0,0,0,1,48.4,46.2,5.5,46.6,0
2026-01-29T00:54:00,20.28,18.7,53.8,65.0,0.172,0,3,0,0.0,10.0,35.5,0,0,0,0,20.28,20.0,2.4,20.6,0
2026-01-29T01:12:00,28.48,26.3,58.3,65.0,0.103,1,3,0,5.3,4.1,27.1,0,0,2,2,28.48,27.4,3.3,27.7,0
2026-01-29T01:30:00,51.27,47.3,59.1,65.0,0.091,1,3,0,0.0,10.0,24.8,0,0,1,2,51.27,49.0,5.9,49.1,0
2026-01-29T01:48:00,53.68,49.6,57.4,65.0,0.117,1,3,0,0.0,10.0,29.8,0,0,0,2,53.68,51.9,6.2,51.2,0
2026-01-29T02:06:00,14.43,17.3,41.3,50.0,0.174,2,3,0,0.0,10.0,34.1,0,0,0,1,14.43,18.5,2.2,17.7,0
2026-01-29T02:24:00,61.01,56.3,56.7,65.0,0.128,2,3,0,0.0,10.0,34.7,0,0,0,0,61.01,59.2,7.1,61.9,0
2026-01-29T02:42:00,64.41,59.5,50.6,65.0,0.222,2,3,0,5.0,4.8,19.9,0,0,1,2,64.41,64.8,7.8,74.0,1
2026-01-29T03:00:00,32.62,30.1,58.0,65.0,0.108,3,3,0,0.0,10.0,33.5,0,0,1,1,32.62,31.4,3.8,31.1,0
2026-01-29T03:18:00,28.58,26.4,57.6,65.0,0.114,3,3,0,0.0,10.0,20.7,0,0,2,2,28.58,27.6,3.3,31.7,1
2026-01-29T03:36:00,27.53,25.4,54.3,65.0,0.165,3,3,0,1.1,4.6,26.6,0,0,0,0,27.53,27.1,3.3,33.9,1
2026-01-29T03:54:00,27.9,25.8,52.1,65.0,0.198,3,3,0,0.0,10.0,31.4,0,0,2,1,27.9,27.8,3.3,27.6,0
2026-01-29T04:12:00,48.26,44.5,54.5,65.0,0.162,4,3,0,0.0,10.0,31.4,0,0,1,1,48.26,47.4,5.7,54.7,1
2026-01-29T04:30:00,62.05,57.3,61.0,65.0,0.062,4,3,0,0.0,10.0,23.3,0,0,1,1,62.05,58.7,7.0,60.1,0
2026-01-29T04:48:00,60.82,56.1,33.3,65.0,0.488,4,3,0,0.0,10.0,23.5,1,3,2,2,60.82,67.1,8.1,112.6,1
2026-01-29T05:06:00,42.73,39.4,56.2,65.0,0.135,5,3,0,0.0,10.0,26.3,0,0,0,2,42.73,41.5,5.0,46.5,1
2026-01-29T05:24:00,23.26,21.5,59.2,65.0,0.089,5,3,0,0.0,10.0,20.4,0,0,0,2,23.26,22.3,2.7,25.6,1
2026-01-29T05:42:00,57.0,52.6,60.4,65.0,0.071,5,3,0,0.0,10.0,27.1,0,0,1,2,57.0,54.1,6.5,60.4,0
2026-01-29T06:00:00,38.99,36.0,49.2,65.0,0.243,6,3,0,0.0,10.0,33.6,0,0,0,2,38.99,39.5,4.7,48.8,1
2026-01-29T06:18:00,35.51,32.8,54.9,65.0,0.155,6,3,0,1.7,2.3,25.2,0,0,1,1,35.51,34.8,4.2,37.2,0
2026-01-29T06:36:00,42.56,39.3,55.9,65.0,0.14,6,3,0,0.0,10.0,32.8,0,0,2,2,42.56,41.5,5.0,44.5,0
2026-01-29T06:54:00,27.31,25.2,61.9,65.0,0.048,6,3,0,0.0,10.0,32.4,0,0,2,2,27.31,25.7,3.1,28.1,0
2026-01-29T07:12:00,9.44,11.3,38.8,50.0,0.224,7,3,0,0.0,10.0,23.7,0,0,0,2,9.44,12.3,2.0,18.8,1
2026-01-29T07:30:00,44.8,41.4,55.0,65.0,0.154,7,3,0,0.0,10.0,23.5,0,0,1,0,44.8,44.0,5.3,47.5,0
2026-01-29T07:48:00,45.17,41.7,54.8,65.0,0.157,7,3,0,0.0,10.0,16.9,0,0,2,2,45.17,44.3,5.3,51.9,1
2026-01-29T08:06:00,15.55,18.7,26.1,50.0,0.478,8,3,0,0.0,10.0,22.5,0,0,1,2,15.55,22.3,2.7,35.7,1
2026-01-29T08:24:00,19.74,23.7,31.6,50.0,0.368,8,3,0,0.0,10.0,23.7,0,0,0,1,19.74,27.2,3.3,36.1,1
2026-01-29T08:42:00,62.99,58.1,36.9,65.0,0.432,8,3,0,3.1,4.3,28.1,0,0,0,2,62.99,68.1,8.2,104.4,1
2026-01-29T09:00:00,40.03,37.0,44.5,65.0,0.315,9,3,0,0.0,10.0,24.0,0,0,0,2,40.03,41.7,5.0,57.5,1
2026-01-29T09:18:00,42.79,39.5,36.7,65.0,0.435,9,3,0,0.0,10.0,28.2,0,0,0,1,42.79,46.4,5.6,66.4,1
2026-01-29T09:36:00,17.21,20.7,28.7,50.0,0.426,9,3,0,3.2,4.8,34.9,0,0,0,1,17.21,24.2,2.9,34.7,1
2026-01-29T09:54:00,27.16,25.1,39.3,65.0,0.395,9,3,0,0.0,10.0,30.7,0,0,0,0,27.16,29.1,3.5,43.5,1
2026-01-29T10:12:00,37.38,34.5,43.7,65.0,0.328,10,3,0,0.0,10.0,26.8,0,0,0,2,37.38,39.0,4.7,51.0,1
2026-01-29T10:30:00,63.05,58.2,40.5,65.0,0.377,10,3,0,0.0,10.0,11.6,0,0,1,2,63.05,67.0,8.0,93.3,1
2026-01-29T10:48:00,48.0,44.3,43.8,65.0,0.326,10,3,0,0.6,4.5,19.1,0,0,2,1,48.0,50.1,6.0,63.4,1
2026-01-29T11:06:00,24.74,22.8,56.7,65.0,0.128,11,3,0,0.0,10.0,25.5,0,0,2,1,24.74,24.0,2.9,22.8,0
2026-01-29T11:24:00,47.54,43.9,58.6,65.0,0.098,11,3,0,0.0,10.0,32.2,0,0,0,2,47.54,45.6,5.5,48.5,0
2026-01-29T11:42:00,57.47,53.0,51.9,65.0,0.202,11,3,0,1.4,3.1,28.2,1,1,0,2,57.47,57.3,6.9,65.3,1
2026-01-29T12:00:00,26.81,24.7,59.2,65.0,0.089,12,3,0,0.0,10.0,11.6,0,0,1,1,26.81,25.6,3.1,26.2,0
2026-01-29T12:18:00,17.81,21.4,44.4,50.0,0.112,12,3,0,0.0,10.0,26.8,0,0,2,1,17.81,22.4,2.7,21.4,0
2026-01-29T12:36:00,37.79,34.9,58.6,65.0,0.098,12,3,0,0.0,10.0,20.7,0,0,1,2,37.79,36.3,4.4,37.0,0
2026-01-29T12:54:00,21.96,20.3,63.3,65.0,0.026,12,3,0,0.0,10.0,18.1,0,0,2,1,21.96,20.5,2.5,20.3,0
2026-01-29T13:12:00,41.18,38.0,58.5,65.0,0.1,13,3,0,0.0,10.0,20.6,0,0,1,1,41.18,39.5,4.7,44.2,1
2026-01-29T13:30:00,24.37,22.5,54.1,65.0,0.168,13,3,0,0.0,10.0,27.8,0,0,0,0,24.37,24.0,2.9,27.7,1
2026-01-29T13:48:00,19.12,22.9,36.1,50.0,0.278,13,3,0,2.0,3.7,29.3,0,0,0,2,19.12,25.4,3.0,37.6,1
2026-01-29T14:06:00,8.08,9.7,46.7,50.0,0.066,14,3,0,0.0,10.0,11.3,0,0,0,1,8.08,10.0,2.0,9.7,0
2026-01-29T14:24:00,33.48,30.9,57.7,65.0,0.112,14,3,0,0.0,10.0,19.2,0,0,1,2,33.48,32.3,3.9,32.9,0
2026-01-29T14:42:00,37.79,34.9,60.1,65.0,0.075,14,3,0,0.0,10.0,35.7,0,0,2,0,37.79,35.9,4.3,41.0,1
2026-01-29T15:00:00,39.72,36.7,57.5,65.0,0.115,15,3,0,0.0,10.0,32.4,0,0,0,2,39.72,38.4,4.6,40.5,0
2026-01-29T15:18:00,23.9,22.1,55.0,65.0,0.154,15,3,0,0.0,10.0,26.3,0,0,0,2,23.9,23.5,2.8,22.1,0
2026-01-29T15:36:00,64.45,59.5,65.2,65.0,0.0,15,3,0,0.0,10.0,17.8,0,0,0,2,64.45,59.5,7.1,59.9,0
2026-01-29T15:54:00,18.39,22.1,20.9,50.0,0.582,15,3,0,0.0,10.0,26.7,1,3,2,2,18.39,27.2,3.3,53.2,1
2026-01-29T16:12:00,17.64,21.2,45.2,50.0,0.096,16,3,0,0.0,10.0,22.3,0,0,1,2,17.64,22.0,2.6,24.8,1
2026-01-29T16:30:00,25.97,24.0,56.7,65.0,0.128,16,3,0,0.0,10.0,34.8,0,0,1,1,25.97,25.2,3.0,29.0,1
2026-01-29T16:48:00,37.94,35.0,57.7,65.0,0.112,16,3,0,0.0,10.0,19.2,0,0,1,2,37.94,36.6,4.4,38.9,0
2026-01-29T17:06:00,39.84,36.8,32.7,65.0,0.497,17,3,0,1.6,2.4,35.0,0,0,0,2,39.84,44.1,5.3,72.6,1
2026-01-29T17:24:00,60.73,56.1,34.6,65.0,0.468,17,3,0,7.0,3.5,18.0,0,0,0,1,60.73,66.6,8.0,106.0,1
2026-01-29T17:42:00,47.98,44.3,36.6,65.0,0.437,17,3,0,0.0,10.0,27.1,0,0,1,1,47.98,52.0,6.2,75.4,1
2026-01-29T18:00:00,10.17,12.2,32.9,50.0,0.342,18,3,0,0.0,10.0,23.6,0,0,0,2,10.17,13.9,2.0,17.4,1
2026-01-29T18:18:00,63.26,58.4,31.5,65.0,0.515,18,3,0,0.0,10.0,27.7,0,0,2,1,63.26,70.4,8.4,123.8,1
2026-01-29T18:36:00,23.85,22.0,40.1,65.0,0.383,18,3,0,0.0,10.0,30.2,0,0,0,0,23.85,25.4,3.0,41.0,1
2026-01-29T18:54:00,40.11,37.0,35.9,65.0,0.448,18,3,0,3.2,2.0,27.9,0,0,2,2,40.11,43.6,5.2,68.1,1
2026-01-29T19:12:00,25.93,23.9,45.1,65.0,0.306,19,3,0,0.0,10.0,27.1,0,0,0,0,25.93,26.8,3.2,35.1,1
2026-01-29T19:30:00,30.85,28.5,37.9,65.0,0.417,19,3,0,0.0,10.0,25.9,0,0,1,2,30.85,33.3,4.0,46.8,1
2026-01-29T19:48:00,20.66,19.1,41.1,65.0,0.368,19,3,0,0.0,10.0,25.4,0,0,1,0,20.66,21.9,2.6,28.1,1
2026-01-29T20:06:00,14.39,17.3,38.3,50.0,0.234,20,3,0,0.0,10.0,38.5,0,0,1,1,14.39,18.9,2.3,22.3,1
2026-01-29T20:24:00,39.81,36.7,41.3,65.0,0.365,20,3,0,0.0,10.0,27.9,0,0,0,0,39.81,42.1,5.1,57.3,1
2026-01-29T20:42:00,10.18,12.2,33.7,50.0,0.326,20,3,0,1.2,3.9,32.5,0,0,0,2,10.18,13.8,2.0,20.3,1
2026-01-29T21:00:00,28.49,26.3,55.3,65.0,0.149,21,3,0,0.0,10.0,28.3,0,0,1,0,28.49,27.9,3.3,33.9,1
2026-01-29T21:18:00,23.49,21.7,55.1,65.0,0.152,21,3,0,0.0,10.0,32.1,0,0,2,0,23.49,23.0,2.8,23.2,0
2026-01-29T21:36:00,53.31,49.2,57.3,65.0,0.118,21,3,0,0.0,10.0,29.9,0,0,2,2,53.31,51.5,6.2,58.1,1
2026-01-29T21:54:00,16.54,19.8,43.4,50.0,0.132,21,3,0,0.0,10.0,24.5,0,0,1,2,16.54,20.8,2.5,24.3,1
2026-01-29T22:12:00,43.73,40.4,56.6,65.0,0.129,22,3,0,0.0,10.0,29.1,0,0,0,2,43.73,42.5,5.1,45.6,0
2026-01-29T22:30:00,22.76,21.0,58.4,65.0,0.102,22,3,0,0.0,10.0,30.3,0,0,2,2,22.76,21.9,2.6,22.1,0
2026-01-29T22:48:00,55.04,50.8,63.4,65.0,0.025,22,3,0,0.0,10.0,26.5,0,0,0,1,55.04,51.3,6.2,52.0,0
2026-01-29T23:06:00,16.61,19.9,37.3,50.0,0.254,23,3,0,0.0,10.0,24.0,0,0,1,2,16.61,21.9,2.6,23.1,1
2026-01-29T23:24:00,52.97,48.9,61.4,65.0,0.055,23,3,0,0.7,3.7,19.8,0,0,0,2,52.97,50.0,6.0,54.1,0
2026-01-29T23:42:00,47.05,43.4,40.5,65.0,0.377,23,3,0,10.1,3.0,18.2,0,0,1,0,47.05,49.9,6.0,70.0,1
2026-01-30T00:00:00,30.58,28.2,53.9,65.0,0.171,0,4,0,0.0,10.0,32.2,0,0,1,2,30.58,30.1,3.6,34.1,1
2026-01-30T00:18:00,19.61,23.5,45.9,50.0,0.082,0,4,0,0.0,10.0,18.7,0,0,2,0,19.61,24.3,2.9,29.9,1
2026-01-30T00:36:00,57.56,53.1,55.3,65.0,0.149,0,4,0,0.0,10.0,35.4,0,0,0,1,57.56,56.3,6.8,63.2,1
2026-01-30T00:54:00,34.59,31.9,57.4,65.0,0.117,0,4,0,0.0,10.0,18.3,0,0,1,2,34.59,33.4,4.0,37.5,1
2026-01-30T01:12:00,32.97,30.4,52.8,65.0,0.188,1,4,0,0.0,10.0,22.3,0,0,1,1,32.97,32.7,3.9,34.1,0
2026-01-30T01:30:00,42.86,39.6,38.5,65.0,0.408,1,4,0,1.0,2.1,20.5,1,2,0,0,42.86,46.1,5.5,67.2,1
2026-01-30T01:48:00,53.1,49.0,50.9,65.0,0.217,1,4,0,0.0,10.0,25.7,1,1,2,2,53.1,53.3,6.4,65.7,1
2026-01-30T02:06:00,19.09,22.9,50.7,50.0,0.0,2,4,0,0.0,10.0,34.2,0,0,1,2,19.09,22.9,2.7,22.9,0
2026-01-30T02:24:00,31.86,29.4,63.5,65.0,0.023,2,4,0,0.0,10.0,28.7,0,0,1,0,31.86,29.7,3.6,29.5,0
2026-01-30T02:42:00,53.73,49.6,52.9,65.0,0.186,2,4,0,0.0,10.0,20.2,0,0,1,1,53.73,53.3,6.4,59.7,1
2026-01-30T03:00:00,55.45,51.2,55.4,65.0,0.148,3,4,0,0.0,10.0,33.7,0,0,1,0,55.45,54.2,6.5,60.0,1
2026-01-30T03:18:00,44.92,41.5,57.4,65.0,0.117,3,4,0,0.0,10.0,25.3,0,0,0,2,44.92,43.4,5.2,47.8,1
2026-01-30T03:36:00,52.65,48.6,59.3,65.0,0.088,3,4,0,0.5,3.7,36.7,0,0,1,0,52.65,50.3,6.0,55.6,0
2026-01-30T03:54:00,60.92,56.2,57.8,65.0,0.111,3,4,0,0.0,10.0,20.7,0,0,1,1,60.92,58.7,7.0,59.4,0
2026-01-30T04:12:00,64.82,59.8,58.2,65.0,0.105,4,4,0,0.2,2.2,23.3,0,0,0,2,64.82,62.3,7.5,67.9,0
2026-01-30T04:30:00,41.41,38.2,57.1,65.0,0.122,4,4,0,0.0,10.0,25.0,0,0,2,1,41.41,40.1,4.8,43.4,0
2026-01-30T04:48:00,10.81,13.0,41.7,50.0,0.166,4,4,0,0.0,10.0,16.9,0,0,1,2,10.81,13.9,2.0,13.0,0
2026-01-30T05:06:00,17.17,20.6,29.1,50.0,0.418,5,4,0,0.0,10.0,20.4,1,2,0,0,17.17,24.0,2.9,36.7,1
2026-01-30T05:24:00,50.35,46.5,29.9,65.0,0.54,5,4,0,0.0,10.0,28.2,1,3,0,1,50.35,56.5,6.8,101.7,1
2026-01-30T05:42:00,20.15,18.6,51.9,65.0,0.202,5,4,0,4.2,4.2,33.3,0,0,1,1,20.15,20.1,2.4,22.3,1
2026-01-30T06:00:00,54.17,50.0,55.1,65.0,0.152,6,4,0,0.0,10.0,29.0,0,0,2,0,54.17,53.0,6.4,61.6,1
2026-01-30T06:18:00,56.51,52.2,57.0,65.0,0.123,6,4,0,0.0,10.0,22.0,0,0,0,2,56.51,54.8,6.6,61.0,1
2026-01-30T06:36:00,44.91,41.5,55.9,65.0,0.14,6,4,0,0.0,10.0,28.5,0,0,1,2,44.91,43.8,5.3,46.1,0
2026-01-30T06:54:00,55.61,51.3,29.9,65.0,0.54,6,4,0,0.0,10.0,17.3,1,3,0,2,55.61,62.4,7.5,109.9,1
2026-01-30T07:12:00,58.39,53.9,61.7,65.0,0.051,7,4,0,0.0,10.0,38.1,0,0,0,0,58.39,55.0,6.6,58.1,0
2026-01-30T07:30:00,53.11,49.0,64.1,65.0,0.014,7,4,0,0.0,10.0,22.8,0,0,1,1,53.11,49.3,5.9,49.2,0
2026-01-30T07:48:00,16.1,19.3,44.6,50.0,0.108,7,4,0,0.0,10.0,21.2,0,0,1,1,16.1,20.1,2.4,21.0,0
2026-01-30T08:06:00,10.9,13.1,33.0,50.0,0.34,8,4,0,0.0,10.0,22.8,0,0,1,2,10.9,14.9,2.0,21.5,1
2026-01-30T08:24:00,58.32,53.8,35.8,65.0,0.449,8,4,0,1.3,3.0,24.1,0,0,1,2,58.32,63.5,7.6,99.9,1
2026-01-30T08:42:00,24.0,22.2,41.4,65.0,0.363,8,4,0,0.0,10.0,32.9,0,0,0,2,24.0,25.4,3.0,33.4,1
2026-01-30T09:00:00,14.0,16.8,18.0,50.0,0.64,9,4,0,0.0,10.0,27.7,1,2,2,0,14.0,21.1,2.5,50.5,1
2026-01-30T09:18:00,51.0,47.1,38.1,65.0,0.414,9,4,0,0.0,10.0,36.0,0,0,0,2,51.0,54.9,6.6,83.4,1
2026-01-30T09:36:00,28.44,26.3,46.0,65.0,0.292,9,4,0,0.0,10.0,28.8,0,0,2,1,28.44,29.4,3.5,36.6,1
2026-01-30T09:54:00,21.13,19.5,46.7,65.0,0.282,9,4,0,0.0,10.0,32.0,0,0,1,2,21.13,21.7,2.6,27.2,1
2026-01-30T10:12:00,11.08,13.3,27.5,50.0,0.45,10,4,0,0.0,10.0,30.0,0,0,1,2,11.08,15.7,2.0,26.8,1
2026-01-30T10:30:00,64.89,59.9,42.1,65.0,0.352,10,4,0,0.0,10.0,29.7,0,0,2,2,64.89,68.3,8.2,90.0,1
2026-01-30T10:48:00,22.59,20.9,20.9,65.0,0.678,10,4,0,0.0,10.0,23.4,1,3,2,2,22.59,26.6,3.2,65.7,1
2026-01-30T11:06:00,26.43,24.4,55.5,65.0,0.146,11,4,0,0.0,10.0,40.9,0,0,2,2,26.43,25.8,3.1,24.6,0
2026-01-30T11:24:00,60.17,55.5,59.6,65.0,0.083,11,4,0,0.0,10.0,19.2,0,0,2,2,60.17,57.3,6.9,61.6,0
2026-01-30T11:42:00,57.08,52.7,56.5,65.0,0.131,11,4,0,0.0,10.0,35.6,0,0,0,2,57.08,55.5,6.7,60.7,1
2026-01-30T12:00:00,32.45,30.0,47.1,65.0,0.275,12,4,0,10.9,3.6,18.6,0,0,2,0,32.45,33.3,4.0,42.0,1
2026-01-30T12:18:00,40.05,37.0,56.0,65.0,0.138,12,4,0,0.0,10.0,27.7,0,0,0,1,40.05,39.0,4.7,41.0,0
2026-01-30T12:36:00,53.76,49.6,61.5,65.0,0.054,12,4,0,0.0,10.0,22.3,0,0,0,1,53.76,50.7,6.1,51.4,0
2026-01-30T12:54:00,32.2,29.7,57.3,65.0,0.118,12,4,0,0.8,2.4,23.9,0,0,0,0,32.2,31.1,3.7,33.0,0
2026-01-30T13:12:00,42.17,38.9,60.2,65.0,0.074,13,4,0,0.0,10.0,28.6,0,0,1,1,42.17,40.1,4.8,44.0,0
2026-01-30T13:30:00,54.98,50.8,57.6,65.0,0.114,13,4,0,0.0,10.0,26.0,0,0,2,2,54.98,53.1,6.4,57.7,0
2026-01-30T13:48:00,28.95,26.7,53.1,65.0,0.183,13,4,0,0.0,10.0,23.7,0,0,0,2,28.95,28.7,3.4,33.7,1
2026-01-30T14:06:00,28.61,26.4,59.1,65.0,0.091,14,4,0,0.0,10.0,23.0,0,0,0,0,28.61,27.4,3.3,28.2,0
2026-01-30T14:24:00,22.08,20.4,58.7,65.0,0.097,14,4,0,0.0,10.0,24.6,0,0,0,1,22.08,21.2,2.5,20.4,0
2026-01-30T14:42:00,63.94,59.0,49.7,65.0,0.235,14,4,0,0.0,10.0,18.5,1,1,1,0,63.94,64.5,7.7,74.4,1
2026-01-30T15:00:00,56.29,52.0,57.5,65.0,0.115,15,4,0,0.0,10.0,30.5,0,0,1,1,56.29,54.4,6.5,61.7,1
2026-01-30T15:18:00,21.27,19.6,57.0,65.0,0.123,15,4,0,0.0,10.0,21.6,0,0,0,2,21.27,20.6,2.5,21.6,0
2026-01-30T15:36:00,55.8,51.5,54.2,65.0,0.166,15,4,0,0.0,10.0,26.9,0,0,0,1,55.8,54.9,6.6,65.0,1
2026-01-30T15:54:00,18.95,22.7,44.5,50.0,0.11,15,4,0,0.0,10.0,23.0,0,0,0,0,18.95,23.7,2.8,26.8,1
2026-01-30T16:12:00,16.38,19.7,42.9,50.0,0.142,16,4,0,0.0,10.0,27.6,0,0,0,1,16.38,20.8,2.5,26.0,1
2026-01-30T16:30:00,57.92,53.5,61.5,65.0,0.054,16,4,0,0.0,10.0,29.9,0,0,0,1,57.92,54.7,6.6,58.4,0
2026-01-30T16:48:00,41.35,38.2,58.5,65.0,0.1,16,4,0,0.0,10.0,18.5,0,0,1,0,41.35,39.7,4.8,43.0,0
2026-01-30T17:06:00,27.08,25.0,38.0,65.0,0.415,17,4,0,0.0,10.0,28.0,0,0,1,1,27.08,29.1,3.5,39.3,1
2026-01-30T17:24:00,63.36,58.5,39.6,65.0,0.391,17,4,0,0.0,10.0,29.2,0,0,1,2,63.36,67.6,8.1,96.7,1
2026-01-30T17:42:00,23.0,21.2,39.5,65.0,0.392,17,4,0,0.0,10.0,26.3,0,0,1,2,23.0,24.5,2.9,33.2,1
2026-01-30T18:00:00,25.11,23.2,37.5,65.0,0.423,18,4,0,0.0,10.0,26.3,0,0,0,2,25.11,27.1,3.3,42.3,1
2026-01-30T18:18:00,51.87,47.9,25.1,65.0,0.614,18,4,0,0.0,10.0,31.3,1,2,0,2,51.87,59.7,7.2,120.7,1
2026-01-30T18:36:00,43.94,40.6,41.3,65.0,0.365,18,4,0,0.0,10.0,19.5,0,0,0,1,43.94,46.5,5.6,68.8,1
2026-01-30T18:54:00,59.04,54.5,39.3,65.0,0.395,18,4,0,0.0,10.0,31.2,0,0,0,0,59.04,63.1,7.6,90.6,1
2026-01-30T19:12:00,35.91,33.1,35.4,65.0,0.455,19,4,0,0.0,10.0,21.7,0,0,2,2,35.91,39.1,4.7,61.7,1
2026-01-30T19:30:00,25.99,24.0,21.6,65.0,0.668,19,4,0,0.0,10.0,29.5,1,2,0,0,25.99,30.4,3.6,72.1,1
2026-01-30T19:48:00,40.55,37.4,39.0,65.0,0.4,19,4,0,0.0,10.0,29.7,0,0,1,0,40.55,43.4,5.2,63.6,1
2026-01-30T20:06:00,49.84,46.0,18.0,65.0,0.723,20,4,0,1.1,2.2,31.3,1,3,0,1,49.84,59.3,7.1,167.3,1
2026-01-30T20:24:00,60.21,55.6,40.8,65.0,0.372,20,4,0,0.0,10.0,26.6,0,0,0,1,60.21,63.9,7.7,85.4,1
2026-01-30T20:42:00,35.14,32.4,42.9,65.0,0.34,20,4,0,0.0,10.0,39.6,0,0,1,2,35.14,36.8,4.4,48.4,1
2026-01-30T21:00:00,26.23,24.2,55.9,65.0,0.14,21,4,0,0.0,10.0,28.7,0,0,1,2,26.23,25.6,3.1,28.5,1
2026-01-30T21:18:00,48.35,44.6,56.5,65.0,0.131,21,4,0,0.0,10.0,34.3,0,0,0,2,48.35,46.9,5.6,52.3,1
2026-01-30T21:36:00,23.21,21.4,59.6,65.0,0.083,21,4,0,0.0,10.0,23.9,0,0,0,2,23.21,22.1,2.7,21.4,0
2026-01-30T21:54:00,44.46,41.0,50.2,65.0,0.228,21,4,0,4.6,2.5,27.2,0,0,0,2,44.46,44.7,5.4,55.7,1
2026-01-30T22:12:00,51.73,47.8,54.4,65.0,0.163,22,4,0,0.0,10.0,24.9,0,0,1,2,51.73,50.9,6.1,58.1,1
2026-01-30T22:30:00,20.33,18.8,55.2,65.0,0.151,22,4,0,0.0,10.0,30.3,0,0,0,2,20.33,19.9,2.4,26.0,1
2026-01-30T22:48:00,34.57,31.9,57.6,65.0,0.114,22,4,0,0.0,10.0,26.4,0,0,2,2,34.57,33.4,4.0,35.2,0
2026-01-30T23:06:00,46.77,43.2,60.0,65.0,0.077,23,4,0,0.0,10.0,37.6,0,0,0,2,46.77,44.5,5.3,45.0,0
2026-01-30T23:24:00,63.6,58.7,28.6,65.0,0.56,23,4,0,0.0,10.0,32.9,1,3,0,1,63.6,71.8,8.6,132.6,1
2026-01-30T23:42:00,9.55,11.5,38.6,50.0,0.228,23,4,0,0.0,10.0,25.6,0,0,2,2,9.55,12.5,2.0,16.0,1
2026-01-31T00:00:00,33.14,30.6,57.0,65.0,0.123,0,5,1,1.1,2.1,36.5,0,0,0,2,33.14,32.1,3.9,36.0,1
2026-01-31T00:18:00,11.61,13.9,45.7,50.0,0.086,0,5,1,0.0,10.0,30.3,0,0,0,1,11.61,14.4,2.0,13.9,0
2026-01-31T00:36:00,63.75,58.8,61.4,65.0,0.055,0,5,1,0.0,10.0,24.1,0,0,0,0,63.75,60.1,7.2,61.2,0
2026-01-31T00:54:00,8.69,10.4,40.0,50.0,0.2,0,5,1,0.0,10.0,37.7,0,0,0,2,8.69,11.2,2.0,13.3,1
2026-01-31T01:12:00,60.34,55.7,61.2,65.0,0.058,1,5,1,0.0,10.0,39.5,0,0,1,2,60.34,57.0,6.8,57.2,0
2026-01-31T01:30:00,23.14,21.4,55.7,65.0,0.143,1,5,1,0.0,10.0,29.1,0,0,2,1,23.14,22.6,2.7,25.0,1
2026-01-31T01:48:00,31.6,29.2,49.9,65.0,0.232,1,5,1,0.0,10.0,19.8,0,0,0,2,31.6,31.9,3.8,37.0,1
2026-01-31T02:06:00,8.64,10.4,44.3,50.0,0.114,2,5,1,0.0,10.0,24.0,0,0,1,2,8.64,10.9,2.0,10.7,0
2026-01-31T02:24:00,41.92,38.7,36.7,65.0,0.435,2,5,1,0.0,10.0,23.6,1,3,0,2,41.92,45.4,5.4,72.9,1
2026-01-31T02:42:00,57.93,53.5,56.3,65.0,0.134,2,5,1,1.3,3.7,22.2,0,0,1,0,57.93,56.4,6.8,60.4,0
2026-01-31T03:00:00,20.66,19.1,60.1,65.0,0.075,3,5,1,0.0,10.0,31.0,0,0,1,2,20.66,19.7,2.4,19.1,0
2026-01-31T03:18:00,61.27,56.6,59.3,65.0,0.088,3,5,1,0.0,10.0,21.7,0,0,1,0,61.27,58.6,7.0,61.0,0
2026-01-31T03:36:00,30.15,27.8,39.5,65.0,0.392,3,5,1,0.0,10.0,22.1,1,2,1,0,30.15,32.2,3.9,46.5,1
2026-01-31T03:54:00,37.03,34.2,53.6,65.0,0.175,3,5,1,2.2,2.5,27.1,0,0,0,2,37.03,36.6,4.4,46.2,1
2026-01-31T04:12:00,12.64,15.2,40.5,50.0,0.19,4,5,1,0.0,10.0,27.7,0,0,2,1,12.64,16.4,2.0,18.2,1
2026-01-31T04:30:00,45.32,41.8,58.4,65.0,0.102,4,5,1,0.0,10.0,20.2,0,0,1,2,45.32,43.5,5.2,48.8,1
2026-01-31T04:48:00,10.36,12.4,42.6,50.0,0.148,4,5,1,0.3,3.6,29.8,0,0,1,1,10.36,13.1,2.0,12.4,0
2026-01-31T05:06:00,27.52,25.4,59.4,65.0,0.086,5,5,1,0.0,10.0,22.3,0,0,0,1,27.52,26.3,3.2,26.4,0
2026-01-31T05:24:00,33.03,30.5,57.7,65.0,0.112,5,5,1,0.0,10.0,27.6,0,0,0,0,33.03,31.9,3.8,32.4,0
2026-01-31T05:42:00,48.99,45.2,39.5,65.0,0.392,5,5,1,0.0,10.0,26.6,1,2,0,0,48.99,52.3,6.3,73.2,1
2026-01-31T06:00:00,35.14,32.4,55.1,65.0,0.152,6,5,1,0.0,10.0,20.1,0,0,1,2,35.14,34.4,4.1,35.3,0
2026-01-31T06:18:00,23.68,21.9,59.2,65.0,0.089,6,5,1,0.0,10.0,23.2,0,0,0,2,23.68,22.7,2.7,23.5,0
2026-01-31T06:36:00,31.83,29.4,59.2,65.0,0.089,6,5,1,0.0,10.0,17.5,0,0,1,2,31.83,30.4,3.6,32.7,0
2026-01-31T06:54:00,45.59,42.1,55.9,65.0,0.14,6,5,1,0.0,10.0,19.7,0,0,2,1,45.59,44.5,5.3,49.7,1
2026-01-31T07:12:00,43.85,40.5,62.8,65.0,0.034,7,5,1,0.0,10.0,20.0,0,0,0,0,43.85,41.1,4.9,41.8,0
2026-01-31T07:30:00,40.3,37.2,57.0,65.0,0.123,7,5,1,0.0,10.0,31.8,0,0,0,1,40.3,39.0,4.7,46.6,1
2026-01-31T07:48:00,61.96,57.2,60.0,65.0,0.077,7,5,1,0.0,10.0,22.4,0,0,1,2,61.96,59.0,7.1,59.0,0
2026-01-31T08:06:00,34.68,32.0,57.2,65.0,0.12,8,5,1,0.0,10.0,39.3,0,0,2,2,34.68,33.5,4.0,32.0,0
2026-01-31T08:24:00,36.7,33.9,55.8,65.0,0.142,8,5,1,0.0,10.0,26.6,0,0,1,2,36.7,35.8,4.3,39.4,1
2026-01-31T08:42:00,37.68,34.8,58.5,65.0,0.1,8,5,1,0.0,10.0,35.5,0,0,1,2,37.68,36.2,4.3,42.4,1
2026-01-31T09:00:00,23.91,22.1,55.5,65.0,0.146,9,5,1,0.0,10.0,19.3,0,0,0,0,23.91,23.4,2.8,32.4,1
2026-01-31T09:18:00,64.73,59.8,56.3,65.0,0.134,9,5,1,0.0,10.0,19.8,0,0,0,1,64.73,63.0,7.6,71.4,1
2026-01-31T09:36:00,63.69,58.8,55.8,65.0,0.142,9,5,1,0.0,10.0,29.0,0,0,0,1,63.69,62.1,7.5,64.6,0
2026-01-31T09:54:00,51.39,47.4,59.0,65.0,0.092,9,5,1,0.0,10.0,26.6,0,0,0,2,51.39,49.1,5.9,50.1,0
2026-01-31T10:12:00,42.46,39.2,60.0,65.0,0.077,10,5,1,0.0,10.0,26.5,0,0,0,2,42.46,40.4,4.8,42.2,0
2026-01-31T10:30:00,49.16,45.4,54.9,65.0,0.155,10,5,1,3.6,4.8,31.9,0,0,1,2,49.16,48.2,5.8,54.0,1
2026-01-31T10:48:00,29.59,27.3,48.4,65.0,0.255,10,5,1,6.9,3.9,21.5,0,0,0,2,29.59,30.1,3.6,35.7,1
2026-01-31T11:06:00,35.0,32.3,55.5,65.0,0.146,11,5,1,0.0,10.0,29.2,0,0,2,1,35.0,34.2,4.1,34.0,0
2026-01-31T11:24:00,56.88,52.5,52.6,65.0,0.191,11,5,1,0.0,10.0,29.0,0,0,0,2,56.88,56.5,6.8,67.0,1
2026-01-31T11:42:00,59.16,54.6,59.5,65.0,0.085,11,5,1,0.0,10.0,24.4,0,0,2,2,59.16,56.5,6.8,63.5,1
2026-01-31T12:00:00,33.6,31.0,59.8,65.0,0.08,12,5,1,0.0,10.0,26.9,0,0,1,1,33.6,32.0,3.8,33.2,0
2026-01-31T12:18:00,19.62,23.5,35.2,50.0,0.296,12,5,1,2.9,2.5,36.2,0,0,0,2,19.62,26.3,3.2,28.5,1
2026-01-31T12:36:00,61.86,57.1,58.5,65.0,0.1,12,5,1,1.5,2.9,25.5,0,0,0,1,61.86,59.4,7.1,61.9,0
2026-01-31T12:54:00,15.2,18.2,42.6,50.0,0.148,12,5,1,0.0,10.0,36.9,0,0,1,2,15.2,19.3,2.3,22.0,1
2026-01-31T13:12:00,43.18,39.9,59.6,65.0,0.083,13,5,1,0.0,10.0,25.9,0,0,0,2,43.18,41.2,4.9,40.7,0
2026-01-31T13:30:00,14.66,17.6,43.2,50.0,0.136,13,5,1,0.0,10.0,29.6,0,0,2,1,14.66,18.6,2.2,17.6,0
2026-01-31T13:48:00,37.71,34.8,57.1,65.0,0.122,13,5,1,0.0,10.0,38.3,0,0,0,0,37.71,36.5,4.4,42.3,1
2026-01-31T14:06:00,58.81,54.3,58.8,65.0,0.095,14,5,1,0.0,10.0,23.1,0,0,0,0,58.81,56.4,6.8,60.7,0
2026-01-31T14:24:00,11.72,14.1,19.2,50.0,0.616,14,5,1,0.0,10.0,19.4,1,3,0,2,11.72,17.6,2.1,34.6,1
2026-01-31T14:42:00,30.08,27.8,55.6,65.0,0.145,14,5,1,0.0,10.0,29.0,0,0,0,2,30.08,29.4,3.5,32.9,1
2026-01-31T15:00:00,40.95,37.8,56.6,65.0,0.129,15,5,1,0.0,10.0,15.1,0,0,1,0,40.95,39.8,4.8,45.6,1
2026-01-31T15:18:00,61.99,57.2,57.7,65.0,0.112,15,5,1,0.0,10.0,32.6,0,0,0,1,61.99,59.8,7.2,63.2,0
2026-01-31T15:36:00,57.21,52.8,57.4,65.0,0.117,15,5,1,0.0,10.0,20.8,0,0,0,2,57.21,55.3,6.6,61.9,1
2026-01-31T15:54:00,59.98,55.4,55.5,65.0,0.146,15,5,1,0.0,10.0,28.7,0,0,2,1,59.98,58.6,7.0,66.9,1
2026-01-31T16:12:00,52.76,48.7,56.2,65.0,0.135,16,5,1,3.1,4.5,36.2,0,0,0,1,52.76,51.3,6.2,54.2,0
2026-01-31T16:30:00,51.47,47.5,58.6,65.0,0.098,16,5,1,0.0,10.0,25.5,0,0,1,0,51.47,49.4,5.9,57.3,1
2026-01-31T16:48:00,32.75,30.2,45.9,65.0,0.294,16,5,1,9.8,3.6,30.8,0,0,1,2,32.75,33.8,4.1,46.2,1
2026-01-31T17:06:00,31.7,29.3,58.3,65.0,0.103,17,5,1,0.0,10.0,14.6,0,0,1,1,31.7,30.5,3.7,33.5,0
2026-01-31T17:24:00,56.73,52.4,57.2,65.0,0.12,17,5,1,0.0,10.0,20.5,0,0,0,1,56.73,54.9,6.6,57.2,0
2026-01-31T17:42:00,56.27,51.9,62.5,65.0,0.038,17,5,1,0.0,10.0,30.9,0,0,0,2,56.27,52.7,6.3,53.8,0
2026-01-31T18:00:00,55.96,51.7,38.6,65.0,0.406,18,5,1,12.9,3.9,38.8,0,0,1,0,55.96,60.1,7.2,88.9,1
2026-01-31T18:18:00,32.79,30.3,58.4,65.0,0.102,18,5,1,0.0,10.0,21.4,0,0,0,1,32.79,31.5,3.8,33.6,0
2026-01-31T18:36:00,40.81,37.7,40.5,65.0,0.377,18,5,1,0.0,10.0,27.3,1,3,0,2,40.81,43.4,5.2,62.5,1
2026-01-31T18:54:00,36.58,33.8,62.9,65.0,0.032,18,5,1,0.0,10.0,26.1,0,0,0,2,36.58,34.2,4.1,33.8,0
2026-01-31T19:12:00,44.85,41.4,60.6,65.0,0.068,19,5,1,0.0,10.0,16.5,0,0,0,0,44.85,42.5,5.1,43.6,0
2026-01-31T19:30:00,55.92,51.6,56.4,65.0,0.132,19,5,1,0.0,10.0,25.1,0,0,1,2,55.92,54.3,6.5,60.6,1
2026-01-31T19:48:00,29.7,27.4,64.5,65.0,0.008,19,5,1,0.0,10.0,30.7,0,0,2,2,29.7,27.5,3.3,28.9,0
2026-01-31T20:06:00,12.25,14.7,45.4,50.0,0.092,20,5,1,0.0,10.0,22.3,0,0,0,2,12.25,15.2,2.0,15.7,0
2026-01-31T20:24:00,21.36,19.7,54.0,65.0,0.169,20,5,1,0.0,10.0,35.5,0,0,1,2,21.36,21.0,2.5,20.6,0
2026-01-31T20:42:00,42.57,39.3,55.4,65.0,0.148,20,5,1,0.0,10.0,24.2,0,0,0,0,42.57,41.6,5.0,47.6,1
2026-01-31T21:00:00,19.03,22.8,42.7,50.0,0.146,21,5,1,0.0,10.0,24.8,0,0,1,0,19.03,24.1,2.9,24.2,0
2026-01-31T21:18:00,20.76,19.2,57.3,65.0,0.118,21,5,1,0.0,10.0,25.5,0,0,2,1,20.76,20.1,2.4,25.9,1
2026-01-31T21:36:00,33.46,30.9,59.6,65.0,0.083,21,5,1,0.0,10.0,23.9,0,0,0,2,33.46,31.9,3.8,34.1,0
2026-01-31T21:54:00,40.72,37.6,56.2,65.0,0.135,21,5,1,0.0,10.0,26.8,0,0,0,2,40.72,39.6,4.8,48.7,1
2026-01-31T22:12:00,27.07,25.0,62.2,65.0,0.043,22,5,1,0.0,10.0,31.5,0,0,2,2,27.07,25.4,3.0,30.5,1
2026-01-31T22:30:00,42.98,39.7,57.7,65.0,0.112,22,5,1,0.0,10.0,30.4,0,0,0,1,42.98,41.5,5.0,42.3,0
2026-01-31T22:48:00,20.43,18.9,56.4,65.0,0.132,22,5,1,0.0,10.0,29.2,0,0,0,2,20.43,19.9,2.4,20.4,0
2026-01-31T23:06:00,12.61,15.1,36.7,50.0,0.266,23,5,1,2.9,2.4,28.6,0,0,0,1,12.61,16.7,2.0,23.3,1
2026-01-31T23:24:00,20.7,19.1,60.8,65.0,0.065,23,5,1,0.0,10.0,26.7,0,0,1,1,20.7,19.6,2.4,20.3,0
2026-01-31T23:42:00,15.44,18.5,42.1,50.0,0.158,23,5,1,0.0,10.0,22.7,0,0,0,0,15.44,19.7,2.4,24.1,1
2026-02-01T00:00:00,51.05,47.1,54.0,65.0,0.169,0,6,1,0.0,10.0,32.1,0,0,0,1,51.05,50.3,6.0,54.4,1
2026-02-01T00:18:00,51.52,47.6,59.3,65.0,0.088,0,6,1,0.0,10.0,25.4,0,0,0,0,51.52,49.3,5.9,54.2,0
2026-02-01T00:36:00,20.27,18.7,61.6,65.0,0.052,0,6,1,0.0,10.0,23.0,0,0,0,2,20.27,19.1,2.3,18.7,0
2026-02-01T00:54:00,24.82,22.9,53.3,65.0,0.18,0,6,1,0.0,10.0,34.7,0,0,1,1,24.82,24.5,2.9,28.9,1
2026-02-01T01:12:00,53.49,49.4,60.3,65.0,0.072,1,6,1,0.8,2.5,39.2,0,0,0,1,53.49,50.8,6.1,53.3,0
2026-02-01T01:30:00,40.69,37.6,62.9,65.0,0.032,1,6,1,0.0,10.0,28.5,0,0,0,1,40.69,38.1,4.6,37.6,0
2026-02-01T01:48:00,61.49,56.8,60.4,65.0,0.071,1,6,1,0.0,10.0,30.1,0,0,1,2,61.49,58.4,7.0,64.3,0
2026-02-01T02:06:00,54.05,49.9,65.1,65.0,0.0,2,6,1,0.0,10.0,13.1,0,0,0,2,54.05,49.9,6.0,53.4,0
2026-02-01T02:24:00,61.97,57.2,56.4,65.0,0.132,2,6,1,0.0,10.0,41.3,0,0,1,1,61.97,60.2,7.2,63.6,0
2026-02-01T02:42:00,32.53,30.0,57.8,65.0,0.111,2,6,1,0.0,10.0,35.9,0,0,0,1,32.53,31.3,3.8,35.0,1
2026-02-01T03:00:00,26.54,24.5,52.3,65.0,0.195,3,6,1,0.0,10.0,23.7,0,0,0,2,26.54,26.4,3.2,33.1,1
2026-02-01T03:18:00,39.43,36.4,59.6,65.0,0.083,3,6,1,0.0,10.0,31.2,0,0,0,0,39.43,37.6,4.5,42.4,1
2026-02-01T03:36:00,20.73,19.1,55.8,65.0,0.142,3,6,1,0.0,10.0,15.1,0,0,0,2,20.73,20.2,2.4,22.0,1
2026-02-01T03:54:00,8.94,10.7,44.8,50.0,0.104,3,6,1,1.0,3.7,12.6,0,0,0,0,8.94,11.1,2.0,16.5,1
2026-02-01T04:12:00,34.21,31.6,60.1,65.0,0.075,4,6,1,0.0,10.0,35.7,0,0,0,2,34.21,32.5,3.9,31.6,0
2026-02-01T04:30:00,21.05,19.4,40.7,65.0,0.374,4,6,1,0.0,10.0,29.2,1,2,0,1,21.05,22.3,2.7,32.4,1
2026-02-01T04:48:00,15.64,18.8,40.9,50.0,0.182,4,6,1,0.0,10.0,26.3,0,0,0,2,15.64,20.2,2.4,21.1,0
2026-02-01T05:06:00,11.4,13.7,45.3,50.0,0.094,5,6,1,0.0,10.0,38.4,0,0,0,2,11.4,14.2,2.0,16.8,1
2026-02-01T05:24:00,25.78,23.8,55.0,65.0,0.154,5,6,1,2.1,5.0,37.2,0,0,1,2,25.78,25.3,3.0,29.4,1
2026-02-01T05:42:00,17.78,21.3,41.9,50.0,0.162,5,6,1,0.0,10.0,29.0,0,0,1,2,17.78,22.7,2.7,27.8,1
2026-02-01T06:00:00,35.93,33.2,53.6,65.0,0.175,6,6,1,0.0,10.0,32.6,0,0,2,2,35.93,35.5,4.3,38.8,1
2026-02-01T06:18:00,32.36,29.9,55.8,65.0,0.142,6,6,1,0.0,10.0,31.4,0,0,0,1,32.36,31.6,3.8,33.8,0
2026-02-01T06:36:00,64.84,59.9,58.8,65.0,0.095,6,6,1,0.0,10.0,29.1,0,0,0,0,64.84,62.2,7.5,68.0,0
2026-02-01T06:54:00,12.32,14.8,47.0,50.0,0.06,6,6,1,0.0,10.0,25.9,0,0,0,2,12.32,15.2,2.0,14.8,0
2026-02-01T07:12:00,22.16,20.5,57.5,65.0,0.115,7,6,1,0.0,10.0,32.3,0,0,0,2,22.16,21.4,2.6,21.1,0
2026-02-01T07:30:00,13.41,16.1,47.8,50.0,0.044,7,6,1,0.0,10.0,21.9,0,0,0,1,13.41,16.4,2.0,22.6,1
2026-02-01T07:48:00,55.11,50.9,55.7,65.0,0.143,7,6,1,0.0,10.0,25.5,0,0,0,2,55.11,53.8,6.5,55.6,0
2026-02-01T08:06:00,50.11,46.3,36.6,65.0,0.437,8,6,1,2.8,2.5,25.8,1,2,0,2,50.11,54.4,6.5,85.7,1
2026-02-01T08:24:00,31.73,29.3,56.3,65.0,0.134,8,6,1,0.0,10.0,29.8,0,0,2,2,31.73,30.9,3.7,39.4,1
2026-02-01T08:42:00,34.36,31.7,54.8,65.0,0.157,8,6,1,0.0,10.0,27.7,0,0,2,2,34.36,33.7,4.0,37.7,1
2026-02-01T09:00:00,47.93,44.2,63.3,65.0,0.026,9,6,1,0.0,10.0,27.5,0,0,1,0,47.93,44.7,5.4,45.4,0
2026-02-01T09:18:00,52.22,48.2,57.0,65.0,0.123,9,6,1,0.0,10.0,24.4,0,0,0,0,52.22,50.6,6.1,56.8,1
2026-02-01T09:36:00,34.92,32.2,51.6,65.0,0.206,9,6,1,0.0,10.0,21.1,0,0,0,2,34.92,34.9,4.2,38.6,1
2026-02-01T09:54:00,19.51,23.4,41.9,50.0,0.162,9,6,1,0.0,10.0,30.9,0,0,1,1,19.51,24.9,3.0,26.4,0
2026-02-01T10:12:00,33.49,30.9,56.4,65.0,0.132,10,6,1,0.3,4.3,33.8,0,0,1,0,33.49,32.5,3.9,36.0,1
2026-02-01T10:30:00,11.31,13.6,46.6,50.0,0.068,10,6,1,0.0,10.0,19.6,0,0,0,1,11.31,14.0,2.0,15.2,0
2026-02-01T10:48:00,9.83,11.8,44.1,50.0,0.118,10,6,1,0.0,10.0,25.1,0,0,0,2,9.83,12.4,2.0,13.9,1
2026-02-01T11:06:00,13.65,16.4,44.6,50.0,0.108,11,6,1,0.0,10.0,27.1,0,0,0,2,13.65,17.1,2.1,16.8,0
2026-02-01T11:24:00,18.18,21.8,41.1,50.0,0.178,11,6,1,0.0,10.0,26.5,0,0,0,2,18.18,23.4,2.8,22.5,0
2026-02-01T11:42:00,13.51,16.2,43.7,50.0,0.126,11,6,1,0.0,10.0,26.7,0,0,0,1,13.51,17.0,2.0,16.2,0
2026-02-01T12:00:00,27.4,25.3,57.7,65.0,0.112,12,6,1,0.7,3.0,24.1,0,0,1,1,27.4,26.4,3.2,27.8,0
2026-02-01T12:18:00,22.98,21.2,57.5,65.0,0.115,12,6,1,0.0,10.0,24.1,0,0,2,1,22.98,22.2,2.7,23.2,0
2026-02-01T12:36:00,28.58,26.4,57.9,65.0,0.109,12,6,1,0.0,10.0,33.9,0,0,1,2,28.58,27.6,3.3,26.4,0
2026-02-01T12:54:00,8.65,10.4,46.0,50.0,0.08,12,6,1,0.0,10.0,21.2,0,0,0,2,8.65,10.7,2.0,11.7,0
2026-02-01T13:12:00,57.56,53.1,57.1,65.0,0.122,13,6,1,0.0,10.0,20.9,0,0,0,0,57.56,55.7,6.7,58.0,0
2026-02-01T13:30:00,58.54,54.0,57.6,65.0,0.114,13,6,1,0.0,10.0,31.8,0,0,2,0,58.54,56.5,6.8,58.4,0
2026-02-01T13:48:00,40.34,37.2,55.3,65.0,0.149,13,6,1,0.0,10.0,29.9,0,0,1,2,40.34,39.4,4.7,45.5,1
2026-02-01T14:06:00,25.27,23.3,56.5,65.0,0.131,14,6,1,0.0,10.0,29.6,0,0,0,2,25.27,24.5,2.9,28.5,1
2026-02-01T14:24:00,22.51,20.8,54.0,65.0,0.169,14,6,1,3.2,2.8,22.6,0,0,1,1,22.51,22.2,2.7,27.0,1
2026-02-01T14:42:00,18.66,22.4,43.3,50.0,0.134,14,6,1,0.0,10.0,23.7,0,0,0,1,18.66,23.6,2.8,28.5,1
2026-02-01T15:00:00,26.05,24.0,55.6,65.0,0.145,15,6,1,0.0,10.0,31.2,0,0,2,2,26.05,25.4,3.0,27.5,0
2026-02-01T15:18:00,22.03,20.3,54.0,65.0,0.169,15,6,1,0.0,10.0,32.7,0,0,0,0,22.03,21.7,2.6,21.3,0
2026-02-01T15:36:00,21.95,20.3,56.0,65.0,0.138,15,6,1,0.0,10.0,30.4,0,0,0,0,21.95,21.4,2.6,21.6,0
2026-02-01T15:54:00,13.14,15.8,42.4,50.0,0.152,15,6,1,0.0,10.0,32.9,0,0,1,2,13.14,16.8,2.0,20.2,1
2026-02-01T16:12:00,41.36,38.2,58.4,65.0,0.102,16,6,1,0.0,10.0,25.8,0,0,1,2,41.36,39.8,4.8,43.2,0
2026-02-01T16:30:00,55.88,51.6,58.7,65.0,0.097,16,6,1,0.0,10.0,17.6,0,0,0,2,55.88,53.6,6.4,56.8,0
2026-02-01T16:48:00,44.94,41.5,57.7,65.0,0.112,16,6,1,1.5,4.8,24.0,0,0,2,1,44.94,43.4,5.2,46.2,0
2026-02-01T17:06:00,43.42,40.1,56.9,65.0,0.125,17,6,1,0.0,10.0,25.2,0,0,2,1,43.42,42.1,5.1,47.2,1
2026-02-01T17:24:00,14.93,17.9,44.3,50.0,0.114,17,6,1,0.0,10.0,17.8,0,0,1,1,14.93,18.7,2.2,21.8,1
2026-02-01T17:42:00,8.47,10.2,39.1,50.0,0.218,17,6,1,0.8,3.8,22.9,0,0,0,0,8.47,11.1,2.0,11.3,0
2026-02-01T18:00:00,64.85,59.9,59.0,65.0,0.092,18,6,1,0.0,10.0,37.3,0,0,1,2,64.85,62.1,7.5,63.3,0
2026-02-01T18:18:00,29.05,26.8,59.9,65.0,0.078,18,6,1,0.0,10.0,19.2,0,0,0,2,29.05,27.6,3.3,26.8,0
2026-02-01T18:36:00,55.22,51.0,58.1,65.0,0.106,18,6,1,0.0,10.0,28.6,0,0,0,2,55.22,53.2,6.4,55.2,0
2026-02-01T18:54:00,35.67,32.9,56.9,65.0,0.125,18,6,1,0.0,10.0,24.5,0,0,1,2,35.67,34.5,4.1,40.1,1
2026-02-01T19:12:00,30.97,28.6,55.8,65.0,0.142,19,6,1,0.0,10.0,27.2,0,0,0,0,30.97,30.2,3.6,31.1,0
2026-02-01T19:30:00,16.97,20.4,45.8,50.0,0.084,19,6,1,0.0,10.0,24.8,0,0,1,2,16.97,21.1,2.5,22.7,0
2026-02-01T19:48:00,46.16,42.6,56.9,65.0,0.125,19,6,1,0.0,10.0,21.6,0,0,1,2,46.16,44.7,5.4,50.2,1
2026-02-01T20:06:00,8.28,9.9,41.8,50.0,0.164,20,6,1,0.0,10.0,28.3,0,0,0,1,8.28,10.5,2.0,9.9,0
2026-02-01T20:24:00,36.4,33.6,56.2,65.0,0.135,20,6,1,0.0,10.0,29.0,0,0,1,2,36.4,35.4,4.2,43.2,1
2026-02-01T20:42:00,34.08,31.5,54.2,65.0,0.166,20,6,1,4.1,3.9,25.6,0,0,0,1,34.08,33.6,4.0,36.2,0
2026-02-01T21:00:00,39.11,36.1,49.8,65.0,0.234,21,6,1,0.0,10.0,24.9,0,0,0,0,39.11,39.5,4.7,45.2,1
2026-02-01T21:18:00,10.76,12.9,43.4,50.0,0.132,21,6,1,0.0,10.0,18.8,0,0,0,1,10.76,13.6,2.0,16.2,1
2026-02-01T21:36:00,48.29,44.6,38.4,65.0,0.409,21,6,1,0.0,10.0,30.9,1,2,2,0,48.29,51.9,6.2,71.9,1
2026-02-01T21:54:00,30.99,28.6,56.4,65.0,0.132,21,6,1,0.0,10.0,29.3,0,0,1,2,30.99,30.1,3.6,36.7,1
2026-02-01T22:12:00,48.07,44.4,61.1,65.0,0.06,22,6,1,0.0,10.0,7.0,0,0,0,0,48.07,45.5,5.5,49.7,0
2026-02-01T22:30:00,48.77,45.0,59.6,65.0,0.083,22,6,1,0.0,10.0,23.3,0,0,0,1,48.77,46.5,5.6,49.7,0
2026-02-01T22:48:00,52.02,48.0,59.4,65.0,0.086,22,6,1,0.0,10.0,32.0,0,0,0,1,52.02,49.7,6.0,55.2,1
2026-02-01T23:06:00,34.39,31.7,56.1,65.0,0.137,23,6,1,0.0,10.0,21.7,0,0,0,1,34.39,33.4,4.0,35.8,0
2026-02-01T23:24:00,56.37,52.0,58.4,65.0,0.102,23,6,1,0.2,3.4,22.8,0,0,0,2,56.37,54.1,6.5,56.3,0
2026-02-01T23:42:00,49.53,45.7,56.1,65.0,0.137,23,6,1,0.0,10.0,19.7,0,0,2,2,49.53,48.2,5.8,58.5,1
2026-02-02T00:00:00,49.39,45.6,56.7,65.0,0.128,0,0,0,0.0,10.0,28.4,0,0,1,2,49.39,47.9,5.7,53.6,1
2026-02-02T00:18:00,26.18,24.2,56.6,65.0,0.129,0,0,0,0.0,10.0,17.8,0,0,0,1,26.18,25.4,3.0,33.4,1
2026-02-02T00:36:00,32.06,29.6,56.6,65.0,0.129,0,0,0,0.0,10.0,26.2,0,0,2,2,32.06,31.1,3.7,34.4,1
2026-02-02T00:54:00,18.64,22.4,42.2,50.0,0.156,0,0,0,0.0,10.0,22.4,0,0,0,1,18.64,23.8,2.9,29.0,1
2026-02-02T01:12:00,32.7,30.2,62.4,65.0,0.04,1,0,0,0.0,10.0,21.2,0,0,2,1,32.7,30.7,3.7,33.7,0
2026-02-02T01:30:00,26.39,24.4,56.8,65.0,0.126,1,0,0,0.0,10.0,26.8,0,0,0,0,26.39,25.6,3.1,30.1,1
2026-02-02T01:48:00,22.36,20.6,56.1,65.0,0.137,1,0,0,0.5,4.0,19.1,0,0,0,2,22.36,21.7,2.6,24.5,1
2026-02-02T02:06:00,57.77,53.3,40.1,65.0,0.383,2,0,0,0.0,10.0,18.8,1,2,0,2,57.77,61.5,7.4,87.2,1
2026-02-02T02:24:00,50.53,46.6,58.0,65.0,0.108,2,0,0,0.0,10.0,17.2,0,0,2,2,50.53,48.6,5.8,52.7,0
2026-02-02T02:42:00,15.03,18.0,47.2,50.0,0.056,2,0,0,0.0,10.0,32.3,0,0,0,1,15.03,18.4,2.2,18.5,0
2026-02-02T03:00:00,56.1,51.8,40.5,65.0,0.377,3,0,0,0.0,10.0,40.5,1,2,0,1,56.1,59.6,7.2,84.9,1
2026-02-02T03:18:00,53.28,49.2,53.4,65.0,0.178,3,0,0,0.0,10.0,20.7,0,0,0,1,53.28,52.7,6.3,62.5,1
2026-02-02T03:36:00,20.0,24.0,44.3,50.0,0.114,3,0,0,0.0,10.0,21.6,0,0,0,2,20.0,25.1,3.0,27.0,0
2026-02-02T03:54:00,38.97,36.0,58.8,65.0,0.095,3,0,0,0.0,10.0,33.0,0,0,1,0,38.97,37.4,4.5,38.0,0
2026-02-02T04:12:00,14.08,16.9,44.7,50.0,0.106,4,0,0,0.0,10.0,25.3,0,0,1,1,14.08,17.6,2.1,16.9,0
2026-02-02T04:30:00,37.42,34.5,63.1,65.0,0.029,4,0,0,0.0,10.0,26.2,0,0,1,1,37.42,34.9,4.2,34.5,0
2026-02-02T04:48:00,44.99,41.5,56.7,65.0,0.128,4,0,0,0.0,10.0,22.9,0,0,2,1,44.99,43.6,5.2,46.4,0
2026-02-02T05:06:00,11.68,14.0,40.6,50.0,0.188,5,0,0,0.0,10.0,22.7,0,0,0,1,11.68,15.1,2.0,15.8,0
2026-02-02T05:24:00,39.81,36.7,56.2,65.0,0.135,5,0,0,0.0,10.0,29.2,0,0,0,2,39.81,38.7,4.6,40.4,0
2026-02-02T05:42:00,12.7,15.2,36.9,50.0,0.262,5,0,0,0.0,10.0,13.4,0,0,1,0,12.7,16.8,2.0,19.8,1
2026-02-02T06:00:00,64.38,59.4,51.1,65.0,0.214,6,0,0,1.7,4.5,33.9,0,0,1,2,64.38,64.5,7.7,74.0,1
2026-02-02T06:18:00,62.06,57.3,61.3,65.0,0.057,6,0,0,0.0,10.0,37.0,0,0,1,2,62.06,58.6,7.0,59.7,0
2026-02-02T06:36:00,38.52,35.6,53.6,65.0,0.175,6,0,0,0.0,10.0,26.7,0,0,2,2,38.52,38.1,4.6,44.9,1
2026-02-02T06:54:00,60.53,55.9,55.6,65.0,0.145,6,0,0,0.0,10.0,35.5,0,0,1,1,60.53,59.1,7.1,67.9,1
2026-02-02T07:12:00,64.64,59.7,56.7,65.0,0.128,7,0,0,0.0,10.0,18.9,0,0,1,2,64.64,62.8,7.5,71.3,1
2026-02-02T07:30:00,50.08,46.2,56.5,65.0,0.131,7,0,0,0.0,10.0,20.7,0,0,0,1,50.08,48.6,5.8,55.8,1
2026-02-02T07:48:00,54.61,50.4,52.8,65.0,0.188,7,0,0,0.0,10.0,17.5,0,0,1,1,54.61,54.2,6.5,60.1,1
2026-02-02T08:06:00,22.95,21.2,35.9,65.0,0.448,8,0,0,0.0,10.0,28.6,0,0,0,1,22.95,25.0,3.0,37.5,1
2026-02-02T08:24:00,58.86,54.3,41.5,65.0,0.362,8,0,0,0.0,10.0,22.3,0,0,2,2,58.86,62.2,7.5,83.5,1
2026-02-02T08:42:00,38.39,35.4,18.0,65.0,0.723,8,0,0,0.0,10.0,24.6,1,3,1,0,38.39,45.6,5.5,123.9,1
2026-02-02T09:00:00,37.9,35.0,18.6,65.0,0.714,9,0,0,0.0,10.0,24.6,1,3,1,2,37.9,45.0,5.4,126.6,1
2026-02-02T09:18:00,60.93,56.2,34.3,65.0,0.472,9,0,0,0.0,10.0,36.4,0,0,1,1,60.93,66.8,8.0,104.5,1
2026-02-02T09:36:00,51.26,47.3,42.6,65.0,0.345,9,0,0,0.0,10.0,26.2,0,0,0,1,51.26,53.8,6.5,75.5,1
2026-02-02T09:54:00,35.18,32.5,42.9,65.0,0.34,9,0,0,0.0,10.0,27.9,0,0,0,2,35.18,36.9,4.4,51.0,1
2026-02-02T10:12:00,63.54,58.7,35.1,65.0,0.46,10,0,0,0.0,10.0,14.9,1,1,2,2,63.54,69.5,8.3,109.0,1
2026-02-02T10:30:00,30.85,28.5,37.8,65.0,0.418,10,0,0,0.0,10.0,28.6,0,0,1,1,30.85,33.3,4.0,52.6,1
2026-02-02T10:48:00,37.9,35.0,41.8,65.0,0.357,10,0,0,0.0,10.0,39.5,0,0,2,1,37.9,40.0,4.8,55.3,1
2026-02-02T11:06:00,12.04,14.4,51.7,50.0,0.0,11,0,0,0.0,10.0,25.9,0,0,1,2,12.04,14.4,2.0,18.0,1
2026-02-02T11:24:00,63.98,59.1,58.8,65.0,0.095,11,0,0,0.0,10.0,26.2,0,0,0,1,63.98,61.3,7.4,64.3,0
2026-02-02T11:42:00,11.9,14.3,44.4,50.0,0.112,11,0,0,0.0,10.0,19.7,0,0,1,2,11.9,14.9,2.0,15.2,0
2026-02-02T12:00:00,23.57,21.8,56.2,65.0,0.135,12,0,0,0.0,10.0,23.2,0,0,0,0,23.57,23.0,2.8,26.6,1
2026-02-02T12:18:00,40.32,37.2,59.6,65.0,0.083,12,0,0,0.0,10.0,30.5,0,0,2,2,40.32,38.4,4.6,37.2,0
2026-02-02T12:36:00,34.15,31.5,59.2,65.0,0.089,12,0,0,0.0,10.0,24.2,0,0,2,2,34.15,32.6,3.9,37.2,1
2026-02-02T12:54:00,60.54,55.9,64.0,65.0,0.015,12,0,0,1.6,2.8,28.8,0,0,0,2,60.54,56.2,6.7,58.6,0
2026-02-02T13:12:00,25.29,23.3,61.4,65.0,0.055,13,0,0,0.0,10.0,28.3,0,0,0,2,25.29,23.8,2.9,25.5,0
2026-02-02T13:30:00,61.85,57.1,47.8,65.0,0.265,13,0,0,5.1,3.4,25.3,0,0,0,2,61.85,63.2,7.6,79.9,1
2026-02-02T13:48:00,18.54,22.2,45.8,50.0,0.084,13,0,0,1.4,3.4,21.8,0,0,0,0,18.54,22.9,2.7,25.1,0
2026-02-02T14:06:00,33.48,30.9,57.8,65.0,0.111,14,0,0,0.0,10.0,25.5,0,0,1,1,33.48,32.3,3.9,31.5,0
2026-02-02T14:24:00,31.46,29.0,38.6,65.0,0.406,14,0,0,3.4,4.8,27.6,1,2,2,1,31.46,33.7,4.0,47.1,1
2026-02-02T14:42:00,16.08,19.3,18.6,50.0,0.628,14,0,0,0.0,10.0,23.4,1,3,0,2,16.08,24.1,2.9,52.7,1
2026-02-02T15:00:00,58.96,54.4,53.9,65.0,0.171,15,0,0,0.0,10.0,40.9,0,0,1,2,58.96,58.1,7.0,68.7,1
2026-02-02T15:18:00,38.1,35.2,49.4,65.0,0.24,15,0,0,0.0,10.0,23.9,1,1,2,1,38.1,38.6,4.6,47.1,1
2026-02-02T15:36:00,21.21,19.6,55.8,65.0,0.142,15,0,0,3.7,3.5,31.2,0,0,1,2,21.21,20.7,2.5,22.3,0
2026-02-02T15:54:00,57.75,53.3,37.9,65.0,0.417,15,0,0,13.3,5.0,16.0,0,0,0,2,57.75,62.2,7.5,89.7,1
2026-02-02T16:12:00,35.08,32.4,47.7,65.0,0.266,16,0,0,4.4,3.1,28.2,0,0,1,2,35.08,35.8,4.3,46.0,1
2026-02-02T16:30:00,58.83,54.3,58.2,65.0,0.105,16,0,0,0.0,10.0,32.1,0,0,0,0,58.83,56.6,6.8,60.3,0
2026-02-02T16:48:00,62.94,58.1,52.8,65.0,0.188,16,0,0,0.0,10.0,25.3,0,0,0,1,62.94,62.5,7.5,69.8,1
2026-02-02T17:06:00,25.27,23.3,35.0,65.0,0.462,17,0,0,3.6,2.5,31.2,0,0,1,2,25.27,27.6,3.3,45.2,1
2026-02-02T17:24:00,12.22,14.7,30.4,50.0,0.392,17,0,0,0.0,10.0,32.3,0,0,0,1,12.22,17.0,2.0,26.0,1
2026-02-02T17:42:00,62.36,57.6,40.4,65.0,0.378,17,0,0,0.0,10.0,30.8,0,0,0,2,62.36,66.3,8.0,95.9,1
2026-02-02T18:00:00,20.76,19.2,41.2,65.0,0.366,18,0,0,0.0,10.0,33.9,0,0,2,1,20.76,22.0,2.6,29.8,1
2026-02-02T18:18:00,25.63,23.7,36.9,65.0,0.432,18,0,0,0.9,2.8,26.5,0,0,1,0,25.63,27.8,3.3,39.7,1
2026-02-02T18:36:00,30.06,27.7,38.6,65.0,0.406,18,0,0,0.0,10.0,20.5,0,0,1,2,30.06,32.2,3.9,43.9,1
2026-02-02T18:54:00,47.96,44.3,45.9,65.0,0.294,18,0,0,0.0,10.0,31.5,0,0,0,0,47.96,49.5,5.9,64.1,1
2026-02-02T19:12:00,49.15,45.4,39.8,65.0,0.388,19,0,0,0.0,10.0,19.8,0,0,0,2,49.15,52.4,6.3,78.1,1
2026-02-02T19:30:00,18.97,22.8,35.5,50.0,0.29,19,0,0,0.0,10.0,23.0,0,0,1,2,18.97,25.4,3.0,31.3,1
2026-02-02T19:48:00,30.01,27.7,43.2,65.0,0.335,19,0,0,0.0,10.0,16.8,0,0,1,2,30.01,31.4,3.8,39.1,1
2026-02-02T20:06:00,30.25,27.9,38.1,65.0,0.414,20,0,0,0.0,10.0,22.8,0,0,2,2,30.25,32.5,3.9,49.1,1
2026-02-02T20:24:00,25.11,23.2,43.9,65.0,0.325,20,0,0,0.0,10.0,24.1,0,0,2,1,25.11,26.2,3.1,36.1,1
2026-02-02T20:42:00,51.32,47.4,40.1,65.0,0.383,20,0,0,0.0,10.0,33.8,0,0,0,2,51.32,54.7,6.6,74.9,1
2026-02-02T21:00:00,41.45,38.3,58.8,65.0,0.095,21,0,0,0.0,10.0,32.7,0,0,2,2,41.45,39.8,4.8,43.1,0
2026-02-02T21:18:00,26.35,24.3,58.5,65.0,0.1,21,0,0,0.0,10.0,29.0,0,0,0,1,26.35,25.3,3.0,28.1,1
2026-02-02T21:36:00,15.92,19.1,48.0,50.0,0.04,21,0,0,0.0,10.0,32.1,0,0,1,2,15.92,19.4,2.3,19.3,0
2026-02-02T21:54:00,13.19,15.8,45.1,50.0,0.098,21,0,0,0.0,10.0,20.6,0,0,0,1,13.19,16.4,2.0,18.7,1
2026-02-02T22:12:00,40.41,37.3,60.6,65.0,0.068,22,0,0,0.0,10.0,32.6,0,0,1,1,40.41,38.3,4.6,42.4,0
2026-02-02T22:30:00,17.25,20.7,44.8,50.0,0.104,22,0,0,0.0,10.0,25.2,0,0,0,0,17.25,21.6,2.6,20.7,0
2026-02-02T22:48:00,32.55,30.0,55.2,65.0,0.151,22,0,0,0.0,10.0,21.0,0,0,1,1,32.55,31.8,3.8,35.9,1
2026-02-02T23:06:00,47.39,43.7,56.7,65.0,0.128,23,0,0,0.0,10.0,27.2,0,0,0,1,47.39,45.9,5.5,49.2,0
2026-02-02T23:24:00,37.58,34.7,54.8,65.0,0.157,23,0,0,0.0,10.0,19.7,0,0,1,1,37.58,36.9,4.4,43.0,1
2026-02-02T23:42:00,49.78,46.0,51.3,65.0,0.211,23,0,0,1.8,4.7,21.2,0,0,0,2,49.78,49.9,6.0,56.3,1
2026-02-03T00:00:00,54.58,50.4,50.5,65.0,0.223,0,1,0,1.2,2.1,31.0,0,0,0,2,54.58,54.9,6.6,64.0,1
2026-02-03T00:18:00,10.08,12.1,46.1,50.0,0.078,0,1,0,0.0,10.0,26.3,0,0,2,0,10.08,12.5,2.0,15.6,1
2026-02-03T00:36:00,52.93,48.9,51.3,65.0,0.211,0,1,0,0.0,10.0,27.4,0,0,1,2,52.93,53.0,6.4,60.5,1
2026-02-03T00:54:00,43.35,40.0,58.3,65.0,0.103,0,1,0,0.0,10.0,39.3,0,0,0,2,43.35,41.6,5.0,43.9,0
2026-02-03T01:12:00,10.35,12.4,44.9,50.0,0.102,1,1,0,0.0,10.0,16.1,0,0,0,0,10.35,12.9,2.0,16.6,1
2026-02-03T01:30:00,12.15,14.6,40.7,50.0,0.186,1,1,0,0.0,10.0,29.0,0,0,0,2,12.15,15.7,2.0,19.3,1
2026-02-03T01:48:00,42.96,39.7,55.2,65.0,0.151,1,1,0,0.0,10.0,21.0,0,0,0,0,42.96,42.1,5.1,41.8,0
2026-02-03T02:06:00,21.19,19.6,55.2,65.0,0.151,2,1,0,0.0,10.0,20.2,0,0,2,0,21.19,20.8,2.5,22.9,1
2026-02-03T02:24:00,32.57,30.1,31.6,65.0,0.514,2,1,0,0.0,10.0,15.5,1,3,1,1,32.57,36.3,4.4,59.1,1
2026-02-03T02:42:00,53.67,49.5,59.6,65.0,0.083,2,1,0,0.9,2.6,22.8,0,0,1,2,53.67,51.1,6.1,51.7,0
2026-02-03T03:00:00,32.91,30.4,62.1,65.0,0.045,3,1,0,0.0,10.0,21.0,0,0,0,2,32.91,30.9,3.7,30.4,0
2026-02-03T03:18:00,62.52,57.7,58.5,65.0,0.1,3,1,0,0.0,10.0,24.0,0,0,0,0,62.52,60.0,7.2,63.2,0
2026-02-03T03:36:00,24.09,22.2,50.1,65.0,0.229,3,1,0,4.1,3.8,37.9,0,0,1,2,24.09,24.2,2.9,27.2,1
2026-02-03T03:54:00,56.34,52.0,60.2,65.0,0.074,3,1,0,0.0,10.0,21.3,0,0,0,2,56.34,53.5,6.4,56.8,0
2026-02-03T04:12:00,36.03,33.3,41.2,65.0,0.366,4,1,0,0.0,10.0,25.5,1,2,0,1,36.03,38.2,4.6,55.0,1
2026-02-03T04:30:00,59.38,54.8,49.3,65.0,0.242,4,1,0,0.6,3.9,37.9,1,1,0,2,59.38,60.1,7.2,72.1,1
2026-02-03T04:48:00,50.82,46.9,59.1,65.0,0.091,4,1,0,0.0,10.0,21.7,0,0,0,2,50.82,48.6,5.8,53.5,0
2026-02-03T05:06:00,37.4,34.5,59.0,65.0,0.092,5,1,0,0.0,10.0,31.6,0,0,1,2,37.4,35.8,4.3,34.6,0
2026-02-03T05:24:00,42.64,39.4,59.0,65.0,0.092,5,1,0,0.0,10.0,31.5,0,0,0,1,42.64,40.8,4.9,41.3,0
2026-02-03T05:42:00,34.48,31.8,55.2,65.0,0.151,5,1,0,0.0,10.0,32.0,0,0,1,0,34.48,33.7,4.0,35.8,0
2026-02-03T06:00:00,42.7,39.4,61.6,65.0,0.052,6,1,0,0.0,10.0,35.0,0,0,0,1,42.7,40.2,4.8,40.8,0
2026-02-03T06:18:00,38.77,35.8,55.5,65.0,0.146,6,1,0,0.0,10.0,26.7,0,0,0,1,38.77,37.9,4.5,42.7,1
2026-02-03T06:36:00,41.79,38.6,62.3,65.0,0.042,6,1,0,0.0,10.0,35.3,0,0,0,2,41.79,39.2,4.7,39.4,0
2026-02-03T06:54:00,48.63,44.9,54.6,65.0,0.16,6,1,0,0.5,2.3,20.2,0,0,1,1,48.63,47.8,5.7,52.2,1
2026-02-03T07:12:00,26.93,24.9,56.1,65.0,0.137,7,1,0,0.0,10.0,27.2,0,0,2,1,26.93,26.3,3.2,29.0,1
2026-02-03T07:30:00,37.76,34.9,63.8,65.0,0.018,7,1,0,0.0,10.0,29.1,0,0,2,1,37.76,35.2,4.2,34.9,0
2026-02-03T07:48:00,56.86,52.5,58.0,65.0,0.108,7,1,0,0.0,10.0,14.1,0,0,0,2,56.86,54.8,6.6,59.1,0
2026-02-03T08:06:00,55.95,51.6,38.5,65.0,0.408,8,1,0,0.0,10.0,25.6,0,0,0,0,55.95,60.0,7.2,91.5,1
2026-02-03T08:24:00,32.64,30.1,40.4,65.0,0.378,8,1,0,0.0,10.0,23.0,0,0,1,2,32.64,34.7,4.2,54.4,1
2026-02-03T08:42:00,14.08,16.9,18.0,50.0,0.64,8,1,0,0.0,10.0,23.5,1,3,0,2,14.08,21.2,2.5,47.0,1
2026-02-03T09:00:00,25.11,23.2,25.9,65.0,0.602,9,1,0,8.8,3.4,29.1,0,0,1,2,25.11,28.8,3.5,60.1,1
2026-02-03T09:18:00,39.87,36.8,40.6,65.0,0.375,9,1,0,0.0,10.0,24.7,0,0,0,2,39.87,42.3,5.1,53.5,1
2026-02-03T09:36:00,20.51,18.9,42.2,65.0,0.351,9,1,0,0.0,10.0,22.1,0,0,2,2,20.51,21.6,2.6,32.3,1
2026-02-03T09:54:00,49.37,45.6,35.5,65.0,0.454,9,1,0,0.0,10.0,43.4,0,0,0,2,49.37,53.9,6.5,81.8,1
2026-02-03T10:12:00,19.34,23.2,29.1,50.0,0.418,10,1,0,0.0,10.0,17.8,0,0,1,1,19.34,27.1,3.3,40.6,1
2026-02-03T10:30:00,35.57,32.8,30.6,65.0,0.529,10,1,0,8.6,4.7,31.5,0,0,0,0,35.57,39.7,4.8,73.3,1
2026-02-03T10:48:00,18.97,22.8,33.0,50.0,0.34,10,1,0,0.0,10.0,27.7,0,0,0,0,18.97,25.9,3.1,34.1,1
2026-02-03T11:06:00,59.28,54.7,55.3,65.0,0.149,11,1,0,0.0,10.0,27.1,0,0,0,1,59.28,58.0,7.0,64.2,1
2026-02-03T11:24:00,25.13,23.2,60.2,65.0,0.074,11,1,0,0.0,10.0,15.0,0,0,2,2,25.13,23.9,2.9,23.2,0
2026-02-03T11:42:00,41.25,38.1,57.6,65.0,0.114,11,1,0,0.0,10.0,33.4,0,0,0,2,41.25,39.8,4.8,40.8,0
2026-02-03T12:00:00,63.98,59.1,59.0,65.0,0.092,12,1,0,0.0,10.0,17.4,0,0,0,2,63.98,61.3,7.4,67.5,0
2026-02-03T12:18:00,54.52,50.3,57.4,65.0,0.117,12,1,0,0.0,10.0,28.7,0,0,1,1,54.52,52.7,6.3,58.8,1
2026-02-03T12:36:00,41.91,38.7,56.6,65.0,0.129,12,1,0,0.0,2.1,26.5,0,0,2,1,41.91,40.7,4.9,45.0,1
2026-02-03T12:54:00,10.05,12.1,39.6,50.0,0.208,12,1,0,0.0,10.0,26.3,1,1,0,1,10.05,13.1,2.0,16.6,1
2026-02-03T13:12:00,33.09,30.5,57.0,65.0,0.123,13,1,0,0.0,10.0,30.8,0,0,1,1,33.09,32.0,3.8,33.7,0
2026-02-03T13:30:00,18.63,22.4,45.6,50.0,0.088,13,1,0,0.0,10.0,29.4,0,0,1,0,18.63,23.2,2.8,22.4,0
2026-02-03T13:48:00,49.57,45.8,45.6,65.0,0.298,13,1,0,0.0,10.0,30.5,1,1,0,2,49.57,51.3,6.2,62.5,1
2026-02-03T14:06:00,60.03,55.4,56.1,65.0,0.137,14,1,0,0.0,10.0,32.5,0,0,1,1,60.03,58.4,7.0,67.2,1
2026-02-03T14:24:00,60.49,55.8,54.4,65.0,0.163,14,1,0,0.0,10.0,26.0,0,0,0,2,60.49,59.4,7.1,64.8,1
2026-02-03T14:42:00,27.43,25.3,57.9,65.0,0.109,14,1,0,4.5,4.6,29.7,0,0,0,0,27.43,26.4,3.2,25.3,0
2026-02-03T15:00:00,61.5,56.8,51.7,65.0,0.205,15,1,0,0.5,3.1,37.7,0,0,0,0,61.5,61.5,7.4,71.9,1
2026-02-03T15:18:00,45.12,41.6,57.0,65.0,0.123,15,1,0,0.0,10.0,27.3,0,0,1,2,45.12,43.6,5.2,47.6,0
2026-02-03T15:36:00,14.57,17.5,44.9,50.0,0.102,15,1,0,0.2,3.0,23.8,0,0,0,2,14.57,18.2,2.2,19.1,0
2026-02-03T15:54:00,12.31,14.8,46.0,50.0,0.08,15,1,0,0.0,10.0,21.6,0,0,0,0,12.31,15.3,2.0,16.8,0
2026-02-03T16:12:00,23.46,21.7,58.0,65.0,0.108,16,1,0,0.0,10.0,31.4,0,0,0,2,23.46,22.6,2.7,25.9,1
2026-02-03T16:30:00,9.5,11.4,42.3,50.0,0.154,16,1,0,0.0,10.0,32.7,0,0,1,1,9.5,12.1,2.0,17.3,1
2026-02-03T16:48:00,60.02,55.4,40.4,65.0,0.378,16,1,0,0.0,10.0,33.2,1,2,1,2,60.02,63.8,7.7,83.3,1
2026-02-03T17:06:00,47.94,44.3,44.4,65.0,0.317,17,1,0,0.0,10.0,30.7,0,0,0,0,47.94,49.9,6.0,67.4,1
2026-02-03T17:24:00,56.05,51.7,43.0,65.0,0.338,17,1,0,0.0,10.0,26.2,0,0,1,1,56.05,58.7,7.0,80.1,1
2026-02-03T17:42:00,21.16,19.5,41.7,65.0,0.358,17,1,0,0.0,10.0,25.9,0,0,0,0,21.16,22.3,2.7,29.6,1
2026-02-03T18:00:00,42.05,38.8,38.2,65.0,0.412,18,1,0,0.1,2.4,30.4,0,0,2,1,42.05,45.2,5.4,63.5,1
2026-02-03T18:18:00,58.88,54.4,41.0,65.0,0.369,18,1,0,0.0,10.0,31.2,0,0,0,1,58.88,62.4,7.5,88.8,1
2026-02-03T18:36:00,25.42,23.5,40.1,65.0,0.383,18,1,0,0.0,10.0,18.0,0,0,2,0,25.42,27.1,3.3,40.8,1
2026-02-03T18:54:00,60.61,55.9,43.8,65.0,0.326,18,1,0,0.0,10.0,23.9,0,0,0,1,60.61,63.2,7.6,82.7,1
2026-02-03T19:12:00,9.38,11.3,28.1,50.0,0.438,19,1,0,0.0,10.0,39.0,0,0,1,2,9.38,13.3,2.0,17.1,1
2026-02-03T19:30:00,53.34,49.2,36.3,65.0,0.442,19,1,0,0.0,10.0,33.1,0,0,0,2,53.34,57.9,6.9,90.5,1
2026-02-03T19:48:00,18.97,22.8,34.8,50.0,0.304,19,1,0,0.0,10.0,26.5,0,0,2,2,18.97,25.6,3.1,34.6,1
2026-02-03T20:06:00,19.55,23.5,30.6,50.0,0.388,20,1,0,0.0,10.0,29.5,0,0,0,2,19.55,27.1,3.3,37.7,1
2026-02-03T20:24:00,43.27,39.9,39.0,65.0,0.4,20,1,0,0.0,10.0,32.4,0,0,0,1,43.27,46.3,5.6,66.2,1
2026-02-03T20:42:00,59.12,54.6,39.8,65.0,0.388,20,1,0,0.0,10.0,23.3,0,0,1,0,59.12,63.1,7.6,89.0,1
2026-02-03T21:00:00,31.34,28.9,57.7,65.0,0.112,21,1,0,0.0,10.0,27.8,0,0,1,1,31.34,30.2,3.6,32.5,0
2026-02-03T21:18:00,15.29,18.3,47.1,50.0,0.058,21,1,0,0.0,10.0,37.1,0,0,2,2,15.29,18.7,2.2,19.6,0
2026-02-03T21:36:00,33.98,31.4,57.3,65.0,0.118,21,1,0,0.0,10.0,30.9,0,0,0,1,33.98,32.9,3.9,39.2,1
2026-02-03T21:54:00,41.36,38.2,32.5,65.0,0.5,21,1,0,0.0,10.0,35.0,1,3,1,1,41.36,45.8,5.5,77.3,1
2026-02-03T22:12:00,60.37,55.7,60.6,65.0,0.068,22,1,0,0.0,10.0,28.2,0,0,2,0,60.37,57.2,6.9,57.5,0
2026-02-03T22:30:00,25.04,23.1,57.5,65.0,0.115,22,1,0,0.0,10.0,33.8,0,0,1,2,25.04,24.2,2.9,24.6,0
2026-02-03T22:48:00,40.3,37.2,57.4,65.0,0.117,22,1,0,0.0,10.0,29.7,0,0,1,0,40.3,38.9,4.7,41.3,0
2026-02-03T23:06:00,25.72,23.7,59.1,65.0,0.091,23,1,0,0.0,10.0,28.7,0,0,0,0,25.72,24.6,3.0,24.1,0
2026-02-03T23:24:00,46.96,43.3,58.2,65.0,0.105,23,1,0,0.0,10.0,32.1,0,0,1,2,46.96,45.1,5.4,51.0,1
2026-02-03T23:42:00,33.25,30.7,56.9,65.0,0.125,23,1,0,0.0,10.0,32.0,0,0,2,1,33.25,32.2,3.9,38.1,1
2026-02-04T00:00:00,64.02,59.1,53.0,65.0,0.185,0,2,0,0.0,10.0,25.4,0,0,0,0,64.02,63.5,7.6,71.8,1
2026-02-04T00:18:00,38.89,35.9,59.3,65.0,0.088,0,2,0,0.0,10.0,35.3,0,0,1,2,38.89,37.2,4.5,39.7,0
2026-02-04T00:36:00,40.31,37.2,56.9,65.0,0.125,0,2,0,0.0,10.0,28.7,0,0,2,0,40.31,39.1,4.7,42.0,0
2026-02-04T00:54:00,41.46,38.3,59.7,65.0,0.082,0,2,0,0.0,10.0,36.4,0,0,1,1,41.46,39.6,4.8,43.4,0
2026-02-04T01:12:00,19.28,23.1,34.7,50.0,0.306,1,2,0,0.0,10.0,26.8,1,1,0,2,19.28,25.9,3.1,35.5,1
2026-02-04T01:30:00,62.68,57.9,57.2,65.0,0.12,1,2,0,0.0,10.0,29.7,0,0,0,0,62.68,60.7,7.3,64.2,0
2026-02-04T01:48:00,14.49,17.4,44.1,50.0,0.118,1,2,0,0.0,10.0,29.9,0,0,0,2,14.49,18.2,2.2,20.6,1
2026-02-04T02:06:00,47.37,43.7,46.1,65.0,0.291,2,2,0,0.0,10.0,23.9,1,1,2,1,47.37,48.8,5.9,59.7,1
2026-02-04T02:24:00,27.0,24.9,55.3,65.0,0.149,2,2,0,0.0,10.0,22.1,0,0,0,2,27.0,26.4,3.2,34.8,1
2026-02-04T02:42:00,54.07,49.9,59.7,65.0,0.082,2,2,0,0.0,10.0,31.8,0,0,1,2,54.07,51.5,6.2,51.9,0
2026-02-04T03:00:00,20.14,18.6,58.3,65.0,0.103,3,2,0,0.0,10.0,31.8,0,0,0,0,20.14,19.4,2.3,21.3,0
2026-02-04T03:18:00,51.91,47.9,60.2,65.0,0.074,3,2,0,0.0,10.0,25.7,0,0,0,2,51.91,49.3,5.9,50.4,0
2026-02-04T03:36:00,55.57,51.3,61.2,65.0,0.058,3,2,0,0.0,10.0,25.8,0,0,0,0,55.57,52.5,6.3,57.0,0
2026-02-04T03:54:00,13.44,16.1,42.7,50.0,0.146,3,2,0,0.0,10.0,29.3,0,0,0,2,13.44,17.0,2.0,25.5,1
2026-02-04T04:12:00,46.44,42.9,49.3,65.0,0.242,4,2,0,3.1,2.8,41.8,0,0,1,2,46.44,47.1,5.7,57.0,1
2026-02-04T04:30:00,39.07,36.1,57.0,65.0,0.123,4,2,0,0.0,10.0,22.9,0,0,0,1,39.07,37.9,4.5,39.9,0
2026-02-04T04:48:00,28.09,25.9,53.4,65.0,0.178,4,2,0,0.0,10.0,19.4,0,0,1,2,28.09,27.7,3.3,28.2,0
2026-02-04T05:06:00,21.07,19.4,58.9,65.0,0.094,5,2,0,0.7,3.3,22.2,0,0,0,2,21.07,20.1,2.4,19.4,0
2026-02-04T05:24:00,52.61,48.6,58.5,65.0,0.1,5,2,0,0.0,10.0,26.2,0,0,1,0,52.61,50.5,6.1,54.6,0
2026-02-04T05:42:00,30.24,27.9,45.9,65.0,0.294,5,2,0,0.0,10.0,23.3,1,2,0,2,30.24,31.2,3.7,40.8,1
2026-02-04T06:00:00,40.46,37.3,58.8,65.0,0.095,6,2,0,0.0,10.0,32.0,0,0,0,2,40.46,38.7,4.6,41.6,0
2026-02-04T06:18:00,14.0,16.8,18.0,50.0,0.64,6,2,0,0.0,10.0,26.8,1,3,0,2,14.0,21.1,2.5,45.7,1
2026-02-04T06:36:00,56.83,52.5,61.0,65.0,0.062,6,2,0,0.0,10.0,25.5,0,0,0,1,56.83,53.8,6.5,54.6,0
2026-02-04T06:54:00,59.77,55.2,51.7,65.0,0.205,6,2,0,0.0,10.0,25.3,0,0,1,1,59.77,59.7,7.2,66.8,1
2026-02-04T07:12:00,9.13,11.0,40.7,50.0,0.186,7,2,0,0.0,10.0,10.7,0,0,1,1,9.13,11.8,2.0,15.7,1
2026-02-04T07:30:00,11.59,13.9,38.2,50.0,0.236,7,2,0,0.0,10.0,25.2,0,0,0,0,11.59,15.2,2.0,23.4,1
2026-02-04T07:48:00,29.31,27.1,54.3,65.0,0.165,7,2,0,0.0,10.0,20.4,0,0,2,1,29.31,28.9,3.5,30.4,0
2026-02-04T08:06:00,47.94,44.3,37.0,65.0,0.431,8,2,0,4.0,4.5,28.6,0,0,1,2,47.94,51.9,6.2,79.2,1
2026-02-04T08:24:00,23.5,21.7,42.0,65.0,0.354,8,2,0,0.0,10.0,33.8,0,0,0,0,23.5,24.8,3.0,32.2,1
2026-02-04T08:42:00,33.08,30.5,39.0,65.0,0.4,8,2,0,0.0,10.0,19.6,0,0,0,1,33.08,35.4,4.2,53.7,1
2026-02-04T09:00:00,31.42,29.0,44.5,65.0,0.315,9,2,0,0.0,10.0,25.3,0,0,1,0,31.42,32.7,3.9,45.9,1
2026-02-04T09:18:00,36.19,33.4,33.4,65.0,0.486,9,2,0,0.6,2.4,29.5,0,0,0,2,36.19,39.9,4.8,67.7,1
2026-02-04T09:36:00,12.21,14.7,32.9,50.0,0.342,9,2,0,0.0,10.0,29.7,0,0,0,2,12.21,16.7,2.0,28.3,1
2026-02-04T09:54:00,48.62,44.9,40.4,65.0,0.378,9,2,0,0.0,10.0,22.7,0,0,1,2,48.62,51.7,6.2,66.8,1
2026-02-04T10:12:00,40.6,37.5,39.2,65.0,0.397,10,2,0,2.0,2.8,19.4,0,0,1,0,40.6,43.5,5.2,62.4,1
2026-02-04T10:30:00,41.23,38.1,39.4,65.0,0.394,10,2,0,0.0,10.0,27.5,0,0,0,2,41.23,44.1,5.3,62.4,1
2026-02-04T10:48:00,46.51,42.9,47.2,65.0,0.274,10,2,0,0.0,10.0,20.8,0,0,0,1,46.51,47.6,5.7,62.7,1
2026-02-04T11:06:00,61.05,56.4,52.5,65.0,0.192,11,2,0,0.0,10.0,21.1,1,1,0,2,61.05,60.7,7.3,68.1,1
2026-02-04T11:24:00,52.71,48.7,51.1,65.0,0.214,11,2,0,6.6,2.8,26.6,0,0,1,1,52.71,52.9,6.3,64.8,1
2026-02-04T11:42:00,22.38,20.7,56.1,65.0,0.137,11,2,0,2.8,2.5,21.4,0,0,0,0,22.38,21.8,2.6,22.7,0
2026-02-04T12:00:00,13.78,16.5,46.0,50.0,0.08,12,2,0,0.0,10.0,10.8,0,0,1,2,13.78,17.0,2.0,16.9,0
2026-02-04T12:18:00,64.91,59.9,55.1,65.0,0.152,12,2,0,0.0,10.0,37.3,0,0,0,2,64.91,63.5,7.6,70.4,1
2026-02-04T12:36:00,56.63,52.3,56.3,65.0,0.134,12,2,0,0.0,10.0,27.1,0,0,0,2,56.63,55.1,6.6,58.7,0
2026-02-04T12:54:00,19.77,23.7,27.9,50.0,0.442,12,2,0,0.0,10.0,20.1,1,2,1,1,19.77,27.9,3.3,45.4,1
2026-02-04T13:12:00,40.06,37.0,55.5,65.0,0.146,13,2,0,0.0,10.0,20.0,0,0,0,2,40.06,39.2,4.7,43.9,1
2026-02-04T13:30:00,56.76,52.4,56.0,65.0,0.138,13,2,0,0.0,10.0,31.8,0,0,1,0,56.76,55.3,6.6,61.0,1
2026-02-04T13:48:00,12.51,15.0,50.8,50.0,0.0,13,2,0,0.0,10.0,24.4,0,0,1,2,12.51,15.0,2.0,15.0,0
2026-02-04T14:06:00,29.49,27.2,60.3,65.0,0.072,14,2,0,0.0,10.0,15.3,0,0,2,2,29.49,28.0,3.4,29.5,0
2026-02-04T14:24:00,24.16,22.3,56.5,65.0,0.131,14,2,0,2.3,4.8,38.5,0,0,0,2,24.16,23.5,2.8,25.3,0
2026-02-04T14:42:00,58.02,53.6,59.1,65.0,0.091,14,2,0,3.4,3.8,29.7,0,0,1,0,58.02,55.6,6.7,64.9,1
2026-02-04T15:00:00,38.7,35.7,59.9,65.0,0.078,15,2,0,0.0,10.0,21.3,0,0,1,2,38.7,36.8,4.4,36.5,0
2026-02-04T15:18:00,14.51,17.4,41.3,50.0,0.174,15,2,0,0.0,10.0,36.9,0,0,2,2,14.51,18.6,2.2,23.0,1
2026-02-04T15:36:00,26.96,24.9,55.5,65.0,0.146,15,2,0,0.0,10.0,26.3,0,0,2,0,26.96,26.4,3.2,28.8,1
2026-02-04T15:54:00,49.25,45.5,56.9,65.0,0.125,15,2,0,0.0,10.0,35.3,0,0,0,1,49.25,47.8,5.7,55.7,1
2026-02-04T16:12:00,46.52,42.9,51.5,65.0,0.208,16,2,0,0.0,10.0,32.7,0,0,2,2,46.52,46.5,5.6,55.7,1
2026-02-04T16:30:00,31.64,29.2,45.4,65.0,0.302,16,2,0,1.5,4.4,20.9,0,0,1,2,31.64,32.7,3.9,40.2,1
2026-02-04T16:48:00,37.98,35.1,58.7,65.0,0.097,16,2,0,2.3,3.0,33.7,0,0,0,2,37.98,36.5,4.4,37.2,0
2026-02-04T17:06:00,14.14,17.0,30.6,50.0,0.388,17,2,0,0.0,10.0,28.2,0,0,2,0,14.14,19.6,2.4,22.7,1
2026-02-04T17:24:00,25.53,23.6,40.5,65.0,0.377,17,2,0,0.0,10.0,29.1,0,0,1,1,25.53,27.2,3.3,41.4,1
2026-02-04T17:42:00,22.88,21.1,42.1,65.0,0.352,17,2,0,1.9,4.8,26.9,0,0,0,2,22.88,24.1,2.9,36.3,1
2026-02-04T18:00:00,48.3,44.6,36.8,65.0,0.434,18,2,0,0.0,10.0,25.1,0,0,0,2,48.3,52.3,6.3,74.9,1
2026-02-04T18:18:00,20.97,19.4,43.9,65.0,0.325,18,2,0,0.0,10.0,28.4,0,0,0,0,20.97,21.9,2.6,25.9,1
2026-02-04T18:36:00,46.36,42.8,38.6,65.0,0.406,18,2,0,0.0,10.0,27.7,0,0,0,2,46.36,49.8,6.0,76.3,1
2026-02-04T18:54:00,9.89,11.9,32.0,50.0,0.36,18,2,0,0.0,10.0,30.9,0,0,0,2,9.89,13.6,2.0,16.1,1
2026-02-04T19:12:00,28.52,26.3,40.2,65.0,0.382,19,2,0,0.0,10.0,30.3,0,0,1,2,28.52,30.3,3.6,49.9,1
2026-02-04T19:30:00,26.76,24.7,43.3,65.0,0.334,19,2,0,0.0,10.0,29.9,0,0,0,2,26.76,28.0,3.4,38.9,1
2026-02-04T19:48:00,10.13,12.2,35.0,50.0,0.3,19,2,0,0.0,10.0,30.1,0,0,0,0,10.13,13.7,2.0,15.8,1
2026-02-04T20:06:00,45.87,42.3,39.8,65.0,0.388,20,2,0,0.0,10.0,20.4,0,0,1,2,45.87,48.9,5.9,69.8,1
2026-02-04T20:24:00,43.1,39.8,39.3,65.0,0.395,20,2,0,0.0,10.0,37.4,0,0,0,1,43.1,46.1,5.5,66.2,1
2026-02-04T20:42:00,18.61,22.3,26.3,50.0,0.474,20,2,0,1.1,2.3,31.7,0,0,1,1,18.61,26.5,3.2,35.9,1
2026-02-04T21:00:00,10.69,12.8,41.6,50.0,0.168,21,2,0,0.2,3.3,9.7,0,0,1,1,10.69,13.7,2.0,15.1,1
2026-02-04T21:18:00,54.09,49.9,54.6,65.0,0.16,21,2,0,0.0,10.0,31.1,0,0,1,2,54.09,53.1,6.4,56.9,0
2026-02-04T21:36:00,21.06,19.4,58.2,65.0,0.105,21,2,0,0.0,10.0,31.3,0,0,1,1,21.06,20.2,2.4,19.4,0
2026-02-04T21:54:00,20.57,19.0,60.9,65.0,0.063,21,2,0,0.0,10.0,30.6,0,0,1,1,20.57,19.5,2.3,19.1,0
2026-02-04T22:12:00,64.16,59.2,58.4,65.0,0.102,22,2,0,0.0,10.0,32.7,0,0,1,2,64.16,61.6,7.4,64.4,0
2026-02-04T22:30:00,64.19,59.3,54.4,65.0,0.163,22,2,0,0.0,10.0,27.7,0,0,0,0,64.19,63.2,7.6,72.2,1
2026-02-04T22:48:00,30.59,28.2,61.9,65.0,0.048,22,2,0,0.0,10.0,15.0,0,0,0,1,30.59,28.7,3.4,28.8,0
2026-02-04T23:06:00,26.78,24.7,53.2,65.0,0.182,23,2,0,0.0,10.0,29.4,0,0,1,2,26.78,26.5,3.2,26.4,0
2026-02-04T23:24:00,62.22,57.4,41.8,65.0,0.357,23,2,0,0.0,10.0,40.3,1,2,1,2,62.22,65.6,7.9,90.1,1
2026-02-04T23:42:00,9.92,11.9,42.8,50.0,0.144,23,2,0,0.0,10.0,13.6,0,0,1,2,9.92,12.6,2.0,11.9,0
2026-02-05T00:00:00,38.29,35.3,57.0,65.0,0.123,0,3,0,0.0,10.0,27.8,0,0,0,0,38.29,37.0,4.4,37.3,0
2026-02-05T00:18:00,46.82,43.2,54.2,65.0,0.166,0,3,0,0.0,10.0,32.8,0,0,2,0,46.82,46.1,5.5,54.1,1
2026-02-05T00:36:00,50.51,46.6,55.8,65.0,0.142,0,3,0,3.1,4.1,25.9,0,0,0,2,50.51,49.2,5.9,54.0,1
2026-02-05T00:54:00,28.94,26.7,59.2,65.0,0.089,0,3,0,0.0,10.0,28.3,0,0,1,0,28.94,27.7,3.3,26.7,0
2026-02-05T01:12:00,28.9,26.7,57.5,65.0,0.115,1,3,0,0.0,10.0,31.5,0,0,2,0,28.9,27.9,3.3,26.7,0
2026-02-05T01:30:00,43.82,40.4,47.8,65.0,0.265,1,3,0,3.3,3.4,15.4,0,0,1,2,43.82,44.7,5.4,56.6,1
2026-02-05T01:48:00,19.09,22.9,43.0,50.0,0.14,1,3,0,0.0,10.0,31.0,0,0,1,1,19.09,24.2,2.9,26.0,0
2026-02-05T02:06:00,46.51,42.9,53.2,65.0,0.182,2,3,0,0.0,10.0,18.8,0,0,1,0,46.51,46.0,5.5,53.8,1
2026-02-05T02:24:00,15.03,18.0,41.4,50.0,0.172,2,3,0,0.0,10.0,39.4,0,0,0,2,15.03,19.2,2.3,22.3,1
2026-02-05T02:42:00,20.31,18.7,54.8,65.0,0.157,2,3,0,0.0,10.0,20.9,0,0,1,2,20.31,19.9,2.4,21.0,0
2026-02-05T03:00:00,50.6,46.7,57.6,65.0,0.114,3,3,0,0.0,10.0,24.8,0,0,1,2,50.6,48.8,5.9,54.3,1
2026-02-05T03:18:00,60.53,55.9,55.4,65.0,0.148,3,3,0,0.0,10.0,19.8,0,0,0,2,60.53,59.2,7.1,62.2,0
2026-02-05T03:36:00,9.17,11.0,38.2,50.0,0.236,3,3,0,4.0,4.0,31.5,0,0,0,1,9.17,12.0,2.0,15.9,1
2026-02-05T03:54:00,9.66,11.6,43.0,50.0,0.14,3,3,0,0.0,10.0,29.5,0,0,1,2,9.66,12.2,2.0,13.2,0
2026-02-05T04:12:00,28.75,26.5,56.6,65.0,0.129,4,3,0,0.0,10.0,16.4,0,0,0,0,28.75,27.9,3.3,26.6,0
2026-02-05T04:30:00,25.34,23.4,61.2,65.0,0.058,4,3,0,0.0,10.0,23.0,0,0,0,1,25.34,23.9,2.9,23.4,0
2026-02-05T04:48:00,42.45,39.2,58.8,65.0,0.095,4,3,0,0.0,10.0,30.2,0,0,0,0,42.45,40.7,4.9,44.2,0
2026-02-05T05:06:00,36.86,34.0,53.2,65.0,0.182,5,3,0,0.0,10.0,32.3,0,0,1,2,36.86,36.5,4.4,45.0,1
2026-02-05T05:24:00,24.56,22.7,62.2,65.0,0.043,5,3,0,0.0,10.0,17.3,0,0,0,1,24.56,23.1,2.8,22.7,0
2026-02-05T05:42:00,9.0,10.8,43.0,50.0,0.14,5,3,0,0.0,10.0,28.9,0,0,1,1,9.0,11.4,2.0,10.8,0
2026-02-05T06:00:00,11.01,13.2,18.0,50.0,0.64,6,3,0,0.0,10.0,29.5,1,3,0,1,11.01,16.6,2.0,33.0,1
2026-02-05T06:18:00,49.45,45.6,61.4,65.0,0.055,6,3,0,0.0,10.0,30.9,0,0,1,2,49.45,46.6,5.6,49.4,0
2026-02-05T06:36:00,25.68,23.7,57.0,65.0,0.123,6,3,0,0.0,10.0,21.1,0,0,0,1,25.68,24.9,3.0,27.5,1
2026-02-05T06:54:00,35.06,32.4,58.3,65.0,0.103,6,3,0,0.0,10.0,34.5,0,0,0,1,35.06,33.7,4.0,34.9,0
2026-02-05T07:12:00,48.13,44.4,58.8,65.0,0.095,7,3,0,0.0,10.0,9.6,0,0,1,0,48.13,46.1,5.5,48.6,0
2026-02-05T07:30:00,33.19,30.6,57.9,65.0,0.109,7,3,0,0.0,10.0,24.8,0,0,0,2,33.19,31.9,3.8,33.8,0
2026-02-05T07:48:00,52.74,48.7,48.3,65.0,0.257,7,3,0,7.5,4.0,21.6,0,0,0,2,52.74,53.7,6.4,64.1,1
2026-02-05T08:06:00,63.63,58.7,32.6,65.0,0.498,8,3,0,0.0,10.0,32.4,0,0,0,1,63.63,70.4,8.4,112.5,1
2026-02-05T08:24:00,9.78,11.7,30.8,50.0,0.384,8,3,0,0.0,10.0,35.8,0,0,0,2,9.78,13.5,2.0,14.9,1
2026-02-05T08:42:00,16.93,20.3,36.6,50.0,0.268,8,3,0,0.0,10.0,24.8,0,0,0,2,16.93,22.5,2.7,25.5,1
2026-02-05T09:00:00,29.28,27.0,40.3,65.0,0.38,9,3,0,0.0,10.0,30.2,0,0,0,2,29.28,31.1,3.7,44.5,1
2026-02-05T09:18:00,42.43,39.2,33.3,65.0,0.488,9,3,0,0.0,10.0,38.4,0,0,1,1,42.43,46.9,5.6,78.2,1
2026-02-05T09:36:00,16.52,19.8,27.0,50.0,0.46,9,3,0,0.0,10.0,19.7,0,0,0,2,16.52,23.4,2.8,38.8,1
2026-02-05T09:54:00,19.74,23.7,29.3,50.0,0.414,9,3,0,0.0,10.0,25.4,0,0,2,1,19.74,27.6,3.3,38.9,1
2026-02-05T10:12:00,15.92,19.1,35.3,50.0,0.294,10,3,0,0.0,10.0,26.9,0,0,0,1,15.92,21.3,2.6,24.9,1
2026-02-05T10:30:00,45.18,41.7,43.8,65.0,0.326,10,3,0,0.0,10.0,20.5,0,0,1,2,45.18,47.1,5.7,57.9,1
2026-02-05T10:48:00,53.54,49.4,40.6,65.0,0.375,10,3,0,0.0,10.0,31.3,0,0,1,2,53.54,56.8,6.8,80.0,1
2026-02-05T11:06:00,29.1,26.9,52.2,65.0,0.197,11,3,0,0.0,10.0,31.5,0,0,0,0,29.1,29.0,3.5,36.5,1
2026-02-05T11:24:00,27.32,25.2,45.2,65.0,0.305,11,3,0,8.5,3.2,20.2,0,0,0,1,27.32,28.3,3.4,35.5,1
2026-02-05T11:42:00,45.5,42.0,56.0,65.0,0.138,11,3,0,0.0,10.0,34.2,0,0,0,0,45.5,44.3,5.3,49.7,1
2026-02-05T12:00:00,19.74,23.7,43.9,50.0,0.122,12,3,0,0.0,10.0,13.2,0,0,0,2,19.74,24.9,3.0,24.7,0
2026-02-05T12:18:00,19.44,23.3,54.2,50.0,0.0,12,3,0,0.0,10.0,33.6,0,0,1,1,19.44,23.3,2.8,23.3,0
2026-02-05T12:36:00,31.77,29.3,53.9,65.0,0.171,12,3,0,0.0,10.0,28.7,0,0,1,0,31.77,31.3,3.8,32.3,0
2026-02-05T12:54:00,56.52,52.2,58.5,65.0,0.1,12,3,0,0.0,10.0,21.7,0,0,1,2,56.52,54.3,6.5,56.5,0
2026-02-05T13:12:00,36.19,33.4,57.9,65.0,0.109,13,3,0,0.0,10.0,18.0,0,0,0,2,36.19,34.9,4.2,42.5,1
2026-02-05T13:30:00,60.94,56.3,62.6,65.0,0.037,13,3,0,0.0,10.0,25.0,0,0,0,0,60.94,57.1,6.9,57.3,0
2026-02-05T13:48:00,38.49,35.5,54.7,65.0,0.158,13,3,0,0.0,10.0,27.2,0,0,1,2,38.49,37.7,4.5,42.0,1
2026-02-05T14:06:00,38.9,35.9,61.4,65.0,0.055,14,3,0,0.0,10.0,17.1,0,0,0,0,38.9,36.7,4.4,35.9,0
2026-02-05T14:24:00,56.52,52.2,55.7,65.0,0.143,14,3,0,0.0,10.0,24.9,0,0,0,0,56.52,55.2,6.6,62.2,1
2026-02-05T14:42:00,21.19,19.6,58.8,65.0,0.095,14,3,0,0.0,10.0,27.6,0,0,0,1,21.19,20.3,2.4,23.6,1
2026-02-05T15:00:00,27.81,25.7,61.8,65.0,0.049,15,3,0,0.0,10.0,36.2,0,0,1,2,27.81,26.2,3.1,32.0,1
2026-02-05T15:18:00,24.87,23.0,57.9,65.0,0.109,15,3,0,0.0,10.0,23.9,0,0,0,1,24.87,24.0,2.9,25.7,0
2026-02-05T15:36:00,50.36,46.5,44.9,65.0,0.309,15,3,0,8.1,3.2,24.4,0,0,1,2,50.36,52.2,6.3,65.0,1
2026-02-05T15:54:00,54.92,50.7,58.9,65.0,0.094,15,3,0,0.0,10.0,29.1,0,0,0,2,54.92,52.6,6.3,52.9,0
2026-02-05T16:12:00,43.72,40.4,59.9,65.0,0.078,16,3,0,0.0,10.0,28.3,0,0,2,1,43.72,41.7,5.0,45.9,0
2026-02-05T16:30:00,21.35,19.7,57.1,65.0,0.122,16,3,0,3.5,2.3,26.0,0,0,2,2,21.35,20.7,2.5,19.7,0
2026-02-05T16:48:00,29.42,27.2,52.9,65.0,0.186,16,3,0,3.3,4.2,17.2,0,0,1,2,29.42,29.2,3.5,29.9,0
2026-02-05T17:06:00,64.01,59.1,41.3,65.0,0.365,17,3,0,0.0,10.0,15.0,0,0,2,2,64.01,67.7,8.1,94.3,1
2026-02-05T17:24:00,34.0,31.4,41.2,65.0,0.366,17,3,0,0.0,10.0,19.7,0,0,0,2,34.0,36.0,4.3,50.0,1
2026-02-05T17:42:00,56.73,52.4,39.7,65.0,0.389,17,3,0,0.0,10.0,14.2,0,0,0,2,56.73,60.6,7.3,88.1,1
2026-02-05T18:00:00,61.04,56.3,36.5,65.0,0.438,18,3,0,4.7,3.1,26.4,0,0,0,2,61.04,66.2,7.9,102.2,1
2026-02-05T18:18:00,52.82,48.8,36.6,65.0,0.437,18,3,0,0.0,10.0,27.2,0,0,2,0,52.82,57.3,6.9,85.5,1
2026-02-05T18:36:00,50.58,46.7,34.8,65.0,0.465,18,3,0,0.0,10.0,20.8,0,0,0,2,50.58,55.4,6.6,87.4,1
2026-02-05T18:54:00,51.03,47.1,18.0,65.0,0.723,18,3,0,0.0,10.0,28.2,1,3,1,2,51.03,60.7,7.3,170.0,1
2026-02-05T19:12:00,48.51,44.8,24.7,65.0,0.62,19,3,0,0.0,10.0,25.3,1,2,1,2,48.51,55.9,6.7,122.6,1
2026-02-05T19:30:00,21.08,19.5,36.6,65.0,0.437,19,3,0,0.0,10.0,30.5,0,0,1,1,21.08,22.9,2.7,34.7,1
2026-02-05T19:48:00,9.54,11.4,25.3,50.0,0.494,19,3,0,0.6,2.4,25.1,0,0,2,1,9.54,13.7,2.0,22.8,1
2026-02-05T20:06:00,13.12,15.7,27.9,50.0,0.442,20,3,0,0.0,10.0,33.4,0,0,0,2,13.12,18.5,2.2,24.2,1
2026-02-05T20:24:00,22.3,20.6,36.3,65.0,0.442,20,3,0,0.0,10.0,36.3,0,0,1,2,22.3,24.2,2.9,35.8,1
2026-02-05T20:42:00,32.61,30.1,37.8,65.0,0.418,20,3,0,0.0,10.0,27.1,0,0,0,2,32.61,35.1,4.2,50.0,1
2026-02-05T21:00:00,63.8,58.9,55.6,65.0,0.145,21,3,0,0.0,10.0,39.5,0,0,2,0,63.8,62.3,7.5,70.3,1
2026-02-05T21:18:00,58.57,54.1,56.8,65.0,0.126,21,3,0,0.0,10.0,19.0,0,0,2,2,58.57,56.8,6.8,59.6,0
2026-02-05T21:36:00,50.15,46.3,36.0,65.0,0.446,21,3,0,4.2,4.8,25.6,1,2,0,2,50.15,54.6,6.6,82.1,1
2026-02-05T21:54:00,37.14,34.3,62.9,65.0,0.032,21,3,0,0.0,10.0,29.3,0,0,0,2,37.14,34.7,4.2,34.3,0
2026-02-05T22:12:00,14.96,18.0,44.6,50.0,0.108,22,3,0,0.0,10.0,21.2,0,0,0,1,14.96,18.8,2.3,21.8,1
2026-02-05T22:30:00,42.93,39.6,57.8,65.0,0.111,22,3,0,0.0,10.0,16.2,0,0,2,2,42.93,41.4,5.0,47.5,1
2026-02-05T22:48:00,9.95,11.9,45.5,50.0,0.09,22,3,0,0.0,10.0,33.6,0,0,0,2,9.95,12.3,2.0,14.3,1
2026-02-05T23:06:00,60.37,55.7,58.7,65.0,0.097,23,3,0,0.0,10.0,17.8,0,0,0,2,60.37,57.9,6.9,65.2,1
2026-02-05T23:24:00,11.28,13.5,36.3,50.0,0.274,23,3,0,0.0,10.0,29.6,0,0,1,1,11.28,15.0,2.0,21.4,1
2026-02-05T23:42:00,49.43,45.6,55.8,65.0,0.142,23,3,0,0.0,10.0,32.4,0,0,1,2,49.43,48.2,5.8,52.5,1
2026-02-06T00:00:00,36.28,33.5,61.8,65.0,0.049,0,4,0,0.0,10.0,34.4,0,0,0,0,36.28,34.2,4.1,33.5,0
2026-02-06T00:18:00,58.09,53.6,55.4,65.0,0.148,0,4,0,1.9,2.2,31.3,0,0,1,2,58.09,56.8,6.8,64.9,1
2026-02-06T00:36:00,31.89,29.4,58.0,65.0,0.108,0,4,0,0.0,10.0,33.7,0,0,1,2,31.89,30.7,3.7,31.8,0
2026-02-06T00:54:00,32.38,29.9,59.3,65.0,0.088,0,4,0,0.0,10.0,25.8,0,0,1,1,32.38,31.0,3.7,33.7,0
2026-02-06T01:12:00,48.79,45.0,51.5,65.0,0.208,1,4,0,0.0,10.0,19.8,0,0,0,2,48.79,48.7,5.8,57.5,1
2026-02-06T01:30:00,11.2,13.4,45.6,50.0,0.088,1,4,0,0.0,10.0,31.4,0,0,0,2,11.2,13.9,2.0,16.7,1
2026-02-06T01:48:00,40.22,37.1,59.6,65.0,0.083,1,4,0,0.4,4.8,20.7,0,0,0,2,40.22,38.3,4.6,38.6,0
2026-02-06T02:06:00,53.89,49.7,55.3,65.0,0.149,2,4,0,0.0,10.0,30.3,0,0,1,1,53.89,52.7,6.3,59.8,1
2026-02-06T02:24:00,45.71,42.2,56.6,65.0,0.129,2,4,0,1.5,3.0,36.0,0,0,1,2,45.71,44.4,5.3,48.7,1
2026-02-06T02:42:00,10.14,12.2,46.1,50.0,0.078,2,4,0,0.0,10.0,33.3,0,0,2,2,10.14,12.6,2.0,12.2,0
2026-02-06T03:00:00,36.15,33.4,25.8,65.0,0.603,3,4,0,9.3,3.0,26.4,1,2,0,1,36.15,41.5,5.0,84.2,1
2026-02-06T03:18:00,20.79,19.2,58.2,65.0,0.105,3,4,0,0.0,10.0,28.3,0,0,0,1,20.79,20.0,2.4,19.2,0
2026-02-06T03:36:00,57.44,53.0,63.2,65.0,0.028,3,4,0,0.0,10.0,30.7,0,0,0,1,57.44,53.6,6.4,55.4,0
2026-02-06T03:54:00,11.93,14.3,46.8,50.0,0.064,3,4,0,1.5,2.4,24.6,0,0,2,1,11.93,14.7,2.0,14.3,0
2026-02-06T04:12:00,18.23,21.9,36.8,50.0,0.264,4,4,0,0.0,10.0,23.6,0,0,0,0,18.23,24.2,2.9,31.8,1
2026-02-06T04:30:00,21.68,20.0,60.3,65.0,0.072,4,4,0,0.0,10.0,16.2,0,0,1,1,21.68,20.6,2.5,20.0,0
2026-02-06T04:48:00,42.23,39.0,55.4,65.0,0.148,4,4,0,0.0,10.0,28.4,0,0,0,0,42.23,41.3,5.0,47.9,1
2026-02-06T05:06:00,14.74,17.7,46.4,50.0,0.072,5,4,0,0.0,10.0,19.6,0,0,2,1,14.74,18.2,2.2,17.9,0
2026-02-06T05:24:00,25.64,23.7,58.2,65.0,0.105,5,4,0,0.0,10.0,25.2,0,0,0,2,25.64,24.7,3.0,25.8,0
2026-02-06T05:42:00,27.33,25.2,57.6,65.0,0.114,5,4,0,0.0,10.0,33.5,0,0,0,2,27.33,26.3,3.2,25.2,0
2026-02-06T06:00:00,11.08,13.3,44.9,50.0,0.102,6,4,0,0.0,10.0,29.1,0,0,1,0,11.08,13.8,2.0,16.5,1
2026-02-06T06:18:00,59.47,54.9,55.7,65.0,0.143,6,4,0,0.0,10.0,26.1,0,0,2,0,59.47,58.0,7.0,62.8,0
2026-02-06T06:36:00,10.96,13.2,47.6,50.0,0.048,6,4,0,0.0,10.0,14.9,0,0,2,2,10.96,13.5,2.0,13.2,0
2026-02-06T06:54:00,32.56,30.1,52.4,65.0,0.194,6,4,0,0.0,10.0,19.9,0,0,1,0,32.56,32.4,3.9,34.7,1
2026-02-06T07:12:00,21.27,19.6,51.4,65.0,0.209,7,4,0,0.0,10.0,23.6,0,0,0,2,21.27,21.2,2.5,26.4,1
2026-02-06T07:30:00,63.82,58.9,52.9,65.0,0.186,7,4,0,0.9,4.3,29.9,0,0,0,2,63.82,63.3,7.6,70.8,1
2026-02-06T07:48:00,18.1,21.7,47.5,50.0,0.05,7,4,0,0.0,10.0,25.4,0,0,1,2,18.1,22.1,2.7,23.3,0
2026-02-06T08:06:00,44.36,40.9,40.0,65.0,0.385,8,4,0,0.0,10.0,14.3,0,0,0,1,44.36,47.2,5.7,59.2,1
2026-02-06T08:24:00,58.62,54.1,45.0,65.0,0.308,8,4,0,0.0,10.0,31.1,0,0,1,2,58.62,60.8,7.3,76.0,1
2026-02-06T08:42:00,13.52,16.2,29.1,50.0,0.418,8,4,0,0.0,10.0,25.6,0,0,0,2,13.52,18.9,2.3,30.0,1
2026-02-06T09:00:00,43.12,39.8,37.7,65.0,0.42,9,4,0,0.0,10.0,14.0,0,0,0,2,43.12,46.5,5.6,66.5,1
2026-02-06T09:18:00,23.29,21.5,38.9,65.0,0.402,9,4,0,7.3,3.8,25.8,0,0,1,0,23.29,25.0,3.0,37.3,1
2026-02-06T09:36:00,13.23,15.9,30.4,50.0,0.392,9,4,0,0.0,10.0,25.6,0,0,0,2,13.23,18.4,2.2,28.0,1
2026-02-06T09:54:00,13.0,15.6,29.4,50.0,0.412,9,4,0,0.0,10.0,35.5,0,0,0,0,13.0,18.2,2.2,32.6,1
2026-02-06T10:12:00,27.93,25.8,38.9,65.0,0.402,10,4,0,0.0,10.0,23.7,0,0,0,2,27.93,29.9,3.6,43.9,1
2026-02-06T10:30:00,29.02,26.8,42.3,65.0,0.349,10,4,0,0.0,10.0,32.4,0,0,2,2,29.02,30.5,3.7,38.1,1
2026-02-06T10:48:00,49.82,46.0,41.2,65.0,0.366,10,4,0,0.0,10.0,23.2,0,0,1,2,49.82,52.7,6.3,72.3,1
2026-02-06T11:06:00,34.06,31.4,55.1,65.0,0.152,11,4,0,0.0,10.0,30.1,0,0,1,0,34.06,33.3,4.0,36.6,1
2026-02-06T11:24:00,47.09,43.5,56.5,65.0,0.131,11,4,0,0.0,10.0,28.2,0,0,0,1,47.09,45.8,5.5,50.2,1
2026-02-06T11:42:00,55.68,51.4,53.5,65.0,0.177,11,4,0,2.6,2.6,11.3,0,0,1,2,55.68,55.0,6.6,62.6,1
2026-02-06T12:00:00,46.16,42.6,61.1,65.0,0.06,12,4,0,0.0,10.0,31.8,0,0,2,2,46.16,43.6,5.2,45.4,0
2026-02-06T12:18:00,42.36,39.1,55.2,65.0,0.151,12,4,0,0.5,3.8,26.2,0,0,0,1,42.36,41.5,5.0,45.7,1
2026-02-06T12:36:00,53.03,49.0,54.8,65.0,0.157,12,4,0,0.0,10.0,25.6,0,0,0,2,53.03,52.1,6.3,60.2,1
2026-02-06T12:54:00,60.0,55.4,59.5,65.0,0.085,12,4,0,0.0,10.0,32.4,0,0,1,0,60.0,57.3,6.9,60.4,0
2026-02-06T13:12:00,15.59,18.7,27.8,50.0,0.444,13,4,0,0.0,10.0,24.7,1,2,0,1,15.59,22.0,2.6,34.5,1
2026-02-06T13:30:00,59.81,55.2,55.8,65.0,0.142,13,4,0,0.0,10.0,29.9,0,0,1,2,59.81,58.3,7.0,60.3,0
2026-02-06T13:48:00,57.66,53.2,54.2,65.0,0.166,13,4,0,0.0,10.0,18.5,0,0,0,2,57.66,56.7,6.8,64.1,1
2026-02-06T14:06:00,38.76,35.8,54.9,65.0,0.155,14,4,0,0.0,10.0,22.3,0,0,1,1,38.76,38.0,4.6,35.8,0
2026-02-06T14:24:00,26.45,24.4,60.8,65.0,0.065,14,4,0,0.0,10.0,35.3,0,0,1,2,26.45,25.0,3.0,31.0,1
2026-02-06T14:42:00,51.0,47.1,54.4,65.0,0.163,14,4,0,0.0,10.0,23.3,0,0,0,2,51.0,50.2,6.0,58.1,1
2026-02-06T15:00:00,17.88,21.5,41.8,50.0,0.164,15,4,0,0.0,10.0,32.8,0,0,1,1,17.88,22.9,2.7,23.6,0
2026-02-06T15:18:00,47.92,44.2,58.1,65.0,0.106,15,4,0,0.4,2.6,26.5,0,0,0,0,47.92,46.1,5.5,51.7,1
2026-02-06T15:36:00,21.89,20.2,58.5,65.0,0.1,15,4,0,0.0,10.0,29.3,0,0,1,2,21.89,21.0,2.5,22.0,0
2026-02-06T15:54:00,53.07,49.0,55.9,65.0,0.14,15,4,0,0.0,10.0,13.7,0,0,0,0,53.07,51.7,6.2,55.7,0
2026-02-06T16:12:00,26.19,24.2,58.9,65.0,0.094,16,4,0,0.0,10.0,34.3,0,0,1,2,26.19,25.1,3.0,26.7,0
2026-02-06T16:30:00,45.0,41.5,55.9,65.0,0.14,16,4,0,0.0,10.0,36.1,0,0,0,0,45.0,43.8,5.3,49.4,1
2026-02-06T16:48:00,41.21,38.0,52.7,65.0,0.189,16,4,0,4.6,2.1,30.3,0,0,0,2,41.21,40.9,4.9,47.2,1
2026-02-06T17:06:00,41.02,37.9,45.1,65.0,0.306,17,4,0,0.0,10.0,33.2,0,0,2,2,41.02,42.5,5.1,53.5,1
2026-02-06T17:24:00,10.43,12.5,35.7,50.0,0.286,17,4,0,0.0,10.0,20.3,0,0,0,2,10.43,13.9,2.0,17.9,1
2026-02-06T17:42:00,16.27,19.5,29.7,50.0,0.406,17,4,0,0.0,10.0,26.3,0,0,1,2,16.27,22.7,2.7,33.3,1
2026-02-06T18:00:00,60.78,56.1,34.8,65.0,0.465,18,4,0,0.0,10.0,16.0,0,0,1,2,60.78,66.5,8.0,101.4,1
2026-02-06T18:18:00,49.32,45.5,38.0,65.0,0.415,18,4,0,0.0,10.0,30.7,0,0,0,2,49.32,53.1,6.4,79.4,1
2026-02-06T18:36:00,60.39,55.7,41.4,65.0,0.363,18,4,0,0.0,10.0,30.6,0,0,1,1,60.39,63.8,7.7,88.4,1
2026-02-06T18:54:00,47.83,44.2,43.4,65.0,0.332,18,4,0,0.0,10.0,29.4,0,0,1,2,47.83,50.1,6.0,65.1,1
2026-02-06T19:12:00,21.67,20.0,45.3,65.0,0.303,19,4,0,0.0,10.0,19.0,0,0,1,2,21.67,22.4,2.7,33.7,1
2026-02-06T19:30:00,40.23,37.1,20.4,65.0,0.686,19,4,0,0.0,10.0,25.0,1,3,1,1,40.23,47.3,5.7,118.8,1
2026-02-06T19:48:00,63.37,58.5,37.5,65.0,0.423,19,4,0,0.0,10.0,36.1,0,0,0,2,63.37,68.4,8.2,101.4,1
2026-02-06T20:06:00,52.44,48.4,38.7,65.0,0.405,20,4,0,0.0,10.0,37.2,0,0,0,1,52.44,56.2,6.7,80.6,1
2026-02-06T20:24:00,27.9,25.8,44.8,65.0,0.311,20,4,0,0.0,10.0,20.5,0,0,1,1,27.9,29.0,3.5,40.0,1
2026-02-06T20:42:00,33.63,31.0,38.2,65.0,0.412,20,4,0,0.0,10.0,15.2,0,0,0,2,33.63,36.1,4.3,52.2,1
2026-02-06T21:00:00,40.16,37.1,53.5,65.0,0.177,21,4,0,0.0,10.0,34.3,0,0,1,2,40.16,39.7,4.8,48.1,1
2026-02-06T21:18:00,57.63,53.2,59.0,65.0,0.092,21,4,0,0.0,10.0,40.9,0,0,1,2,57.63,55.2,6.6,64.7,1
2026-02-06T21:36:00,40.12,37.0,53.1,65.0,0.183,21,4,0,1.3,4.0,24.1,0,0,1,2,40.12,39.7,4.8,42.5,0
2026-02-06T21:54:00,22.38,20.7,58.9,65.0,0.094,21,4,0,0.0,10.0,28.5,0,0,2,2,22.38,21.5,2.6,24.0,1
2026-02-06T22:12:00,57.82,53.4,37.3,65.0,0.426,22,4,0,0.0,10.0,26.5,1,2,1,2,57.82,62.5,7.5,92.7,1
2026-02-06T22:30:00,24.8,22.9,56.1,65.0,0.137,22,4,0,0.0,10.0,19.9,0,0,0,1,24.8,24.2,2.9,27.5,1
2026-02-06T22:48:00,15.18,18.2,41.7,50.0,0.166,22,4,0,0.0,10.0,21.1,0,0,0,0,15.18,19.4,2.3,24.9,1
2026-02-06T23:06:00,37.23,34.4,58.1,65.0,0.106,23,4,0,0.0,10.0,14.7,0,0,2,0,37.23,35.9,4.3,40.2,1
2026-02-06T23:24:00,58.81,54.3,54.0,65.0,0.169,23,4,0,0.0,10.0,35.1,0,0,1,0,58.81,58.0,7.0,64.3,1
2026-02-06T23:42:00,24.84,22.9,51.6,65.0,0.206,23,4,0,2.4,4.2,39.2,0,0,0,1,24.84,24.8,3.0,32.0,1
2026-02-07T00:00:00,20.52,18.9,58.1,65.0,0.106,0,5,1,0.0,10.0,24.8,0,0,1,1,20.52,19.7,2.4,21.9,1
2026-02-07T00:18:00,13.37,16.0,41.9,50.0,0.162,0,5,1,0.0,10.0,25.2,0,0,0,2,13.37,17.0,2.0,16.6,0
2026-02-07T00:36:00,10.02,12.0,47.3,50.0,0.054,0,5,1,0.0,10.0,26.1,0,0,0,0,10.02,12.3,2.0,13.6,0
2026-02-07T00:54:00,31.64,29.2,61.5,65.0,0.054,0,5,1,0.0,10.0,27.8,0,0,1,2,31.64,29.8,3.6,33.6,1
2026-02-07T01:12:00,46.98,43.4,63.6,65.0,0.022,1,5,1,0.0,10.0,34.3,0,0,1,2,46.98,43.8,5.3,44.0,0
2026-02-07T01:30:00,58.83,54.3,61.7,65.0,0.051,1,5,1,0.0,10.0,19.3,0,0,0,0,58.83,55.4,6.6,57.4,0
2026-02-07T01:48:00,30.9,28.5,58.5,65.0,0.1,1,5,1,0.0,10.0,31.6,0,0,0,2,30.9,29.6,3.6,35.2,1
2026-02-07T02:06:00,30.67,28.3,54.2,65.0,0.166,2,5,1,0.0,10.0,27.5,0,0,2,2,30.67,30.2,3.6,37.1,1
2026-02-07T02:24:00,50.93,47.0,54.8,65.0,0.157,2,5,1,0.0,10.0,31.6,0,0,1,1,50.93,50.0,6.0,58.4,1
2026-02-07T02:42:00,33.52,30.9,51.5,65.0,0.208,2,5,1,0.0,10.0,31.1,0,0,1,1,33.52,33.5,4.0,38.6,1
2026-02-07T03:00:00,54.48,50.3,55.9,65.0,0.14,3,5,1,0.0,3.1,29.2,0,0,1,2,54.48,53.1,6.4,61.4,1
2026-02-07T03:18:00,27.4,25.3,59.9,65.0,0.078,3,5,1,0.0,10.0,38.1,0,0,0,1,27.4,26.1,3.1,29.7,1
2026-02-07T03:36:00,48.24,44.5,56.7,65.0,0.128,3,5,1,0.0,10.0,30.6,0,0,2,1,48.24,46.8,5.6,52.7,1
2026-02-07T03:54:00,45.67,42.2,52.6,65.0,0.191,3,5,1,0.3,3.7,31.8,0,0,0,1,45.67,45.4,5.4,53.4,1
2026-02-07T04:12:00,42.03,38.8,58.5,65.0,0.1,4,5,1,0.0,10.0,14.0,0,0,1,1,42.03,40.4,4.8,40.2,0
2026-02-07T04:30:00,51.14,47.2,56.4,65.0,0.132,4,5,1,1.1,2.5,19.4,0,0,1,1,51.14,49.7,6.0,53.7,0
2026-02-07T04:48:00,51.52,47.6,55.0,65.0,0.154,4,5,1,0.0,10.0,17.5,0,0,2,0,51.52,50.5,6.1,57.6,1
2026-02-07T05:06:00,62.92,58.1,59.5,65.0,0.085,5,5,1,0.0,10.0,28.7,0,0,1,0,62.92,60.1,7.2,63.4,0
2026-02-07T05:24:00,14.62,17.5,42.4,50.0,0.152,5,5,1,0.0,10.0,20.6,0,0,0,1,14.62,18.6,2.2,22.2,1
2026-02-07T05:42:00,60.23,55.6,53.6,65.0,0.175,5,5,1,0.0,10.0,33.3,0,0,0,2,60.23,59.5,7.1,64.6,1
2026-02-07T06:00:00,28.24,26.1,46.3,65.0,0.288,6,5,1,7.5,4.5,31.6,0,0,0,1,28.24,29.1,3.5,35.7,1
2026-02-07T06:18:00,36.77,33.9,59.2,65.0,0.089,6,5,1,0.0,10.0,25.9,0,0,1,1,36.77,35.1,4.2,37.2,0
2026-02-07T06:36:00,51.18,47.2,59.5,65.0,0.085,6,5,1,0.0,10.0,23.8,0,0,1,2,51.18,48.8,5.9,50.3,0
2026-02-07T06:54:00,52.54,48.5,57.7,65.0,0.112,6,5,1,0.0,10.0,25.6,0,0,1,1,52.54,50.7,6.1,51.9,0
2026-02-07T07:12:00,50.28,46.4,58.7,65.0,0.097,7,5,1,0.0,10.0,27.7,0,0,2,0,50.28,48.2,5.8,53.8,1
2026-02-07T07:30:00,21.21,19.6,55.6,65.0,0.145,7,5,1,2.4,4.4,28.0,0,0,0,1,21.21,20.7,2.5,22.5,0
2026-02-07T07:48:00,51.28,47.3,57.6,65.0,0.114,7,5,1,0.0,10.0,26.8,0,0,0,2,51.28,49.5,5.9,49.7,0
2026-02-07T08:06:00,59.69,55.1,56.0,65.0,0.138,8,5,1,0.0,10.0,26.7,0,0,1,0,59.69,58.1,7.0,62.2,0
2026-02-07T08:24:00,36.68,33.9,58.1,65.0,0.106,8,5,1,1.0,3.0,19.1,0,0,0,1,36.68,35.3,4.2,41.0,1
2026-02-07T08:42:00,47.78,44.1,57.2,65.0,0.12,8,5,1,0.0,10.0,26.8,0,0,0,2,47.78,46.2,5.5,48.4,0
2026-02-07T09:00:00,9.49,11.4,43.4,50.0,0.132,9,5,1,0.0,10.0,27.9,0,0,0,2,9.49,12.0,2.0,15.9,1
2026-02-07T09:18:00,14.83,17.8,47.5,50.0,0.05,9,5,1,0.0,10.0,32.0,0,0,1,1,14.83,18.2,2.2,21.8,1
2026-02-07T09:36:00,10.22,12.3,39.3,50.0,0.214,9,5,1,0.0,10.0,24.0,0,0,0,1,10.22,13.4,2.0,12.3,0
2026-02-07T09:54:00,12.87,15.4,26.0,50.0,0.48,9,5,1,0.0,10.0,26.2,1,2,1,2,12.87,18.4,2.2,30.0,1
2026-02-07T10:12:00,38.78,35.8,59.7,65.0,0.082,10,5,1,0.0,10.0,26.4,0,0,0,2,38.78,37.0,4.4,35.8,0
2026-02-07T10:30:00,52.13,48.1,55.2,65.0,0.151,10,5,1,2.0,4.1,34.9,0,0,1,2,52.13,51.0,6.1,55.9,1
2026-02-07T10:48:00,42.92,39.6,54.4,65.0,0.163,10,5,1,0.0,10.0,28.3,0,0,0,2,42.92,42.2,5.1,51.0,1
2026-02-07T11:06:00,17.16,20.6,44.6,50.0,0.108,11,5,1,0.0,10.0,25.9,0,0,2,2,17.16,21.5,2.6,20.6,0
2026-02-07T11:24:00,36.47,33.7,57.0,65.0,0.123,11,5,1,0.0,10.0,24.5,0,0,0,2,36.47,35.4,4.2,38.0,0
2026-02-07T11:42:00,36.29,33.5,41.4,65.0,0.363,11,5,1,0.0,10.0,30.7,1,2,0,2,36.29,38.4,4.6,52.2,1
2026-02-07T12:00:00,33.15,30.6,59.9,65.0,0.078,12,5,1,0.0,10.0,34.5,0,0,1,0,33.15,31.6,3.8,34.7,0
2026-02-07T12:18:00,32.73,30.2,54.1,65.0,0.168,12,5,1,0.0,10.0,13.0,0,0,0,2,32.73,32.2,3.9,36.0,1
2026-02-07T12:36:00,14.22,17.1,44.7,50.0,0.106,12,5,1,0.0,10.0,30.3,0,0,1,1,14.22,17.8,2.1,23.7,1
2026-02-07T12:54:00,26.25,24.2,56.6,65.0,0.129,12,5,1,0.0,10.0,12.3,0,0,2,0,26.25,25.4,3.0,31.5,1
2026-02-07T13:12:00,36.11,33.3,54.7,65.0,0.158,13,5,1,0.0,10.0,24.3,0,0,0,2,36.11,35.4,4.2,37.5,0
2026-02-07T13:30:00,54.85,50.6,58.7,65.0,0.097,13,5,1,0.0,10.0,21.4,0,0,1,1,54.85,52.6,6.3,55.6,0
2026-02-07T13:48:00,31.58,29.2,60.9,65.0,0.063,13,5,1,0.0,10.0,34.8,0,0,0,0,31.58,29.9,3.6,33.3,0
2026-02-07T14:06:00,29.89,27.6,53.6,65.0,0.175,14,5,1,0.0,10.0,19.4,0,0,0,2,29.89,29.5,3.5,35.1,1
2026-02-07T14:24:00,62.93,58.1,54.5,65.0,0.162,14,5,1,0.0,10.0,25.9,0,0,2,1,62.93,61.9,7.4,73.2,1
2026-02-07T14:42:00,10.55,12.7,42.1,50.0,0.158,14,5,1,0.0,10.0,34.3,0,0,0,2,10.55,13.5,2.0,12.7,0
2026-02-07T15:00:00,42.5,39.2,54.6,65.0,0.16,15,5,1,0.0,10.0,21.3,0,0,0,2,42.5,41.7,5.0,46.5,1
2026-02-07T15:18:00,39.44,36.4,60.4,65.0,0.071,15,5,1,0.0,10.0,30.6,0,0,1,0,39.44,37.4,4.5,39.8,0
2026-02-07T15:36:00,25.26,23.3,52.4,65.0,0.194,15,5,1,6.0,3.1,34.7,0,0,1,0,25.26,25.1,3.0,29.8,1
2026-02-07T15:54:00,51.48,47.5,54.8,65.0,0.157,15,5,1,0.0,10.0,30.1,0,0,0,2,51.48,50.5,6.1,55.5,1
2026-02-07T16:12:00,14.6,17.5,45.3,50.0,0.094,16,5,1,0.0,10.0,32.3,0,0,0,2,14.6,18.2,2.2,17.5,0
2026-02-07T16:30:00,24.2,22.3,58.1,65.0,0.106,16,5,1,0.0,10.0,28.4,0,0,1,0,24.2,23.2,2.8,27.1,1
2026-02-07T16:48:00,50.72,46.8,56.5,65.0,0.131,16,5,1,0.0,10.0,33.3,0,0,0,2,50.72,49.3,5.9,52.2,0
2026-02-07T17:06:00,55.74,51.5,62.0,65.0,0.046,17,5,1,0.0,10.0,18.8,0,0,0,1,55.74,52.4,6.3,54.9,0
2026-02-07T17:24:00,48.25,44.5,58.7,65.0,0.097,17,5,1,0.0,10.0,39.7,0,0,1,0,48.25,46.2,5.5,47.0,0
2026-02-07T17:42:00,25.83,23.8,59.9,65.0,0.078,17,5,1,0.0,10.0,28.4,0,0,0,2,25.83,24.5,2.9,24.7,0
2026-02-07T18:00:00,53.26,49.2,44.6,65.0,0.314,18,5,1,0.0,10.0,23.6,1,2,1,1,53.26,55.4,6.6,73.9,1
2026-02-07T18:18:00,48.43,44.7,59.7,65.0,0.082,18,5,1,0.0,10.0,29.1,0,0,0,0,48.43,46.2,5.5,52.7,1
2026-02-07T18:36:00,24.86,22.9,54.7,65.0,0.158,18,5,1,0.8,2.3,32.7,0,0,0,1,24.86,24.3,2.9,36.3,1
2026-02-07T18:54:00,28.64,26.4,56.4,65.0,0.132,18,5,1,0.0,10.0,34.2,0,0,1,1,28.64,27.8,3.3,29.0,0
2026-02-07T19:12:00,18.72,22.5,38.2,50.0,0.236,19,5,1,3.8,4.0,33.2,0,0,0,1,18.72,24.6,3.0,26.2,1
2026-02-07T19:30:00,50.88,47.0,56.9,65.0,0.125,19,5,1,0.0,10.0,24.8,0,0,1,1,50.88,49.4,5.9,52.9,0
2026-02-07T19:48:00,39.13,36.1,61.5,65.0,0.054,19,5,1,0.0,10.0,27.8,0,0,1,0,39.13,36.9,4.4,36.2,0
2026-02-07T20:06:00,15.29,18.3,44.6,50.0,0.108,20,5,1,0.0,10.0,21.7,0,0,0,1,15.29,19.1,2.3,18.3,0
2026-02-07T20:24:00,54.71,50.5,53.5,65.0,0.177,20,5,1,0.0,10.0,18.9,0,0,0,2,54.71,54.1,6.5,62.6,1
2026-02-07T20:42:00,13.47,16.2,43.3,50.0,0.134,20,5,1,0.0,10.0,25.2,0,0,1,2,13.47,17.1,2.1,19.4,1
2026-02-07T21:00:00,62.38,57.6,63.2,65.0,0.028,21,5,1,0.0,10.0,20.8,0,0,0,1,62.38,58.2,7.0,58.9,0
2026-02-07T21:18:00,58.34,53.9,53.5,65.0,0.177,21,5,1,0.0,10.0,29.6,0,0,0,1,58.34,57.7,6.9,61.6,0
2026-02-07T21:36:00,49.02,45.2,57.3,65.0,0.118,21,5,1,0.0,10.0,24.0,0,0,0,1,49.02,47.3,5.7,55.7,1
2026-02-07T21:54:00,48.87,45.1,58.1,65.0,0.106,21,5,1,0.0,10.0,29.9,0,0,1,2,48.87,47.0,5.6,49.2,0
2026-02-07T22:12:00,47.37,43.7,59.3,65.0,0.088,22,5,1,0.9,3.8,24.8,0,0,1,1,47.37,45.2,5.4,50.4,1
2026-02-07T22:30:00,37.84,34.9,57.2,65.0,0.12,22,5,1,0.9,3.4,25.7,0,0,0,0,37.84,36.6,4.4,34.9,0
2026-02-07T22:48:00,52.96,48.9,58.6,65.0,0.098,22,5,1,0.0,10.0,25.8,0,0,1,1,52.96,50.8,6.1,56.7,1
2026-02-07T23:06:00,49.78,46.0,36.1,65.0,0.445,23,5,1,0.0,10.0,18.5,1,3,0,2,49.78,54.2,6.5,75.8,1
2026-02-07T23:24:00,50.37,46.5,56.3,65.0,0.134,23,5,1,0.0,10.0,23.3,0,0,2,1,50.37,49.0,5.9,54.1,1
2026-02-07T23:42:00,59.15,54.6,55.1,65.0,0.152,23,5,1,0.0,10.0,38.6,0,0,1,2,59.15,57.9,6.9,60.0,0
2026-02-08T00:00:00,36.16,33.4,56.3,65.0,0.134,0,6,1,0.0,10.0,35.4,0,0,1,2,36.16,35.2,4.2,38.1,0
2026-02-08T00:18:00,53.34,49.2,59.7,65.0,0.082,0,6,1,0.0,10.0,29.5,0,0,0,2,53.34,50.8,6.1,54.0,0
2026-02-08T00:36:00,33.03,30.5,58.9,65.0,0.094,0,6,1,0.0,10.0,26.1,0,0,0,2,33.03,31.6,3.8,33.0,0
2026-02-08T00:54:00,38.37,35.4,49.6,65.0,0.237,0,6,1,6.3,3.5,19.4,0,0,2,0,38.37,38.8,4.7,42.2,1
2026-02-08T01:12:00,55.44,51.2,60.4,65.0,0.071,1,6,1,0.0,10.0,20.0,0,0,0,1,55.44,52.7,6.3,55.0,0
2026-02-08T01:30:00,12.81,15.4,49.2,50.0,0.016,1,6,1,0.0,10.0,27.3,0,0,0,1,12.81,15.5,2.0,17.3,0
2026-02-08T01:48:00,27.56,25.4,59.7,65.0,0.082,1,6,1,0.0,10.0,18.6,0,0,0,2,27.56,26.2,3.1,25.4,0
2026-02-08T02:06:00,52.84,48.8,56.4,65.0,0.132,2,6,1,0.0,10.0,19.2,0,0,0,2,52.84,51.4,6.2,58.1,1
2026-02-08T02:24:00,15.95,19.1,38.6,50.0,0.228,2,6,1,4.8,2.9,24.8,0,0,0,2,15.95,20.8,2.5,25.9,1
2026-02-08T02:42:00,45.77,42.2,54.7,65.0,0.158,2,6,1,0.0,10.0,19.8,0,0,1,0,45.77,44.9,5.4,47.8,0
2026-02-08T03:00:00,55.01,50.8,57.2,65.0,0.12,3,6,1,0.0,10.0,30.7,0,0,1,0,55.01,53.2,6.4,61.6,1
2026-02-08T03:18:00,18.86,22.6,42.9,50.0,0.142,3,6,1,0.0,10.0,21.2,0,0,1,2,18.86,23.9,2.9,29.5,1
2026-02-08T03:36:00,41.63,38.4,54.7,65.0,0.158,3,6,1,0.0,10.0,25.1,0,0,0,2,41.63,40.8,4.9,43.3,0
2026-02-08T03:54:00,56.39,52.1,62.0,65.0,0.046,3,6,1,0.0,10.0,22.5,0,0,0,2,56.39,53.1,6.4,55.1,0
2026-02-08T04:12:00,46.86,43.3,59.0,65.0,0.092,4,6,1,0.0,10.0,29.2,0,0,1,2,46.86,44.9,5.4,46.8,0
2026-02-08T04:30:00,20.69,19.1,39.7,65.0,0.389,4,6,1,1.0,2.6,19.0,1,2,0,2,20.69,22.1,2.7,29.3,1
2026-02-08T04:48:00,63.11,58.3,61.3,65.0,0.057,4,6,1,0.0,10.0,26.9,0,0,2,2,63.11,59.6,7.2,70.7,1
2026-02-08T05:06:00,64.54,59.6,60.4,65.0,0.071,5,6,1,0.0,10.0,33.3,0,0,2,1,64.54,61.3,7.4,64.8,0
2026-02-08T05:24:00,46.87,43.3,52.9,65.0,0.186,5,6,1,0.0,10.0,12.9,0,0,0,0,46.87,46.5,5.6,55.4,1
2026-02-08T05:42:00,11.38,13.7,28.9,50.0,0.422,5,6,1,0.0,10.0,22.3,1,2,1,0,11.38,16.0,2.0,22.1,1
2026-02-08T06:00:00,44.57,41.1,58.0,65.0,0.108,6,6,1,0.0,10.0,23.8,0,0,0,2,44.57,42.9,5.1,42.1,0
2026-02-08T06:18:00,26.33,24.3,57.1,65.0,0.122,6,6,1,0.0,10.0,21.5,0,0,1,0,26.33,25.5,3.1,26.7,0
2026-02-08T06:36:00,54.76,50.5,52.2,65.0,0.197,6,6,1,0.0,10.0,21.4,1,1,0,2,54.76,54.5,6.5,61.7,1
2026-02-08T06:54:00,33.43,30.9,58.7,65.0,0.097,6,6,1,0.0,10.0,22.6,0,0,1,1,33.43,32.1,3.9,34.9,0
2026-02-08T07:12:00,42.24,39.0,56.3,65.0,0.134,7,6,1,0.0,10.0,25.6,0,0,0,0,42.24,41.1,4.9,39.1,0
2026-02-08T07:30:00,16.98,20.4,46.7,50.0,0.066,7,6,1,0.0,10.0,27.9,0,0,0,0,16.98,20.9,2.5,20.4,0
2026-02-08T07:48:00,41.67,38.5,53.2,65.0,0.182,7,6,1,0.0,10.0,30.0,1,1,2,1,41.67,41.3,5.0,48.7,1
2026-02-08T08:06:00,14.87,17.8,45.4,50.0,0.092,8,6,1,0.0,10.0,37.5,0,0,0,2,14.87,18.5,2.2,22.7,1
2026-02-08T08:24:00,26.65,24.6,57.1,65.0,0.122,8,6,1,0.0,10.0,31.7,0,0,1,2,26.65,25.8,3.1,24.8,0
2026-02-08T08:42:00,39.68,36.6,54.4,65.0,0.163,8,6,1,0.0,10.0,27.3,0,0,0,2,39.68,39.0,4.7,41.1,0
2026-02-08T09:00:00,13.28,15.9,22.5,50.0,0.55,9,6,1,0.0,10.0,33.0,1,3,0,1,13.28,19.4,2.3,38.3,1
2026-02-08T09:18:00,64.62,59.6,55.4,65.0,0.148,9,6,1,0.0,10.0,24.4,0,0,1,0,64.62,63.1,7.6,69.5,1
2026-02-08T09:36:00,11.88,14.3,37.8,50.0,0.244,9,6,1,6.2,2.3,36.2,0,0,0,1,11.88,15.7,2.0,17.9,1
2026-02-08T09:54:00,14.47,17.4,46.4,50.0,0.072,9,6,1,0.0,10.0,27.0,0,0,1,2,14.47,17.9,2.1,20.9,1
2026-02-08T10:12:00,59.02,54.5,57.8,65.0,0.111,10,6,1,0.0,10.0,17.2,0,0,1,2,59.02,56.9,6.8,64.5,1
2026-02-08T10:30:00,53.95,49.8,61.8,65.0,0.049,10,6,1,0.8,4.0,29.7,0,0,0,1,53.95,50.8,6.1,52.9,0
2026-02-08T10:48:00,62.83,58.0,59.5,65.0,0.085,10,6,1,0.0,10.0,27.7,0,0,0,2,62.83,60.0,7.2,63.3,0
2026-02-08T11:06:00,26.83,24.8,53.4,65.0,0.178,11,6,1,0.0,10.0,20.7,0,0,2,1,26.83,26.6,3.2,31.5,1
2026-02-08T11:24:00,49.04,45.3,58.1,65.0,0.106,11,6,1,0.0,10.0,27.0,0,0,1,2,49.04,47.2,5.7,47.6,0
2026-02-08T11:42:00,32.0,29.5,61.7,65.0,0.051,11,6,1,0.0,10.0,44.5,0,0,2,2,32.0,30.1,3.6,33.2,0
2026-02-08T12:00:00,57.05,52.7,59.2,65.0,0.089,12,6,1,0.0,10.0,34.3,0,0,2,1,57.05,54.6,6.6,55.7,0
2026-02-08T12:18:00,43.21,39.9,58.6,65.0,0.098,12,6,1,0.0,10.0,17.1,0,0,1,0,43.21,41.5,5.0,40.7,0
2026-02-08T12:36:00,49.83,46.0,59.6,65.0,0.083,12,6,1,0.0,10.0,28.1,0,0,0,0,49.83,47.5,5.7,47.7,0
2026-02-08T12:54:00,16.45,19.7,46.6,50.0,0.068,12,6,1,0.0,10.0,24.0,0,0,0,2,16.45,20.2,2.4,21.3,0
2026-02-08T13:12:00,50.4,46.5,49.1,65.0,0.245,13,6,1,7.8,3.2,19.8,0,0,1,2,50.4,51.1,6.1,61.6,1
2026-02-08T13:30:00,56.2,51.9,60.6,65.0,0.068,13,6,1,0.0,10.0,28.9,0,0,0,2,56.2,53.3,6.4,57.7,0
2026-02-08T13:48:00,43.15,39.8,57.6,65.0,0.114,13,6,1,0.0,10.0,27.5,0,0,2,0,43.15,41.6,5.0,42.1,0
2026-02-08T14:06:00,57.86,53.4,57.3,65.0,0.118,14,6,1,0.0,10.0,24.2,0,0,2,2,57.86,55.9,6.7,61.9,1
2026-02-08T14:24:00,38.4,35.4,60.0,65.0,0.077,14,6,1,0.0,10.0,26.2,0,0,0,1,38.4,36.5,4.4,37.9,0
2026-02-08T14:42:00,20.9,19.3,53.5,65.0,0.177,14,6,1,0.0,10.0,27.0,0,0,0,1,20.9,20.7,2.5,23.2,1
2026-02-08T15:00:00,9.12,10.9,50.1,50.0,0.0,15,6,1,0.0,10.0,28.2,0,0,0,2,9.12,10.9,2.0,10.9,0
2026-02-08T15:18:00,37.14,34.3,56.0,65.0,0.138,15,6,1,0.0,10.0,27.6,0,0,1,1,37.14,36.2,4.3,42.0,1
2026-02-08T15:36:00,40.58,37.5,57.7,65.0,0.112,15,6,1,0.0,10.0,34.0,0,0,0,1,40.58,39.2,4.7,40.2,0
2026-02-08T15:54:00,14.47,17.4,41.6,50.0,0.168,15,6,1,0.0,10.0,26.0,0,0,0,0,14.47,18.6,2.2,21.9,1
2026-02-08T16:12:00,40.75,37.6,18.0,65.0,0.723,16,6,1,17.1,3.5,40.9,1,3,0,2,40.75,48.5,5.8,134.7,1
2026-02-08T16:30:00,46.82,43.2,52.7,65.0,0.189,16,6,1,0.0,10.0,32.4,0,0,2,1,46.82,46.5,5.6,51.6,1
2026-02-08T16:48:00,45.92,42.4,59.5,65.0,0.085,16,6,1,0.0,10.0,29.9,0,0,1,2,45.92,43.8,5.3,46.4,0
2026-02-08T17:06:00,27.16,25.1,58.5,65.0,0.1,17,6,1,0.0,10.0,20.6,0,0,0,2,27.16,26.1,3.1,25.1,0
2026-02-08T17:24:00,10.86,13.0,39.8,50.0,0.204,17,6,1,2.0,3.3,30.3,0,0,2,1,10.86,14.1,2.0,15.2,1
2026-02-08T17:42:00,24.2,22.3,54.4,65.0,0.163,17,6,1,0.0,10.0,15.8,0,0,0,2,24.2,23.8,2.9,28.7,1
2026-02-08T18:00:00,53.76,49.6,55.6,65.0,0.145,18,6,1,0.0,10.0,31.7,0,0,1,0,53.76,52.5,6.3,55.9,0
2026-02-08T18:18:00,62.11,57.3,60.0,65.0,0.077,18,6,1,0.0,10.0,24.5,0,0,0,2,62.11,59.1,7.1,63.3,0
2026-02-08T18:36:00,8.64,10.4,42.9,50.0,0.142,18,6,1,0.0,10.0,25.3,0,0,1,1,8.64,11.0,2.0,18.5,1
2026-02-08T18:54:00,13.48,16.2,44.1,50.0,0.118,18,6,1,0.0,10.0,29.3,0,0,0,1,13.48,17.0,2.0,16.2,0
2026-02-08T19:12:00,40.71,37.6,60.4,65.0,0.071,19,6,1,0.0,10.0,25.0,0,0,0,1,40.71,38.7,4.6,42.3,0
2026-02-08T19:30:00,23.14,21.4,56.4,65.0,0.132,19,6,1,0.6,5.0,23.5,0,0,1,2,23.14,22.5,2.7,24.6,0
2026-02-08T19:48:00,37.6,34.7,37.0,65.0,0.431,19,6,1,0.0,10.0,38.6,1,2,0,0,37.6,40.7,4.9,60.3,1
2026-02-08T20:06:00,17.24,20.7,42.3,50.0,0.154,20,6,1,0.2,4.1,26.9,0,0,0,0,17.24,22.0,2.6,26.3,1
2026-02-08T20:24:00,34.57,31.9,56.8,65.0,0.126,20,6,1,0.0,10.0,24.9,0,0,1,2,34.57,33.5,4.0,38.8,1
2026-02-08T20:42:00,20.42,18.8,58.3,65.0,0.103,20,6,1,0.0,10.0,28.1,0,0,0,0,20.42,19.6,2.4,21.9,1
2026-02-08T21:00:00,31.75,29.3,58.8,65.0,0.095,21,6,1,0.0,10.0,25.2,0,0,0,2,31.75,30.4,3.6,29.3,0
2026-02-08T21:18:00,35.6,32.9,55.7,65.0,0.143,21,6,1,0.0,10.0,28.5,0,0,2,2,35.6,34.8,4.2,40.7,1
2026-02-08T21:36:00,41.38,38.2,58.8,65.0,0.095,21,6,1,0.0,10.0,23.9,0,0,1,2,41.38,39.7,4.8,39.3,0
2026-02-08T21:54:00,28.0,25.8,51.0,65.0,0.215,21,6,1,0.1,4.5,36.1,0,0,0,2,28.0,28.0,3.4,35.4,1
2026-02-08T22:12:00,21.05,19.4,58.7,65.0,0.097,22,6,1,0.0,10.0,40.6,0,0,1,1,21.05,20.2,2.4,25.1,1
2026-02-08T22:30:00,44.5,41.1,56.0,65.0,0.138,22,6,1,0.0,10.0,32.3,0,0,1,2,44.5,43.4,5.2,50.8,1
2026-02-08T22:48:00,57.94,53.5,56.0,65.0,0.138,22,6,1,0.0,10.0,34.7,0,0,0,2,57.94,56.5,6.8,65.7,1
2026-02-08T23:06:00,49.7,45.9,55.0,65.0,0.154,23,6,1,0.0,10.0,31.2,0,0,0,1,49.7,48.7,5.8,56.1,1
2026-02-08T23:24:00,38.74,35.8,57.8,65.0,0.111,23,6,1,0.0,10.0,32.6,0,0,1,1,38.74,37.4,4.5,42.9,1
2026-02-08T23:42:00,19.98,24.0,41.9,50.0,0.162,23,6,1,0.0,10.0,15.0,0,0,0,1,19.98,25.6,3.1,31.8,1
2026-02-09T00:00:00,23.11,21.3,52.0,65.0,0.2,0,0,0,2.1,4.2,23.4,0,0,1,2,23.11,23.0,2.8,22.5,0
2026-02-09T00:18:00,52.06,48.1,51.7,65.0,0.205,0,0,0,0.0,10.0,17.2,0,0,0,2,52.06,52.0,6.2,60.6,1
2026-02-09T00:36:00,47.47,43.8,55.9,65.0,0.14,0,0,0,0.0,10.0,27.5,0,0,0,2,47.47,46.3,5.6,47.4,0
2026-02-09T00:54:00,36.0,33.2,58.6,65.0,0.098,0,0,0,0.0,10.0,20.7,0,0,0,2,36.0,34.5,4.1,35.4,0
2026-02-09T01:12:00,33.93,31.3,60.8,65.0,0.065,1,0,0,0.0,10.0,32.7,0,0,0,2,33.93,32.1,3.9,32.1,0
2026-02-09T01:30:00,64.29,59.3,55.3,65.0,0.149,1,0,0,0.0,10.0,25.7,0,0,0,2,64.29,62.8,7.5,69.3,1
2026-02-09T01:48:00,8.11,9.7,45.6,50.0,0.088,1,0,0,0.0,10.0,28.3,0,0,1,2,8.11,10.0,2.0,10.1,0
2026-02-09T02:06:00,50.16,46.3,61.1,65.0,0.06,2,0,0,0.0,10.0,29.6,0,0,0,2,50.16,47.4,5.7,52.7,0
2026-02-09T02:24:00,37.92,35.0,56.9,65.0,0.125,2,0,0,0.0,10.0,14.2,0,0,0,2,37.92,36.8,4.4,35.8,0
2026-02-09T02:42:00,47.35,43.7,60.1,65.0,0.075,2,0,0,0.0,10.0,26.5,0,0,1,2,47.35,45.0,5.4,46.3,0
2026-02-09T03:00:00,36.6,33.8,54.2,65.0,0.166,3,0,0,0.0,10.0,31.3,0,0,2,2,36.6,36.0,4.3,43.2,1
2026-02-09T03:18:00,41.52,38.3,55.3,65.0,0.149,3,0,0,0.0,10.0,16.6,0,0,1,1,41.52,40.6,4.9,40.5,0
2026-02-09T03:36:00,22.43,20.7,57.7,65.0,0.112,3,0,0,0.0,10.0,27.6,0,0,0,2,22.43,21.6,2.6,23.0,0
2026-02-09T03:54:00,33.06,30.5,57.3,65.0,0.118,3,0,0,0.9,2.6,14.3,0,0,1,2,33.06,31.9,3.8,33.8,0
2026-02-09T04:12:00,58.04,53.6,58.0,65.0,0.108,4,0,0,0.0,10.0,20.5,0,0,0,2,58.04,55.9,6.7,61.3,0
2026-02-09T04:30:00,15.38,18.5,43.0,50.0,0.14,4,0,0,0.0,10.0,25.3,0,0,1,2,15.38,19.5,2.3,24.8,1
2026-02-09T04:48:00,39.43,36.4,59.6,65.0,0.083,4,0,0,1.6,4.6,25.5,0,0,1,2,39.43,37.6,4.5,39.4,0
2026-02-09T05:06:00,16.25,19.5,44.9,50.0,0.102,5,0,0,0.0,10.0,23.2,0,0,0,2,16.25,20.3,2.4,24.5,1
2026-02-09T05:24:00,40.57,37.4,55.3,65.0,0.149,5,0,0,0.0,10.0,20.6,0,0,0,2,40.57,39.6,4.8,41.8,0
2026-02-09T05:42:00,16.91,20.3,39.2,50.0,0.216,5,0,0,1.9,4.4,30.1,0,0,0,2,16.91,22.1,2.7,25.2,1
2026-02-09T06:00:00,13.7,16.4,38.9,50.0,0.222,6,0,0,1.8,3.5,30.4,0,0,0,1,13.7,17.9,2.1,19.9,1
2026-02-09T06:18:00,62.03,57.3,59.1,65.0,0.091,6,0,0,0.0,10.0,26.1,0,0,1,2,62.03,59.4,7.1,61.6,0
2026-02-09T06:36:00,48.58,44.8,52.4,65.0,0.194,6,0,0,3.2,4.0,32.3,0,0,2,2,48.58,48.3,5.8,55.2,1
2026-02-09T06:54:00,54.59,50.4,52.2,65.0,0.197,6,0,0,0.0,10.0,17.9,0,0,0,2,54.59,54.4,6.5,61.6,1
2026-02-09T07:12:00,20.09,18.5,53.8,65.0,0.172,7,0,0,0.0,10.0,37.8,0,0,1,0,20.09,19.8,2.4,26.7,1
2026-02-09T07:30:00,14.36,17.2,44.3,50.0,0.114,7,0,0,0.0,10.0,34.6,0,0,2,2,14.36,18.0,2.2,22.6,1
2026-02-09T07:48:00,45.52,42.0,57.9,65.0,0.109,7,0,0,0.0,10.0,22.9,0,0,1,2,45.52,43.8,5.3,50.4,1
2026-02-09T08:06:00,19.94,23.9,25.7,50.0,0.486,8,0,0,1.5,2.4,31.1,0,0,1,0,19.94,28.5,3.4,40.6,1
2026-02-09T08:24:00,53.18,49.1,40.1,65.0,0.383,8,0,0,0.0,10.0,25.6,0,0,1,2,53.18,56.6,6.8,81.5,1
2026-02-09T08:42:00,35.62,32.9,45.0,65.0,0.308,8,0,0,0.0,10.0,25.1,0,0,1,1,35.62,37.0,4.4,46.8,1
2026-02-09T09:00:00,43.31,40.0,42.0,65.0,0.354,9,0,0,0.0,10.0,28.3,0,0,0,0,43.31,45.7,5.5,64.6,1
2026-02-09T09:18:00,45.5,42.0,40.8,65.0,0.372,9,0,0,0.0,10.0,29.7,0,0,0,1,45.5,48.2,5.8,65.0,1
2026-02-09T09:36:00,11.34,13.6,18.0,50.0,0.64,9,0,0,0.0,10.0,22.5,1,3,1,0,11.34,17.1,2.1,36.1,1
2026-02-09T09:54:00,55.08,50.8,37.3,65.0,0.426,9,0,0,3.4,4.6,31.0,0,0,1,2,55.08,59.5,7.1,89.7,1
2026-02-09T10:12:00,31.11,28.7,36.3,65.0,0.442,10,0,0,0.0,10.0,29.1,0,0,0,1,31.11,33.8,4.1,60.6,1
2026-02-09T10:30:00,10.07,12.1,24.1,50.0,0.518,10,0,0,0.0,10.0,28.1,0,0,0,1,10.07,14.6,2.0,27.2,1
2026-02-09T10:48:00,45.74,42.2,40.3,65.0,0.38,10,0,0,0.0,10.0,35.8,0,0,0,2,45.74,48.6,5.8,67.1,1
2026-02-09T11:06:00,29.52,27.2,32.2,65.0,0.505,11,0,0,0.0,10.0,25.2,1,3,2,0,29.52,32.7,3.9,54.0,1
2026-02-09T11:24:00,9.9,11.9,44.3,50.0,0.114,11,0,0,0.0,10.0,31.1,0,0,1,2,9.9,12.4,2.0,17.8,1
2026-02-09T11:42:00,62.25,57.5,55.6,65.0,0.145,11,0,0,0.0,10.0,25.1,0,0,1,2,62.25,60.8,7.3,67.8,1
2026-02-09T12:00:00,46.96,43.3,60.4,65.0,0.071,12,0,0,0.0,10.0,31.4,0,0,0,0,46.96,44.5,5.3,43.3,0
2026-02-09T12:18:00,8.6,10.3,44.5,50.0,0.11,12,0,0,0.0,10.0,24.6,0,0,0,1,8.6,10.8,2.0,10.3,0
2026-02-09T12:36:00,27.96,25.8,58.1,65.0,0.106,12,0,0,0.0,10.0,16.9,0,0,0,0,27.96,26.9,3.2,32.8,1
2026-02-09T12:54:00,11.25,13.5,44.6,50.0,0.108,12,0,0,0.0,10.0,24.6,0,0,1,1,11.25,14.1,2.0,19.2,1
2026-02-09T13:12:00,25.86,23.9,56.8,65.0,0.126,13,0,0,1.5,2.5,27.5,0,0,2,0,25.86,25.1,3.0,29.8,1
2026-02-09T13:30:00,11.65,14.0,39.0,50.0,0.22,13,0,0,0.0,10.0,25.6,0,0,2,2,11.65,15.2,2.0,19.1,1
2026-02-09T13:48:00,33.48,30.9,59.3,65.0,0.088,13,0,0,0.0,10.0,35.6,0,0,1,2,33.48,32.0,3.8,30.9,0
2026-02-09T14:06:00,62.48,57.7,54.0,65.0,0.169,14,0,0,0.0,10.0,17.9,0,0,0,1,62.48,61.6,7.4,74.2,1
2026-02-09T14:24:00,18.94,22.7,41.9,50.0,0.162,14,0,0,0.0,10.0,16.1,0,0,0,2,18.94,24.2,2.9,26.3,1
2026-02-09T14:42:00,41.72,38.5,55.7,65.0,0.143,14,0,0,0.0,10.0,23.5,0,0,1,2,41.72,40.7,4.9,43.2,0
2026-02-09T15:00:00,32.1,29.6,54.6,65.0,0.16,15,0,0,0.0,10.0,13.2,0,0,2,0,32.1,31.5,3.8,31.6,0
2026-02-09T15:18:00,33.6,31.0,59.1,65.0,0.091,15,0,0,0.0,10.0,21.3,0,0,2,2,33.6,32.1,3.9,31.3,0
2026-02-09T15:36:00,46.58,43.0,55.8,65.0,0.142,15,0,0,0.0,10.0,24.8,0,0,1,2,46.58,45.4,5.4,48.8,0
2026-02-09T15:54:00,8.09,9.7,47.7,50.0,0.046,15,0,0,0.0,10.0,36.8,0,0,0,1,8.09,9.9,2.0,9.7,0
2026-02-09T16:12:00,11.89,14.3,30.4,50.0,0.392,16,0,0,0.0,10.0,17.3,1,2,1,2,11.89,16.5,2.0,20.8,1
2026-02-09T16:30:00,24.59,22.7,51.0,65.0,0.215,16,0,0,0.0,10.0,17.0,0,0,0,2,24.59,24.7,3.0,25.9,0
2026-02-09T16:48:00,12.88,15.5,38.2,50.0,0.236,16,0,0,0.0,10.0,30.1,0,0,0,0,12.88,17.0,2.0,21.0,1
2026-02-09T17:06:00,42.11,38.9,33.3,65.0,0.488,17,0,0,4.5,3.8,32.6,0,0,1,2,42.11,46.5,5.6,80.5,1
2026-02-09T17:24:00,48.89,45.1,18.0,65.0,0.723,17,0,0,0.0,10.0,29.6,1,3,0,1,48.89,58.1,7.0,161.8,1
2026-02-09T17:42:00,58.22,53.7,35.9,65.0,0.448,17,0,0,0.0,10.0,22.5,0,0,0,1,58.22,63.3,7.6,97.9,1
2026-02-09T18:00:00,48.71,45.0,42.8,65.0,0.342,18,0,0,0.0,10.0,29.3,0,0,0,2,48.71,51.2,6.1,68.7,1
2026-02-09T18:18:00,53.02,48.9,41.5,65.0,0.362,18,0,0,0.0,10.0,29.5,0,0,0,2,53.02,56.0,6.7,77.9,1
2026-02-09T18:36:00,27.05,25.0,41.7,65.0,0.358,18,0,0,0.0,10.0,24.6,0,0,1,2,27.05,28.6,3.4,42.9,1
2026-02-09T18:54:00,18.49,22.2,31.2,50.0,0.376,18,0,0,0.0,10.0,23.4,0,0,0,2,18.49,25.5,3.1,40.7,1
2026-02-09T19:12:00,61.05,56.4,33.5,65.0,0.485,19,0,0,4.3,4.0,20.7,0,0,1,1,61.05,67.3,8.1,110.2,1
2026-02-09T19:30:00,54.7,50.5,38.3,65.0,0.411,19,0,0,3.9,2.7,32.3,0,0,0,1,54.7,58.8,7.1,87.4,1
2026-02-09T19:48:00,33.29,30.7,44.2,65.0,0.32,19,0,0,0.0,10.0,30.5,0,0,1,0,33.29,34.6,4.2,48.4,1
2026-02-09T20:06:00,51.29,47.3,44.2,65.0,0.32,20,0,0,0.0,10.0,35.0,0,0,0,1,51.29,53.4,6.4,74.2,1
2026-02-09T20:24:00,11.96,14.4,33.4,50.0,0.332,20,0,0,0.0,10.0,16.3,0,0,0,2,11.96,16.3,2.0,20.7,1
2026-02-09T20:42:00,28.12,26.0,43.9,65.0,0.325,20,0,0,0.0,10.0,32.7,0,0,1,1,28.12,29.4,3.5,38.5,1
2026-02-09T21:00:00,9.74,11.7,43.8,50.0,0.124,21,0,0,0.0,10.0,28.8,0,0,2,1,9.74,12.3,2.0,15.2,1
2026-02-09T21:18:00,46.75,43.2,60.5,65.0,0.069,21,0,0,0.0,10.0,15.3,0,0,2,2,46.75,44.4,5.3,45.2,0
2026-02-09T21:36:00,12.22,14.7,42.0,50.0,0.16,21,0,0,0.0,10.0,27.0,0,0,0,2,12.22,15.6,2.0,18.9,1
2026-02-09T21:54:00,62.79,58.0,55.8,65.0,0.142,21,0,0,0.0,10.0,36.2,0,0,0,1,62.79,61.3,7.4,70.4,1
2026-02-09T22:12:00,57.06,52.7,49.3,65.0,0.242,22,0,0,0.0,10.0,29.6,1,1,2,2,57.06,57.8,6.9,67.9,1
2026-02-09T22:30:00,21.03,19.4,44.5,65.0,0.315,22,0,0,0.0,10.0,20.3,1,2,0,2,21.03,21.8,2.6,23.6,1
2026-02-09T22:48:00,24.88,23.0,56.2,65.0,0.135,22,0,0,0.0,10.0,36.7,0,0,1,2,24.88,24.2,2.9,24.4,0
2026-02-09T23:06:00,28.21,26.0,63.7,65.0,0.02,23,0,0,0.0,10.0,24.5,0,0,0,0,28.21,26.2,3.1,26.0,0
2026-02-09T23:24:00,57.36,52.9,60.2,65.0,0.074,23,0,0,0.0,10.0,40.2,0,0,2,1,57.36,54.5,6.5,57.8,0
2026-02-09T23:42:00,12.84,15.4,45.5,50.0,0.09,23,0,0,1.2,2.6,39.3,0,0,1,0,12.84,16.0,2.0,16.3,0
2026-02-10T00:00:00,20.3,18.7,58.8,65.0,0.095,0,1,0,0.0,10.0,24.9,0,0,1,2,20.3,19.4,2.3,21.8,1
2026-02-10T00:18:00,49.29,45.5,60.2,65.0,0.074,0,1,0,0.0,10.0,29.6,0,0,2,2,49.29,46.8,5.6,48.0,0
2026-02-10T00:36:00,30.72,28.4,53.7,65.0,0.174,0,1,0,6.4,2.5,20.2,0,0,1,2,30.72,30.4,3.6,31.4,0
2026-02-10T00:54:00,52.95,48.9,54.8,65.0,0.157,0,1,0,0.0,10.0,19.8,0,0,1,2,52.95,52.0,6.2,57.9,1
2026-02-10T01:12:00,58.69,54.2,49.9,65.0,0.232,1,1,0,0.0,10.0,19.8,1,1,2,0,58.69,59.2,7.1,71.7,1
2026-02-10T01:30:00,55.09,50.9,59.8,65.0,0.08,1,1,0,0.0,10.0,32.6,0,0,1,0,55.09,52.5,6.3,56.1,0
2026-02-10T01:48:00,35.02,32.3,59.6,65.0,0.083,1,1,0,0.0,10.0,27.2,0,0,2,2,35.02,33.4,4.0,37.4,1
2026-02-10T02:06:00,9.09,10.9,46.0,50.0,0.08,2,1,0,0.0,10.0,11.9,0,0,2,1,9.09,11.2,2.0,11.7,0
2026-02-10T02:24:00,41.59,38.4,56.5,65.0,0.131,2,1,0,0.0,10.0,22.6,0,0,0,1,41.59,40.4,4.8,42.8,0
2026-02-10T02:42:00,39.64,36.6,54.2,65.0,0.166,2,1,0,0.0,10.0,14.1,0,0,0,1,39.64,39.0,4.7,43.2,1
2026-02-10T03:00:00,18.78,22.5,31.3,50.0,0.374,3,1,0,8.0,3.6,26.5,0,0,1,2,18.78,25.9,3.1,32.9,1
2026-02-10T03:18:00,34.49,31.8,55.1,65.0,0.152,3,1,0,0.0,10.0,37.3,0,0,1,1,34.49,33.7,4.0,35.2,0
2026-02-10T03:36:00,53.62,49.5,56.2,65.0,0.135,3,1,0,0.0,10.0,21.8,0,0,0,1,53.62,52.2,6.3,58.6,1
2026-02-10T03:54:00,58.78,54.3,56.9,65.0,0.125,3,1,0,0.0,10.0,26.5,0,0,1,2,58.78,57.0,6.8,61.4,0
2026-02-10T04:12:00,25.1,23.2,52.0,65.0,0.2,4,1,0,2.3,2.6,25.9,0,0,1,1,25.1,25.1,3.0,29.5,1
2026-02-10T04:30:00,9.5,11.4,44.3,50.0,0.114,4,1,0,0.0,10.0,25.3,0,0,0,1,9.5,11.9,2.0,14.2,1
2026-02-10T04:48:00,30.56,28.2,53.0,65.0,0.185,4,1,0,0.0,10.0,27.0,0,0,1,1,30.56,30.3,3.6,30.7,0
2026-02-10T05:06:00,10.6,12.7,41.2,50.0,0.176,5,1,0,0.0,10.0,32.9,0,0,1,0,10.6,13.6,2.0,17.2,1
2026-02-10T05:24:00,13.75,16.5,38.3,50.0,0.234,5,1,0,0.0,10.0,26.6,0,0,0,2,13.75,18.0,2.2,21.6,1
2026-02-10T05:42:00,15.11,18.1,47.4,50.0,0.052,5,1,0,0.0,10.0,25.6,0,0,1,2,15.11,18.5,2.2,22.5,1
2026-02-10T06:00:00,23.22,21.4,58.4,65.0,0.102,6,1,0,0.0,10.0,34.2,0,0,1,1,23.22,22.3,2.7,24.3,0
2026-02-10T06:18:00,54.39,50.2,46.9,65.0,0.278,6,1,0,0.0,10.0,23.3,1,1,0,2,54.39,55.8,6.7,68.3,1
2026-02-10T06:36:00,56.87,52.5,54.2,65.0,0.166,6,1,0,0.0,10.0,19.8,0,0,0,0,56.87,56.0,6.7,63.8,1
2026-02-10T06:54:00,45.85,42.3,43.8,65.0,0.326,6,1,0,0.0,10.0,25.5,1,2,1,1,45.85,47.8,5.7,62.8,1
2026-02-10T07:12:00,9.8,11.8,37.8,50.0,0.244,7,1,0,0.0,10.0,30.4,0,0,0,1,9.8,13.0,2.0,16.0,1
2026-02-10T07:30:00,46.08,42.5,51.3,65.0,0.211,7,1,0,0.0,10.0,29.7,0,0,0,1,46.08,46.1,5.5,49.7,1
2026-02-10T07:48:00,33.2,30.6,54.1,65.0,0.168,7,1,0,0.0,10.0,14.5,0,0,2,0,33.2,32.7,3.9,36.1,1
2026-02-10T08:06:00,50.53,46.6,39.7,65.0,0.389,8,1,0,0.0,10.0,33.8,0,0,1,1,50.53,53.9,6.5,75.4,1
2026-02-10T08:24:00,36.57,33.8,18.0,65.0,0.723,8,1,0,0.0,10.0,30.3,1,3,1,1,36.57,43.6,5.2,123.3,1
2026-02-10T08:42:00,11.39,13.7,28.4,50.0,0.432,8,1,0,0.0,10.0,16.9,0,0,1,0,11.39,16.1,2.0,23.7,1
2026-02-10T09:00:00,22.83,21.1,38.9,65.0,0.402,9,1,0,0.0,10.0,26.3,0,0,0,1,22.83,24.5,2.9,38.3,1
2026-02-10T09:18:00,61.31,56.6,34.0,65.0,0.477,9,1,0,0.0,10.0,32.8,0,0,1,1,61.31,67.4,8.1,108.0,1
2026-02-10T09:36:00,61.17,56.5,36.9,65.0,0.432,9,1,0,0.0,10.0,20.3,0,0,0,2,61.17,66.3,8.0,97.6,1
2026-02-10T09:54:00,31.42,29.0,20.3,65.0,0.688,9,1,0,0.0,10.0,26.2,1,2,0,0,31.42,37.0,4.4,92.6,1
2026-02-10T10:12:00,64.64,59.7,37.9,65.0,0.417,10,1,0,0.0,10.0,23.9,0,0,1,1,64.64,69.7,8.4,103.6,1
2026-02-10T10:30:00,22.87,21.1,37.1,65.0,0.429,10,1,0,0.0,10.0,31.9,0,0,0,1,22.87,24.7,3.0,38.1,1
2026-02-10T10:48:00,17.81,21.4,31.6,50.0,0.368,10,1,0,0.0,10.0,20.2,0,0,0,2,17.81,24.6,3.0,36.6,1
2026-02-10T11:06:00,52.59,48.5,57.2,65.0,0.12,11,1,0,0.0,10.0,20.3,0,0,1,1,52.59,50.8,6.1,54.6,0
2026-02-10T11:24:00,21.66,20.0,49.0,65.0,0.246,11,1,0,2.1,2.2,16.9,0,0,1,2,21.66,22.0,2.6,27.1,1
2026-02-10T11:42:00,53.8,49.7,54.2,65.0,0.166,11,1,0,0.0,10.0,23.0,0,0,0,1,53.8,53.0,6.4,61.5,1
2026-02-10T12:00:00,28.42,26.2,57.6,65.0,0.114,12,1,0,0.0,10.0,37.7,0,0,0,0,28.42,27.4,3.3,29.8,0
2026-02-10T12:18:00,47.41,43.8,64.2,65.0,0.012,12,1,0,0.0,10.0,17.0,0,0,1,0,47.41,44.0,5.3,43.8,0
2026-02-10T12:36:00,45.41,41.9,54.5,65.0,0.162,12,1,0,0.0,10.0,26.8,0,0,2,2,45.41,44.6,5.4,46.8,0
2026-02-10T12:54:00,26.97,24.9,51.8,65.0,0.203,12,1,0,0.0,10.0,27.0,0,0,0,2,26.97,26.9,3.2,29.1,1
2026-02-10T13:12:00,56.46,52.1,61.4,65.0,0.055,13,1,0,0.0,10.0,21.9,0,0,0,2,56.46,53.2,6.4,52.6,0
2026-02-10T13:30:00,14.53,17.4,46.0,50.0,0.08,13,1,0,1.2,3.0,25.6,0,0,0,2,14.53,18.0,2.2,19.3,0
2026-02-10T13:48:00,61.64,56.9,61.6,65.0,0.052,13,1,0,0.0,10.0,26.8,0,0,0,0,61.64,58.1,7.0,59.5,0
2026-02-10T14:06:00,46.39,42.8,57.5,65.0,0.115,14,1,0,0.0,10.0,23.9,0,0,0,2,46.39,44.8,5.4,47.6,0
2026-02-10T14:24:00,50.37,46.5,57.3,65.0,0.118,14,1,0,0.0,10.0,30.1,0,0,1,1,50.37,48.7,5.8,54.6,1
2026-02-10T14:42:00,22.34,20.6,57.1,65.0,0.122,14,1,0,0.0,10.0,28.8,0,0,2,0,22.34,21.6,2.6,26.9,1
2026-02-10T15:00:00,42.07,38.8,51.8,65.0,0.203,15,1,0,0.0,10.0,22.8,1,1,1,2,42.07,42.0,5.0,46.3,1
2026-02-10T15:18:00,23.81,22.0,58.8,65.0,0.095,15,1,0,0.0,10.0,25.1,0,0,0,0,23.81,22.8,2.7,22.0,0
2026-02-10T15:36:00,37.14,34.3,47.7,65.0,0.266,15,1,0,1.1,4.2,33.3,0,0,1,0,37.14,37.9,4.5,45.2,1
2026-02-10T15:54:00,27.74,25.6,54.8,65.0,0.157,15,1,0,0.0,10.0,32.4,0,0,1,2,27.74,27.2,3.3,29.7,1
2026-02-10T16:12:00,43.39,40.1,60.3,65.0,0.072,16,1,0,0.0,10.0,38.3,0,0,1,2,43.39,41.3,5.0,42.6,0
2026-02-10T16:30:00,43.7,40.3,54.3,65.0,0.165,16,1,0,0.0,10.0,26.9,0,0,0,2,43.7,43.0,5.2,56.6,1
2026-02-10T16:48:00,51.46,47.5,56.5,65.0,0.131,16,1,0,0.0,10.0,37.8,0,0,2,2,51.46,50.0,6.0,54.8,1
2026-02-10T17:06:00,38.53,35.6,37.5,65.0,0.423,17,1,0,0.0,10.0,31.7,0,0,0,1,38.53,41.6,5.0,64.6,1
2026-02-10T17:24:00,29.57,27.3,41.7,65.0,0.358,17,1,0,0.0,10.0,34.0,0,0,1,0,29.57,31.2,3.7,46.0,1
2026-02-10T17:42:00,11.18,13.4,36.1,50.0,0.278,17,1,0,0.0,10.0,21.2,0,0,2,0,11.18,14.9,2.0,15.6,1
2026-02-10T18:00:00,14.07,16.9,28.2,50.0,0.436,18,1,0,0.0,10.0,32.7,0,0,0,2,14.07,19.8,2.4,33.7,1
2026-02-10T18:18:00,13.74,16.5,30.6,50.0,0.388,18,1,0,0.0,10.0,23.5,0,0,1,2,13.74,19.1,2.3,30.6,1
2026-02-10T18:36:00,19.93,23.9,29.4,50.0,0.412,18,1,0,0.0,10.0,29.9,0,0,0,1,19.93,27.8,3.3,40.9,1
2026-02-10T18:54:00,13.63,16.4,22.1,50.0,0.558,18,1,0,5.6,3.9,31.0,0,0,0,1,13.63,20.1,2.4,37.2,1
2026-02-10T19:12:00,29.94,27.6,33.6,65.0,0.483,19,1,0,0.0,10.0,33.6,0,0,0,1,29.94,32.9,3.9,55.7,1
2026-02-10T19:30:00,54.3,50.1,43.0,65.0,0.338,19,1,0,0.0,10.0,18.9,0,0,1,2,54.3,56.9,6.8,73.0,1
2026-02-10T19:48:00,45.91,42.4,36.4,65.0,0.44,19,1,0,0.0,10.0,27.0,0,0,1,2,45.91,49.9,6.0,75.1,1
2026-02-10T20:06:00,19.83,23.8,31.1,50.0,0.378,20,1,0,0.0,10.0,28.1,0,0,0,0,19.83,27.4,3.3,38.6,1
2026-02-10T20:24:00,25.8,23.8,40.3,65.0,0.38,20,1,0,0.0,10.0,32.2,0,0,1,1,25.8,27.4,3.3,41.4,1
2026-02-10T20:42:00,18.99,22.8,32.4,50.0,0.352,20,1,0,0.0,10.0,31.4,0,0,1,2,18.99,26.0,3.1,37.1,1
2026-02-10T21:00:00,21.44,19.8,54.5,65.0,0.162,21,1,0,0.0,10.0,31.9,0,0,1,1,21.44,21.1,2.5,22.6,0
2026-02-10T21:18:00,44.06,40.7,52.8,65.0,0.188,21,1,0,0.0,10.0,36.4,0,0,1,1,44.06,43.8,5.3,50.3,1
2026-02-10T21:36:00,53.82,49.7,56.7,65.0,0.128,21,1,0,0.0,10.0,28.8,0,0,0,2,53.82,52.2,6.3,54.3,0
2026-02-10T21:54:00,31.64,29.2,60.9,65.0,0.063,21,1,0,0.0,10.0,22.1,0,0,1,1,31.64,29.9,3.6,34.3,1
2026-02-10T22:12:00,54.2,50.0,60.7,65.0,0.066,22,1,0,0.0,10.0,28.6,0,0,0,2,54.2,51.3,6.2,50.0,0
2026-02-10T22:30:00,37.48,34.6,59.0,65.0,0.092,22,1,0,0.0,10.0,20.4,0,0,1,1,37.48,35.9,4.3,36.1,0
2026-02-10T22:48:00,46.66,43.1,55.3,65.0,0.149,22,1,0,0.0,10.0,39.7,0,0,0,2,46.66,45.7,5.5,49.2,0
2026-02-10T23:06:00,55.56,51.3,51.8,65.0,0.203,23,1,0,0.0,10.0,26.7,1,1,0,1,55.56,55.5,6.7,64.2,1
2026-02-10T23:24:00,35.02,32.3,57.3,65.0,0.118,23,1,0,0.0,10.0,27.3,0,0,1,1,35.02,33.8,4.1,36.7,0
2026-02-10T23:42:00,8.64,10.4,44.6,50.0,0.108,23,1,0,0.0,10.0,37.2,0,0,0,0,8.64,10.8,2.0,12.1,1
2026-02-11T00:00:00,18.4,22.1,42.9,50.0,0.142,0,2,0,0.0,10.0,29.7,0,0,0,1,18.4,23.4,2.8,24.6,0
2026-02-11T00:18:00,29.5,27.2,53.7,65.0,0.174,0,2,0,0.0,10.0,19.9,0,0,0,2,29.5,29.1,3.5,35.3,1
2026-02-11T00:36:00,27.76,25.6,54.0,65.0,0.169,0,2,0,0.0,10.0,32.8,0,0,0,0,27.76,27.3,3.3,29.2,0
2026-02-11T00:54:00,29.79,27.5,59.5,65.0,0.085,0,2,0,0.0,10.0,18.0,0,0,1,1,29.79,28.4,3.4,29.0,0
2026-02-11T01:12:00,34.05,31.4,56.7,65.0,0.128,1,2,0,0.0,10.0,25.2,0,0,0,2,34.05,33.0,4.0,35.5,0
2026-02-11T01:30:00,28.92,26.7,55.0,65.0,0.154,1,2,0,0.0,10.0,24.6,0,0,0,2,28.92,28.3,3.4,29.4,0
2026-02-11T01:48:00,12.12,14.5,40.9,50.0,0.182,1,2,0,0.0,10.0,17.6,0,0,0,2,12.12,15.6,2.0,17.8,1
2026-02-11T02:06:00,22.59,20.9,54.6,65.0,0.16,2,2,0,4.3,2.4,26.4,0,0,2,1,22.59,22.2,2.7,30.0,1
2026-02-11T02:24:00,52.13,48.1,55.6,65.0,0.145,2,2,0,0.0,10.0,21.8,0,0,1,2,52.13,50.9,6.1,56.5,1
2026-02-11T02:42:00,34.53,31.9,55.0,65.0,0.154,2,2,0,0.0,10.0,32.4,0,0,0,1,34.53,33.9,4.1,39.6,1
2026-02-11T03:00:00,59.41,54.8,59.1,65.0,0.091,3,2,0,0.0,10.0,34.2,0,0,1,2,59.41,56.8,6.8,59.1,0
2026-02-11T03:18:00,22.03,20.3,58.8,65.0,0.095,3,2,0,0.0,10.0,20.7,0,0,1,1,22.03,21.1,2.5,20.3,0
2026-02-11T03:36:00,27.59,25.5,54.1,65.0,0.168,3,2,0,0.0,10.0,28.2,0,0,1,2,27.59,27.2,3.3,31.2,1
2026-02-11T03:54:00,50.33,46.5,56.8,65.0,0.126,3,2,0,0.0,10.0,28.1,0,0,2,2,50.33,48.8,5.9,55.2,1
2026-02-11T04:12:00,62.25,57.5,56.6,65.0,0.129,4,2,0,0.0,10.0,31.8,0,0,0,2,62.25,60.5,7.3,66.7,1
2026-02-11T04:30:00,56.3,52.0,55.0,65.0,0.154,4,2,0,0.0,10.0,34.1,0,0,0,2,56.3,55.2,6.6,61.3,1
2026-02-11T04:48:00,54.14,50.0,57.3,65.0,0.118,4,2,0,0.0,10.0,26.8,0,0,0,2,54.14,52.4,6.3,56.8,0
2026-02-11T05:06:00,43.87,40.5,54.6,65.0,0.16,5,2,0,1.2,4.6,25.8,0,0,1,2,43.87,43.1,5.2,44.7,0
2026-02-11T05:24:00,64.84,59.9,56.4,65.0,0.132,5,2,0,0.0,10.0,21.4,0,0,0,1,64.84,63.1,7.6,67.6,0
2026-02-11T05:42:00,56.83,52.5,62.0,65.0,0.046,5,2,0,0.0,10.0,19.0,0,0,0,2,56.83,53.5,6.4,58.4,0
2026-02-11T06:00:00,22.86,21.1,58.6,65.0,0.098,6,2,0,0.0,10.0,23.7,0,0,0,0,22.86,21.9,2.6,21.1,0
2026-02-11T06:18:00,44.37,41.0,58.5,65.0,0.1,6,2,0,0.0,10.0,23.4,0,0,1,0,44.37,42.6,5.1,42.0,0
2026-02-11T06:36:00,31.2,28.8,51.8,65.0,0.203,6,2,0,0.0,10.0,23.5,0,0,2,1,31.2,31.1,3.7,39.0,1
2026-02-11T06:54:00,9.47,11.4,33.7,50.0,0.326,6,2,0,3.8,2.9,24.3,0,0,1,1,9.47,12.9,2.0,12.5,0
2026-02-11T07:12:00,35.11,32.4,60.5,65.0,0.069,7,2,0,0.0,10.0,22.7,0,0,1,2,35.11,33.3,4.0,35.0,0
2026-02-11T07:30:00,64.2,59.3,57.1,65.0,0.122,7,2,0,0.0,10.0,28.7,0,0,0,1,64.2,62.2,7.5,66.2,0
2026-02-11T07:48:00,26.67,24.6,58.5,65.0,0.1,7,2,0,0.0,10.0,20.7,0,0,1,0,26.67,25.6,3.1,28.4,1
2026-02-11T08:06:00,9.54,11.4,31.3,50.0,0.374,8,2,0,0.0,10.0,27.4,0,0,1,1,9.54,13.1,2.0,16.8,1
2026-02-11T08:24:00,11.64,14.0,26.8,50.0,0.464,8,2,0,0.0,10.0,31.9,0,0,0,2,11.64,16.6,2.0,28.7,1
2026-02-11T08:42:00,34.63,32.0,38.4,65.0,0.409,8,2,0,0.0,10.0,24.5,0,0,0,0,34.63,37.2,4.5,50.4,1
2026-02-11T09:00:00,60.68,56.0,31.6,65.0,0.514,9,2,0,0.0,10.0,28.2,0,0,1,1,60.68,67.5,8.1,117.2,1
2026-02-11T09:18:00,23.15,21.4,41.0,65.0,0.369,9,2,0,0.0,10.0,33.6,0,0,0,0,23.15,24.6,3.0,34.9,1
2026-02-11T09:36:00,45.49,42.0,23.9,65.0,0.632,9,2,0,0.0,10.0,26.1,1,2,0,2,45.49,52.6,6.3,113.2,1
2026-02-11T09:54:00,17.65,21.2,26.7,50.0,0.466,9,2,0,0.7,4.0,12.2,0,0,0,2,17.65,25.2,3.0,40.1,1
2026-02-11T10:12:00,13.75,16.5,27.5,50.0,0.45,10,2,0,0.0,10.0,19.0,0,0,0,0,13.75,19.5,2.3,31.4,1
2026-02-11T10:30:00,25.63,23.7,39.8,65.0,0.388,10,2,0,0.0,10.0,31.0,0,0,2,2,25.63,27.4,3.3,39.6,1
2026-02-11T10:48:00,59.73,55.1,42.7,65.0,0.343,10,2,0,0.0,10.0,27.0,0,0,2,2,59.73,62.7,7.5,88.0,1
2026-02-11T11:06:00,25.12,23.2,54.6,65.0,0.16,11,2,0,0.0,10.0,23.4,1,1,2,2,25.12,24.7,3.0,31.7,1
2026-02-11T11:24:00,10.85,13.0,39.0,50.0,0.22,11,2,0,0.0,10.0,25.9,0,0,1,0,10.85,14.1,2.0,18.1,1
2026-02-11T11:42:00,32.43,29.9,52.1,65.0,0.198,11,2,0,0.0,10.0,20.9,0,0,1,2,32.43,32.3,3.9,35.5,1
2026-02-11T12:00:00,43.04,39.7,54.1,65.0,0.168,12,2,0,0.0,10.0,19.1,0,0,1,0,43.04,42.4,5.1,46.4,1
2026-02-11T12:18:00,18.24,21.9,39.9,50.0,0.202,12,2,0,2.1,4.0,20.7,0,0,1,2,18.24,23.7,2.8,21.9,0
2026-02-11T12:36:00,52.73,48.7,60.3,65.0,0.072,12,2,0,0.0,10.0,26.3,0,0,1,2,52.73,50.1,6.0,51.7,0
2026-02-11T12:54:00,56.27,51.9,33.5,65.0,0.485,12,2,0,0.0,10.0,35.2,1,3,1,2,56.27,62.0,7.4,100.0,1
2026-02-11T13:12:00,45.72,42.2,52.4,65.0,0.194,13,2,0,0.0,10.0,22.7,0,0,1,2,45.72,45.5,5.5,50.2,1
2026-02-11T13:30:00,50.31,46.4,57.1,65.0,0.122,13,2,0,0.0,10.0,22.1,0,0,0,0,50.31,48.7,5.8,50.9,0
2026-02-11T13:48:00,48.34,44.6,57.7,65.0,0.112,13,2,0,0.0,10.0,34.7,0,0,1,2,48.34,46.6,5.6,47.2,0
2026-02-11T14:06:00,9.12,10.9,28.5,50.0,0.43,14,2,0,11.0,3.0,32.4,0,0,1,2,9.12,12.8,2.0,18.0,1
2026-02-11T14:24:00,13.63,16.4,44.6,50.0,0.108,14,2,0,0.0,10.0,33.5,0,0,1,2,13.63,17.1,2.1,19.9,1
2026-02-11T14:42:00,15.89,19.1,38.9,50.0,0.222,14,2,0,0.0,10.0,26.7,0,0,0,2,15.89,20.8,2.5,23.2,1
2026-02-11T15:00:00,27.6,25.5,57.3,65.0,0.118,15,2,0,0.0,10.0,17.3,0,0,0,0,27.6,26.7,3.2,29.6,1
2026-02-11T15:18:00,27.81,25.7,52.4,65.0,0.194,15,2,0,0.0,10.0,26.7,0,0,0,0,27.81,27.7,3.3,34.1,1
2026-02-11T15:36:00,22.14,20.4,60.8,65.0,0.065,15,2,0,0.0,10.0,26.8,0,0,0,2,22.14,20.9,2.5,24.9,1
2026-02-11T15:54:00,31.65,29.2,55.6,65.0,0.145,15,2,0,0.0,10.0,24.8,0,0,0,1,31.65,30.9,3.7,32.7,0
2026-02-11T16:12:00,29.24,27.0,53.1,65.0,0.183,16,2,0,0.0,10.0,31.0,0,0,0,1,29.24,29.0,3.5,33.1,1
2026-02-11T16:30:00,22.65,20.9,57.8,65.0,0.111,16,2,0,0.0,10.0,23.8,0,0,2,1,22.65,21.8,2.6,24.5,1
2026-02-11T16:48:00,8.41,10.1,46.2,50.0,0.076,16,2,0,0.0,10.0,28.5,0,0,0,2,8.41,10.4,2.0,10.1,0
2026-02-11T17:06:00,22.36,20.6,38.7,65.0,0.405,17,2,0,0.0,10.0,20.3,0,0,1,2,22.36,23.9,2.9,34.1,1
2026-02-11T17:24:00,39.72,36.7,43.2,65.0,0.335,17,2,0,0.0,10.0,27.9,0,0,1,2,39.72,41.6,5.0,56.0,1
2026-02-11T17:42:00,38.21,35.3,43.8,65.0,0.326,17,2,0,0.0,10.0,13.8,0,0,1,2,38.21,39.9,4.8,54.0,1
2026-02-11T18:00:00,64.53,59.6,37.5,65.0,0.423,18,2,0,0.0,10.0,31.1,0,0,0,2,64.53,69.7,8.4,101.2,1
2026-02-11T18:18:00,19.27,23.1,32.2,50.0,0.356,18,2,0,0.0,10.0,25.4,0,0,0,0,19.27,26.4,3.2,36.8,1
2026-02-11T18:36:00,37.98,35.1,42.4,65.0,0.348,18,2,0,0.0,10.0,21.5,0,0,0,2,37.98,40.0,4.8,50.3,1
2026-02-11T18:54:00,20.47,18.9,41.0,65.0,0.369,18,2,0,0.0,10.0,21.4,0,0,2,1,20.47,21.7,2.6,31.4,1
2026-02-11T19:12:00,47.37,43.7,41.3,65.0,0.365,19,2,0,0.0,10.0,29.1,0,0,1,0,47.37,50.1,6.0,69.3,1
2026-02-11T19:30:00,8.44,10.1,24.4,50.0,0.512,19,2,0,6.8,2.3,30.2,0,0,1,2,8.44,12.2,2.0,17.3,1
2026-02-11T19:48:00,19.83,23.8,28.3,50.0,0.434,19,2,0,0.0,10.0,29.1,0,0,1,1,19.83,27.9,3.3,41.4,1
2026-02-11T20:06:00,14.12,16.9,32.5,50.0,0.35,20,2,0,0.0,10.0,29.0,0,0,1,1,14.12,19.3,2.3,26.3,1
2026-02-11T20:24:00,11.43,13.7,25.5,50.0,0.49,20,2,0,5.4,2.6,25.6,0,0,0,2,11.43,16.4,2.0,30.2,1
2026-02-11T20:42:00,8.59,10.3,28.8,50.0,0.424,20,2,0,0.0,10.0,30.8,0,0,1,1,8.59,12.0,2.0,17.5,1
2026-02-11T21:00:00,54.54,50.3,58.2,65.0,0.105,21,2,0,0.0,10.0,26.7,0,0,0,1,54.54,52.4,6.3,56.4,0
2026-02-11T21:18:00,40.9,37.8,62.5,65.0,0.038,21,2,0,0.0,10.0,27.9,0,0,1,2,40.9,38.4,4.6,39.3,0
2026-02-11T21:36:00,13.71,16.5,46.5,50.0,0.07,21,2,0,0.0,10.0,27.5,0,0,0,2,13.71,17.0,2.0,21.3,1
2026-02-11T21:54:00,63.21,58.3,60.5,65.0,0.069,21,2,0,0.0,10.0,26.2,0,0,0,0,63.21,59.9,7.2,64.7,0
2026-02-11T22:12:00,55.27,51.0,58.7,65.0,0.097,22,2,0,0.0,10.0,37.4,0,0,0,2,55.27,53.0,6.4,57.7,0
2026-02-11T22:30:00,33.08,30.5,60.9,65.0,0.063,22,2,0,0.0,10.0,23.1,0,0,0,2,33.08,31.3,3.8,30.6,0
2026-02-11T22:48:00,26.98,24.9,52.7,65.0,0.189,22,2,0,0.0,10.0,32.8,0,0,0,2,26.98,26.8,3.2,25.3,0
2026-02-11T23:06:00,38.94,35.9,62.7,65.0,0.035,23,2,0,0.0,10.0,28.4,0,0,1,2,38.94,36.4,4.4,36.4,0
2026-02-11T23:24:00,28.18,26.0,52.5,65.0,0.192,23,2,0,0.0,10.0,35.4,0,0,1,1,28.18,28.0,3.4,32.2,1
2026-02-11T23:42:00,62.88,58.0,58.8,65.0,0.095,23,2,0,0.8,3.3,16.5,0,0,0,0,62.88,60.2,7.2,65.0,0
2026-02-12T00:00:00,29.56,27.3,59.2,65.0,0.089,0,3,0,0.0,10.0,26.6,0,0,1,1,29.56,28.3,3.4,30.0,0
2026-02-12T00:18:00,50.03,46.2,52.1,65.0,0.198,0,3,0,0.0,10.0,25.6,0,0,0,2,50.03,49.9,6.0,53.3,1
2026-02-12T00:36:00,54.0,49.8,41.0,65.0,0.369,0,3,0,0.0,10.0,30.2,1,2,1,2,54.0,57.2,6.9,76.9,1
2026-02-12T00:54:00,21.95,20.3,55.5,65.0,0.146,0,3,0,0.0,10.0,27.9,0,0,0,1,21.95,21.5,2.6,20.8,0
2026-02-12T01:12:00,42.17,38.9,59.2,65.0,0.089,1,3,0,0.0,10.0,36.0,0,0,0,0,42.17,40.3,4.8,47.2,1
2026-02-12T01:30:00,57.86,53.4,53.1,65.0,0.183,1,3,0,2.8,5.0,26.8,0,0,1,0,57.86,57.3,6.9,66.1,1
2026-02-12T01:48:00,32.6,30.1,56.9,65.0,0.125,1,3,0,0.0,10.0,34.3,0,0,1,0,32.6,31.6,3.8,36.6,1
2026-02-12T02:06:00,51.83,47.8,58.0,65.0,0.108,2,3,0,0.0,10.0,33.3,0,0,0,2,51.83,49.9,6.0,53.0,0
2026-02-12T02:24:00,37.64,34.7,60.9,65.0,0.063,2,3,0,0.0,10.0,23.6,0,0,2,1,37.64,35.6,4.3,42.9,1
2026-02-12T02:42:00,25.76,23.8,59.3,65.0,0.088,2,3,0,0.0,10.0,17.0,0,0,2,2,25.76,24.6,3.0,30.2,1
2026-02-12T03:00:00,24.14,22.3,59.2,65.0,0.089,3,3,0,0.0,10.0,31.8,0,0,1,2,24.14,23.1,2.8,27.6,1
2026-02-12T03:18:00,52.3,48.3,41.6,65.0,0.36,3,3,0,0.0,10.0,29.1,1,2,0,2,52.3,55.3,6.6,73.3,1
2026-02-12T03:36:00,26.0,24.0,56.0,65.0,0.138,3,3,0,0.0,10.0,19.0,0,0,0,0,26.0,25.3,3.0,29.1,1
2026-02-12T03:54:00,60.0,55.4,58.5,65.0,0.1,3,3,0,0.7,2.8,32.5,0,0,0,2,60.0,57.6,6.9,57.1,0
2026-02-12T04:12:00,22.04,20.3,58.2,65.0,0.105,4,3,0,0.0,10.0,27.1,0,0,0,1,22.04,21.2,2.5,20.3,0
2026-02-12T04:30:00,63.52,58.6,54.0,65.0,0.169,4,3,0,0.0,10.0,22.4,0,0,0,1,63.52,62.6,7.5,66.6,0
2026-02-12T04:48:00,50.44,46.6,55.5,65.0,0.146,4,3,0,0.0,10.0,28.1,0,0,2,1,50.44,49.3,5.9,59.2,1
2026-02-12T05:06:00,33.22,30.7,52.5,65.0,0.192,5,3,0,0.0,10.0,38.8,1,1,0,0,33.22,33.1,4.0,39.6,1
2026-02-12T05:24:00,62.61,57.8,61.6,65.0,0.052,5,3,0,0.0,10.0,28.0,0,0,0,1,62.61,59.0,7.1,65.5,0
2026-02-12T05:42:00,17.66,21.2,43.1,50.0,0.138,5,3,0,0.0,10.0,31.8,0,0,0,1,17.66,22.4,2.7,21.6,0
2026-02-12T06:00:00,64.25,59.3,53.1,65.0,0.183,6,3,0,0.0,10.0,22.3,0,0,2,2,64.25,63.6,7.6,71.3,1
2026-02-12T06:18:00,39.0,36.0,26.1,65.0,0.598,6,3,0,23.0,4.3,32.2,0,0,0,2,39.0,44.6,5.4,92.2,1
2026-02-12T06:36:00,42.98,39.7,32.1,65.0,0.506,6,3,0,2.6,3.5,19.0,1,3,0,1,42.98,47.7,5.7,78.8,1
2026-02-12T06:54:00,18.87,22.6,45.3,50.0,0.094,6,3,0,0.0,10.0,28.7,0,0,0,1,18.87,23.4,2.8,26.6,1
2026-02-12T07:12:00,55.01,50.8,60.3,65.0,0.072,7,3,0,0.0,10.0,23.8,0,0,1,2,55.01,52.3,6.3,54.0,0
2026-02-12T07:30:00,49.79,46.0,58.7,65.0,0.097,7,3,0,0.0,10.0,21.6,0,0,2,1,49.79,47.8,5.7,51.9,0
2026-02-12T07:48:00,27.58,25.5,56.6,65.0,0.129,7,3,0,0.0,10.0,19.8,0,0,0,2,27.58,26.8,3.2,26.5,0
2026-02-12T08:06:00,29.69,27.4,40.4,65.0,0.378,8,3,0,0.0,10.0,29.6,0,0,0,0,29.69,31.5,3.8,42.4,1
2026-02-12T08:24:00,21.94,20.3,44.0,65.0,0.323,8,3,0,0.0,10.0,28.1,0,0,2,2,21.94,22.9,2.7,28.6,1
2026-02-12T08:42:00,42.07,38.8,41.9,65.0,0.355,8,3,0,0.0,10.0,23.3,0,0,0,2,42.07,44.3,5.3,58.9,1
2026-02-12T09:00:00,21.89,20.2,38.5,65.0,0.408,9,3,0,0.0,10.0,31.4,0,0,0,1,21.89,23.5,2.8,33.9,1
2026-02-12T09:18:00,15.5,18.6,32.3,50.0,0.354,9,3,0,0.0,10.0,16.8,0,0,0,1,15.5,21.2,2.5,27.2,1
2026-02-12T09:36:00,42.63,39.4,37.4,65.0,0.425,9,3,0,0.0,10.0,29.5,0,0,0,1,42.63,46.1,5.5,67.8,1
2026-02-12T09:54:00,47.15,43.5,22.8,65.0,0.649,9,3,0,0.0,10.0,17.7,1,2,0,2,47.15,54.8,6.6,122.5,1
2026-02-12T10:12:00,8.79,10.5,34.4,50.0,0.312,10,3,0,0.0,10.0,20.0,0,0,0,1,8.79,11.8,2.0,18.6,1
2026-02-12T10:30:00,50.26,46.4,35.3,65.0,0.457,10,3,0,0.0,10.0,20.1,0,0,2,1,50.26,54.9,6.6,85.6,1
2026-02-12T10:48:00,36.1,33.3,41.9,65.0,0.355,10,3,0,0.0,10.0,15.2,0,0,1,0,36.1,38.0,4.6,52.4,1
2026-02-12T11:06:00,30.43,28.1,55.2,65.0,0.151,11,3,0,0.0,10.0,33.0,0,0,1,0,30.43,29.8,3.6,28.1,0
2026-02-12T11:24:00,53.09,49.0,60.0,65.0,0.077,11,3,0,0.5,4.6,24.8,0,0,2,0,53.09,50.5,6.1,51.5,0
2026-02-12T11:42:00,49.63,45.8,51.7,65.0,0.205,11,3,0,7.9,2.4,30.8,0,0,1,2,49.63,49.6,6.0,58.9,1
2026-02-12T12:00:00,48.23,44.5,59.3,65.0,0.088,12,3,0,0.0,10.0,36.7,0,0,1,1,48.23,46.1,5.5,53.4,1
2026-02-12T12:18:00,53.47,49.4,56.7,65.0,0.128,12,3,0,0.0,10.0,24.9,0,0,0,0,53.47,51.9,6.2,51.3,0
2026-02-12T12:36:00,24.32,22.4,59.7,65.0,0.082,12,3,0,0.0,10.0,23.6,0,0,1,1,24.32,23.1,2.8,24.2,0
2026-02-12T12:54:00,12.55,15.1,39.8,50.0,0.204,12,3,0,0.0,10.0,27.3,1,1,1,0,12.55,16.3,2.0,18.1,1
2026-02-12T13:12:00,43.65,40.3,59.1,65.0,0.091,13,3,0,0.0,10.0,34.0,0,0,0,2,43.65,41.8,5.0,44.1,0
2026-02-12T13:30:00,56.23,51.9,50.1,65.0,0.229,13,3,0,2.7,4.1,24.9,0,0,2,2,56.23,56.7,6.8,68.2,1
2026-02-12T13:48:00,51.83,47.8,60.6,65.0,0.068,13,3,0,0.5,4.7,22.8,0,0,0,2,51.83,49.1,5.9,53.7,0
2026-02-12T14:06:00,58.29,53.8,51.6,65.0,0.206,14,3,0,0.0,10.0,31.7,0,0,0,0,58.29,58.2,7.0,66.2,1
2026-02-12T14:24:00,17.36,20.8,44.8,50.0,0.104,14,3,0,0.0,10.0,21.5,0,0,0,1,17.36,21.7,2.6,22.0,0
2026-02-12T14:42:00,56.05,51.7,33.8,65.0,0.48,14,3,0,0.0,10.0,26.1,1,3,0,0,56.05,61.6,7.4,97.8,1
2026-02-12T15:00:00,14.26,17.1,40.5,50.0,0.19,15,3,0,0.0,10.0,22.6,0,0,0,2,14.26,18.4,2.2,22.2,1
2026-02-12T15:18:00,10.56,12.7,45.3,50.0,0.094,15,3,0,0.0,10.0,24.8,0,0,2,2,10.56,13.2,2.0,15.4,1
2026-02-12T15:36:00,59.97,55.4,62.9,65.0,0.032,15,3,0,0.0,10.0,20.6,0,0,1,2,59.97,56.1,6.7,58.6,0
2026-02-12T15:54:00,47.32,43.7,53.9,65.0,0.171,15,3,0,0.0,10.0,34.2,0,0,1,2,47.32,46.7,5.6,54.1,1
2026-02-12T16:12:00,11.61,13.9,44.7,50.0,0.106,16,3,0,0.0,10.0,19.0,0,0,2,2,11.61,14.5,2.0,18.2,1
2026-02-12T16:30:00,21.2,19.6,57.0,65.0,0.123,16,3,0,0.0,10.0,20.0,0,0,1,0,21.2,20.6,2.5,23.6,1
2026-02-12T16:48:00,64.39,59.4,53.5,65.0,0.177,16,3,0,6.3,3.1,16.7,0,0,0,1,64.39,63.6,7.6,68.8,1
2026-02-12T17:06:00,38.88,35.9,42.9,65.0,0.34,17,3,0,0.0,10.0,28.2,0,0,1,2,38.88,40.8,4.9,54.3,1
2026-02-12T17:24:00,39.21,36.2,34.4,65.0,0.471,17,3,0,0.0,10.0,21.5,0,0,0,1,39.21,43.0,5.2,66.8,1
2026-02-12T17:42:00,55.81,51.5,44.6,65.0,0.314,17,3,0,0.0,10.0,28.0,0,0,0,2,55.81,58.0,7.0,71.3,1
2026-02-12T18:00:00,53.73,49.6,42.9,65.0,0.34,18,3,0,0.0,10.0,28.0,0,0,2,2,53.73,56.3,6.8,78.2,1
2026-02-12T18:18:00,20.63,19.0,39.1,65.0,0.398,18,3,0,0.0,10.0,28.4,0,0,1,2,20.63,22.0,2.6,32.2,1
2026-02-12T18:36:00,53.9,49.8,36.5,65.0,0.438,18,3,0,0.0,10.0,35.5,0,0,1,2,53.9,58.5,7.0,89.9,1
2026-02-12T18:54:00,32.16,29.7,38.8,65.0,0.403,18,3,0,0.0,10.0,25.4,0,0,2,1,32.16,34.5,4.1,53.1,1
2026-02-12T19:12:00,46.81,43.2,18.0,65.0,0.723,19,3,0,3.5,4.6,30.4,1,2,1,2,46.81,55.7,6.7,156.2,1
2026-02-12T19:30:00,56.41,52.1,35.3,65.0,0.457,19,3,0,0.0,10.0,27.3,0,0,0,0,56.41,61.6,7.4,92.1,1
2026-02-12T19:48:00,33.67,31.1,40.9,65.0,0.371,19,3,0,0.0,10.0,21.7,0,0,1,2,33.67,35.7,4.3,49.6,1
2026-02-12T20:06:00,58.63,54.1,41.1,65.0,0.368,20,3,0,0.0,10.0,25.5,0,0,1,2,58.63,62.1,7.5,87.0,1
2026-02-12T20:24:00,48.81,45.1,43.7,65.0,0.328,20,3,0,0.0,10.0,16.6,0,0,2,0,48.81,51.0,6.1,66.2,1
2026-02-12T20:42:00,27.52,25.4,37.1,65.0,0.429,20,3,0,0.0,10.0,17.6,0,0,0,2,27.52,29.8,3.6,46.2,1
2026-02-12T21:00:00,42.03,38.8,59.9,65.0,0.078,21,3,0,0.0,10.0,33.5,0,0,0,1,42.03,40.0,4.8,43.3,0
2026-02-12T21:18:00,37.25,34.4,57.9,65.0,0.109,21,3,0,3.5,4.3,26.1,0,0,0,2,37.25,35.9,4.3,37.7,0
2026-02-12T21:36:00,46.58,43.0,60.5,65.0,0.069,21,3,0,0.0,10.0,25.1,0,0,1,1,46.58,44.2,5.3,43.0,0
2026-02-12T21:54:00,27.75,25.6,53.9,65.0,0.171,21,3,0,0.0,10.0,33.8,0,0,0,2,27.75,27.4,3.3,26.9,0
2026-02-12T22:12:00,32.2,29.7,62.8,65.0,0.034,22,3,0,0.0,10.0,29.1,0,0,1,2,32.2,30.1,3.6,30.4,0
2026-02-12T22:30:00,15.43,18.5,45.8,50.0,0.084,22,3,0,0.0,10.0,34.9,0,0,0,1,15.43,19.1,2.3,22.6,1
2026-02-12T22:48:00,45.26,41.8,57.1,65.0,0.122,22,3,0,0.0,10.0,30.7,0,0,0,2,45.26,43.8,5.3,50.6,1
2026-02-12T23:06:00,50.09,46.2,44.2,65.0,0.32,23,3,0,7.6,2.8,32.0,0,0,1,2,50.09,52.1,6.3,69.3,1
2026-02-12T23:24:00,21.23,19.6,54.5,65.0,0.162,23,3,0,0.0,10.0,15.7,0,0,1,2,21.23,20.9,2.5,27.1,1
2026-02-12T23:42:00,53.72,49.6,58.2,65.0,0.105,23,3,0,0.0,10.0,33.3,0,0,1,2,53.72,51.7,6.2,52.9,0
2026-02-13T00:00:00,37.97,35.0,44.8,65.0,0.311,0,4,0,0.0,10.0,31.2,1,2,2,0,37.97,39.4,4.7,50.2,1
2026-02-13T00:18:00,27.29,25.2,44.5,65.0,0.315,0,4,0,7.5,3.8,22.0,0,0,0,2,27.29,28.4,3.4,32.4,1
2026-02-13T00:36:00,42.79,39.5,56.6,65.0,0.129,0,4,0,0.0,10.0,17.4,0,0,1,1,42.79,41.5,5.0,44.7,0
2026-02-13T00:54:00,11.85,14.2,40.5,50.0,0.19,0,4,0,0.0,10.0,27.9,0,0,2,1,11.85,15.3,2.0,16.9,1
2026-02-13T01:12:00,28.99,26.8,55.4,65.0,0.148,1,4,0,3.1,2.3,31.7,0,0,0,1,28.99,28.4,3.4,28.8,0
2026-02-13T01:30:00,34.82,32.1,57.9,65.0,0.109,1,4,0,0.0,10.0,22.7,0,0,0,2,34.82,33.5,4.0,34.8,0
2026-02-13T01:48:00,15.77,18.9,41.3,50.0,0.174,1,4,0,0.0,10.0,32.8,0,0,2,1,15.77,20.2,2.4,25.6,1
2026-02-13T02:06:00,58.33,53.8,54.7,65.0,0.158,2,4,0,0.0,10.0,33.6,0,0,2,1,58.33,57.2,6.9,65.9,1
2026-02-13T02:24:00,25.11,23.2,57.2,65.0,0.12,2,4,0,0.0,10.0,27.2,0,0,1,2,25.11,24.3,2.9,26.6,0
2026-02-13T02:42:00,56.53,52.2,57.2,65.0,0.12,2,4,0,0.0,10.0,16.7,0,0,2,2,56.53,54.7,6.6,57.3,0
2026-02-13T03:00:00,20.1,18.6,58.6,65.0,0.098,3,4,0,0.0,10.0,29.7,0,0,0,2,20.1,19.3,2.3,24.5,1
2026-02-13T03:18:00,62.22,57.4,58.0,65.0,0.108,3,4,0,0.0,10.0,31.6,0,0,1,0,62.22,59.9,7.2,64.6,0
2026-02-13T03:36:00,32.1,29.6,56.5,65.0,0.131,3,4,0,0.6,4.9,25.1,0,0,0,0,32.1,31.2,3.7,31.8,0
2026-02-13T03:54:00,43.09,39.8,29.2,65.0,0.551,3,4,0,0.0,10.0,27.7,1,3,1,0,43.09,48.6,5.8,92.3,1
2026-02-13T04:12:00,27.81,25.7,49.8,65.0,0.234,4,4,0,5.6,3.7,19.1,0,0,0,1,27.81,28.1,3.4,37.3,1
2026-02-13T04:30:00,12.68,15.2,42.5,50.0,0.15,4,4,0,0.0,4.0,15.5,0,0,0,0,12.68,16.1,2.0,15.2,0
2026-02-13T04:48:00,57.94,53.5,53.9,65.0,0.171,4,4,0,3.7,4.1,26.3,0,0,1,2,57.94,57.2,6.9,64.7,1
2026-02-13T05:06:00,12.94,15.5,44.1,50.0,0.118,5,4,0,0.0,10.0,27.4,0,0,1,2,12.94,16.2,2.0,17.7,0
2026-02-13T05:24:00,60.45,55.8,55.7,65.0,0.143,5,4,0,0.0,10.0,26.4,0,0,0,1,60.45,59.0,7.1,60.3,0
2026-02-13T05:42:00,19.57,23.5,27.9,50.0,0.442,5,4,0,0.0,10.0,27.5,1,2,0,1,19.57,27.7,3.3,44.3,1
2026-02-13T06:00:00,46.47,42.9,58.6,65.0,0.098,6,4,0,0.0,10.0,24.3,0,0,1,2,46.47,44.6,5.4,48.9,0
2026-02-13T06:18:00,43.67,40.3,59.1,65.0,0.091,6,4,0,0.0,10.0,26.6,0,0,0,1,43.67,41.8,5.0,48.3,1
2026-02-13T06:36:00,22.4,20.7,54.9,65.0,0.155,6,4,0,0.0,10.0,21.7,0,0,1,2,22.4,22.0,2.6,25.1,1
2026-02-13T06:54:00,35.57,32.8,54.8,65.0,0.157,6,4,0,0.0,10.0,25.3,0,0,2,2,35.57,34.9,4.2,37.1,0
2026-02-13T07:12:00,10.65,12.8,46.4,50.0,0.072,7,4,0,0.0,10.0,23.0,0,0,2,2,10.65,13.2,2.0,16.9,1
2026-02-13T07:30:00,30.87,28.5,56.9,65.0,0.125,7,4,0,0.0,10.0,41.6,0,0,1,1,30.87,29.9,3.6,30.1,0
2026-02-13T07:48:00,31.42,29.0,54.6,65.0,0.16,7,4,0,0.0,10.0,29.2,0,0,2,1,31.42,30.9,3.7,32.3,0
2026-02-13T08:06:00,27.7,25.6,40.5,65.0,0.377,8,4,0,0.0,10.0,24.0,0,0,1,2,27.7,29.5,3.5,39.8,1
2026-02-13T08:24:00,37.86,34.9,36.6,65.0,0.437,8,4,0,0.0,10.0,29.8,0,0,0,1,37.86,41.0,4.9,64.0,1
2026-02-13T08:42:00,57.28,52.9,36.8,65.0,0.434,8,4,0,0.0,10.0,24.8,0,0,1,1,57.28,62.1,7.5,97.3,1
2026-02-13T09:00:00,11.01,13.2,18.0,50.0,0.64,9,4,0,0.0,10.0,16.8,1,3,1,2,11.01,16.6,2.0,33.5,1
2026-02-13T09:18:00,46.85,43.2,37.7,65.0,0.42,9,4,0,7.1,2.3,29.1,0,0,1,1,46.85,50.5,6.1,75.2,1
2026-02-13T09:36:00,28.72,26.5,42.3,65.0,0.349,9,4,0,0.0,10.0,25.9,0,0,1,2,28.72,30.2,3.6,42.9,1
2026-02-13T09:54:00,58.78,54.3,40.9,65.0,0.371,9,4,0,0.0,10.0,22.7,0,0,1,2,58.78,62.4,7.5,82.9,1
2026-02-13T10:12:00,14.66,17.6,34.1,50.0,0.318,10,4,0,0.0,10.0,29.5,0,0,0,2,14.66,19.8,2.4,27.2,1
2026-02-13T10:30:00,58.71,54.2,18.9,65.0,0.709,10,4,0,4.4,2.4,37.6,1,2,0,2,58.71,69.6,8.4,185.5,1
2026-02-13T10:48:00,34.84,32.2,39.2,65.0,0.397,10,4,0,0.0,10.0,16.6,0,0,2,1,34.84,37.3,4.5,54.9,1
2026-02-13T11:06:00,29.32,27.1,62.3,65.0,0.042,11,4,0,0.0,10.0,28.4,0,0,0,0,29.32,27.6,3.3,27.1,0
2026-02-13T11:24:00,12.34,14.8,44.9,50.0,0.102,11,4,0,0.0,10.0,24.9,0,0,0,0,12.34,15.4,2.0,14.8,0
2026-02-13T11:42:00,60.31,55.7,60.3,65.0,0.072,11,4,0,0.8,3.3,19.8,0,0,2,2,60.31,57.3,6.9,62.9,0
2026-02-13T12:00:00,37.76,34.9,39.4,65.0,0.394,12,4,0,0.0,10.0,22.3,1,3,1,1,37.76,40.4,4.8,58.4,1
2026-02-13T12:18:00,21.7,20.0,54.8,65.0,0.157,12,4,0,0.0,10.0,28.5,0,0,0,2,21.7,21.3,2.6,21.9,0
2026-02-13T12:36:00,29.29,27.0,51.3,65.0,0.211,12,4,0,0.0,10.0,27.9,0,0,2,0,29.29,29.3,3.5,34.5,1
2026-02-13T12:54:00,46.67,43.1,55.5,65.0,0.146,12,4,0,0.0,10.0,31.4,0,0,0,2,46.67,45.6,5.5,49.4,0
2026-02-13T13:12:00,24.35,22.5,56.0,65.0,0.138,13,4,0,0.0,10.0,30.4,0,0,1,1,24.35,23.7,2.8,22.5,0
2026-02-13T13:30:00,46.25,42.7,52.5,65.0,0.192,13,4,0,0.0,10.0,36.0,0,0,0,2,46.25,46.0,5.5,54.4,1
2026-02-13T13:48:00,56.57,52.2,53.9,65.0,0.171,13,4,0,0.0,10.0,24.1,0,0,0,1,56.57,55.8,6.7,65.3,1
2026-02-13T14:06:00,59.54,55.0,60.0,65.0,0.077,14,4,0,0.0,10.0,31.6,0,0,2,1,59.54,56.7,6.8,62.4,0
2026-02-13T14:24:00,14.87,17.8,45.1,50.0,0.098,14,4,0,0.0,10.0,22.4,0,0,0,0,14.87,18.5,2.2,20.8,1
2026-02-13T14:42:00,46.26,42.7,54.3,65.0,0.165,14,4,0,0.0,10.0,30.1,0,0,1,0,46.26,45.5,5.5,51.0,1
2026-02-13T15:00:00,64.87,59.9,55.6,65.0,0.145,15,4,0,0.0,10.0,30.5,0,0,2,1,64.87,63.4,7.6,68.8,0
2026-02-13T15:18:00,10.04,12.0,42.8,50.0,0.144,15,4,0,0.0,10.0,28.7,0,0,1,0,10.04,12.7,2.0,18.5,1
2026-02-13T15:36:00,35.27,32.6,60.7,65.0,0.066,15,4,0,0.0,10.0,25.6,0,0,1,1,35.27,33.5,4.0,32.6,0
2026-02-13T15:54:00,20.75,19.2,60.4,65.0,0.071,15,4,0,0.0,10.0,27.5,0,0,1,2,20.75,19.7,2.4,24.5,1
2026-02-13T16:12:00,22.05,20.4,58.3,65.0,0.103,16,4,0,0.0,10.0,31.5,0,0,1,1,22.05,21.2,2.5,20.4,0
2026-02-13T16:30:00,11.26,13.5,40.4,50.0,0.192,16,4,0,0.0,10.0,31.7,0,0,1,0,11.26,14.5,2.0,20.3,1
2026-02-13T16:48:00,49.59,45.8,57.7,65.0,0.112,16,4,0,0.0,10.0,31.3,0,0,0,2,49.59,47.9,5.7,47.6,0
2026-02-13T17:06:00,38.15,35.2,35.9,65.0,0.448,17,4,0,0.0,10.0,23.4,0,0,0,2,38.15,41.5,5.0,66.3,1
2026-02-13T17:24:00,46.37,42.8,42.2,65.0,0.351,17,4,0,0.0,10.0,28.1,0,0,0,0,46.37,48.8,5.9,63.9,1
2026-02-13T17:42:00,22.99,21.2,42.2,65.0,0.351,17,4,0,0.0,10.0,30.3,0,0,0,2,22.99,24.2,2.9,34.3,1
2026-02-13T18:00:00,64.36,59.4,38.8,65.0,0.403,18,4,0,0.0,10.0,25.8,0,0,1,2,64.36,69.0,8.3,97.8,1
2026-02-13T18:18:00,8.99,10.8,39.1,50.0,0.218,18,4,0,0.0,10.0,16.6,0,0,0,0,8.99,11.7,2.0,15.8,1
2026-02-13T18:36:00,25.22,23.3,30.9,65.0,0.525,18,4,0,6.7,2.5,27.0,0,0,2,2,25.22,28.2,3.4,49.7,1
2026-02-13T18:54:00,25.73,23.8,37.1,65.0,0.429,18,4,0,0.0,2.8,26.0,0,0,0,1,25.73,27.9,3.3,37.6,1
2026-02-13T19:12:00,21.12,19.5,20.8,65.0,0.68,19,4,0,7.7,3.2,33.3,1,1,1,2,21.12,24.8,3.0,61.0,1
2026-02-13T19:30:00,13.47,16.2,29.4,50.0,0.412,19,4,0,0.0,10.0,24.2,0,0,0,2,13.47,18.9,2.3,28.0,1
2026-02-13T19:48:00,35.41,32.7,46.1,65.0,0.291,19,4,0,0.0,10.0,17.3,0,0,2,1,35.41,36.5,4.4,43.8,1
2026-02-13T20:06:00,20.73,19.1,41.2,65.0,0.366,20,4,0,0.0,10.0,29.2,0,0,2,2,20.73,21.9,2.6,26.9,1
2026-02-13T20:24:00,18.59,22.3,27.7,50.0,0.446,20,4,0,0.0,10.0,12.8,0,0,2,0,18.59,26.3,3.2,39.3,1
2026-02-13T20:42:00,33.46,30.9,37.8,65.0,0.418,20,4,0,0.0,10.0,26.5,0,0,2,2,33.46,36.1,4.3,52.6,1
2026-02-13T21:00:00,30.88,28.5,57.9,65.0,0.109,21,4,0,0.0,10.0,23.9,0,0,1,0,30.88,29.7,3.6,30.5,0
2026-02-13T21:18:00,13.05,15.7,45.2,50.0,0.096,21,4,0,0.0,10.0,28.8,0,0,1,0,13.05,16.3,2.0,17.2,0
2026-02-13T21:36:00,57.06,52.7,61.1,65.0,0.06,21,4,0,0.0,10.0,22.5,0,0,0,1,57.06,54.0,6.5,54.5,0
2026-02-13T21:54:00,40.35,37.2,62.1,65.0,0.045,21,4,0,0.0,10.0,25.0,0,0,0,2,40.35,37.9,4.5,44.6,1
2026-02-13T22:12:00,54.28,50.1,48.4,65.0,0.255,22,4,0,0.0,10.0,25.1,0,0,1,2,54.28,55.2,6.6,67.7,1
2026-02-13T22:30:00,50.96,47.0,62.4,65.0,0.04,22,4,0,0.0,10.0,28.0,0,0,2,0,50.96,47.8,5.7,48.6,0
2026-02-13T22:48:00,33.91,31.3,59.1,65.0,0.091,22,4,0,0.0,10.0,39.2,0,0,0,2,33.91,32.4,3.9,37.1,1
2026-02-13T23:06:00,50.05,46.2,60.3,65.0,0.072,23,4,0,0.0,10.0,28.8,0,0,1,0,50.05,47.5,5.7,51.1,0
2026-02-13T23:24:00,54.82,50.6,54.0,65.0,0.169,23,4,0,0.0,10.0,35.6,0,0,1,2,54.82,54.0,6.5,65.0,1
2026-02-13T23:42:00,55.84,51.5,60.8,65.0,0.065,23,4,0,0.0,10.0,14.9,0,0,1,0,55.84,52.8,6.3,51.5,0
2026-02-14T00:00:00,60.04,55.4,58.5,65.0,0.1,0,5,1,1.0,2.1,36.0,0,0,2,2,60.04,57.6,6.9,60.8,0
2026-02-14T00:18:00,9.45,11.3,26.1,50.0,0.478,0,5,1,0.0,10.0,23.1,1,2,0,0,9.45,13.5,2.0,22.5,1
2026-02-14T00:36:00,36.73,33.9,55.5,65.0,0.146,0,5,1,0.0,10.0,25.4,0,0,0,0,36.73,35.9,4.3,40.2,1
2026-02-14T00:54:00,38.56,35.6,61.5,65.0,0.054,0,5,1,0.0,10.0,15.3,0,0,0,0,38.56,36.4,4.4,39.1,0
2026-02-14T01:12:00,56.24,51.9,59.6,65.0,0.083,1,5,1,0.0,10.0,32.5,0,0,0,1,56.24,53.6,6.4,58.2,0
2026-02-14T01:30:00,41.77,38.6,56.7,65.0,0.128,1,5,1,0.0,10.0,30.4,0,0,0,0,41.77,40.6,4.9,46.3,1
2026-02-14T01:48:00,27.47,25.4,53.0,65.0,0.185,1,5,1,3.3,3.7,33.8,0,0,0,2,27.47,27.3,3.3,31.2,1
2026-02-14T02:06:00,29.56,27.3,52.9,65.0,0.186,2,5,1,0.0,10.0,25.5,0,0,0,1,29.56,29.3,3.5,32.7,1
2026-02-14T02:24:00,18.84,22.6,43.4,50.0,0.132,2,5,1,0.0,10.0,30.0,0,0,1,1,18.84,23.8,2.9,30.8,1
2026-02-14T02:42:00,54.25,50.1,55.4,65.0,0.148,2,5,1,0.0,10.0,30.4,0,0,0,1,54.25,53.1,6.4,56.6,0
2026-02-14T03:00:00,12.91,15.5,43.4,50.0,0.132,3,5,1,0.0,10.0,22.7,0,0,0,1,12.91,16.3,2.0,15.5,0
2026-02-14T03:18:00,57.15,52.8,52.8,65.0,0.188,3,5,1,0.0,10.0,25.5,0,0,0,2,57.15,56.8,6.8,60.8,1
2026-02-14T03:36:00,13.85,16.6,31.7,50.0,0.366,3,5,1,0.0,10.0,26.7,1,1,0,2,13.85,19.0,2.3,25.3,1
2026-02-14T03:54:00,13.87,16.6,43.6,50.0,0.128,3,5,1,0.0,10.0,29.8,0,0,0,2,13.87,17.4,2.1,17.2,0
2026-02-14T04:12:00,22.8,21.0,54.4,65.0,0.163,4,5,1,2.9,2.1,26.5,0,0,1,2,22.8,22.4,2.7,26.9,1
2026-02-14T04:30:00,21.76,20.1,47.3,65.0,0.272,4,5,1,0.0,10.0,30.1,1,1,1,0,21.76,22.3,2.7,29.1,1
2026-02-14T04:48:00,62.68,57.9,58.4,65.0,0.102,4,5,1,0.0,10.0,26.5,0,0,1,1,62.68,60.3,7.2,70.1,1
2026-02-14T05:06:00,31.74,29.3,52.2,65.0,0.197,5,5,1,0.0,10.0,18.3,0,0,1,2,31.74,31.6,3.8,36.5,1
2026-02-14T05:24:00,54.52,50.3,53.6,65.0,0.175,5,5,1,1.4,2.3,28.5,0,0,2,1,54.52,53.8,6.5,63.6,1
2026-02-14T05:42:00,43.57,40.2,58.7,65.0,0.097,5,5,1,0.0,10.0,21.2,0,0,0,2,43.57,41.8,5.0,42.1,0
2026-02-14T06:00:00,60.53,55.9,61.1,65.0,0.06,6,5,1,0.0,10.0,17.5,0,0,0,1,60.53,57.2,6.9,55.9,0
2026-02-14T06:18:00,54.76,50.5,58.5,65.0,0.1,6,5,1,1.2,4.4,18.3,0,0,0,2,54.76,52.5,6.3,55.6,0
2026-02-14T06:36:00,56.23,51.9,56.0,65.0,0.138,6,5,1,0.0,10.0,25.6,0,0,1,2,56.23,54.8,6.6,62.6,1
2026-02-14T06:54:00,13.15,15.8,45.6,50.0,0.088,6,5,1,0.0,10.0,28.2,0,0,1,2,13.15,16.4,2.0,16.2,0
2026-02-14T07:12:00,21.2,19.6,58.1,65.0,0.106,7,5,1,0.0,10.0,47.3,0,0,1,2,21.2,20.4,2.4,19.6,0
2026-02-14T07:30:00,46.31,42.7,57.7,65.0,0.112,7,5,1,0.8,2.6,19.0,0,0,1,1,46.31,44.6,5.4,44.9,0
2026-02-14T07:48:00,35.09,32.4,44.5,65.0,0.315,7,5,1,11.2,2.5,30.8,0,0,0,2,35.09,36.5,4.4,47.5,1
2026-02-14T08:06:00,42.94,39.6,37.3,65.0,0.426,8,5,1,0.0,10.0,24.8,1,2,1,1,42.94,46.3,5.6,72.4,1
2026-02-14T08:24:00,30.63,28.3,52.6,65.0,0.191,8,5,1,3.3,4.4,23.2,0,0,0,1,30.63,30.5,3.7,28.3,0
2026-02-14T08:42:00,27.87,25.7,56.5,65.0,0.131,8,5,1,0.8,3.9,24.3,0,0,0,1,27.87,27.0,3.2,27.7,0
2026-02-14T09:00:00,63.0,58.2,59.8,65.0,0.08,9,5,1,0.0,10.0,32.7,0,0,1,2,63.0,60.1,7.2,65.6,0
2026-02-14T09:18:00,48.06,44.4,61.7,65.0,0.051,9,5,1,0.0,10.0,22.1,0,0,1,1,48.06,45.3,5.4,44.8,0
2026-02-14T09:36:00,56.44,52.1,54.4,65.0,0.163,9,5,1,0.0,10.0,23.7,0,0,1,1,56.44,55.5,6.7,57.4,0
2026-02-14T09:54:00,14.71,17.7,44.4,50.0,0.112,9,5,1,0.0,10.0,18.0,0,0,0,2,14.71,18.5,2.2,20.0,0
2026-02-14T10:12:00,9.38,11.3,39.5,50.0,0.21,10,5,1,0.0,10.0,26.7,0,0,0,1,9.38,12.2,2.0,14.0,1
2026-02-14T10:30:00,55.67,51.4,58.5,65.0,0.1,10,5,1,0.9,3.7,27.7,0,0,0,2,55.67,53.5,6.4,59.4,1
2026-02-14T10:48:00,18.79,22.5,44.1,50.0,0.118,10,5,1,0.7,2.6,15.0,0,0,0,1,18.79,23.6,2.8,22.5,0
2026-02-14T11:06:00,60.94,56.3,59.1,65.0,0.091,11,5,1,0.0,10.0,32.7,0,0,0,1,60.94,58.3,7.0,66.0,1
2026-02-14T11:24:00,46.09,42.5,53.8,65.0,0.172,11,5,1,7.0,3.2,19.9,0,0,1,1,46.09,45.4,5.4,51.5,1
2026-02-14T11:42:00,32.17,29.7,52.8,65.0,0.188,11,5,1,0.0,10.0,22.5,0,0,2,1,32.17,31.9,3.8,40.5,1
2026-02-14T12:00:00,58.72,54.2,54.4,65.0,0.163,12,5,1,0.0,10.0,30.0,0,0,1,1,58.72,57.7,6.9,65.6,1
2026-02-14T12:18:00,19.51,23.4,47.9,50.0,0.042,12,5,1,0.0,10.0,27.8,0,0,1,1,19.51,23.8,2.9,25.0,0
2026-02-14T12:36:00,22.46,20.7,58.5,65.0,0.1,12,5,1,0.0,10.0,32.9,0,0,0,2,22.46,21.5,2.6,21.2,0
2026-02-14T12:54:00,26.65,24.6,57.4,65.0,0.117,12,5,1,0.0,10.0,33.8,0,0,2,2,26.65,25.8,3.1,30.1,1
2026-02-14T13:12:00,27.2,25.1,59.3,65.0,0.088,13,5,1,0.0,10.0,21.8,0,0,2,2,27.2,26.0,3.1,29.7,1
2026-02-14T13:30:00,15.44,18.5,41.0,50.0,0.18,13,5,1,0.0,10.0,33.2,0,0,1,2,15.44,19.8,2.4,19.8,0
2026-02-14T13:48:00,37.23,34.4,53.8,65.0,0.172,13,5,1,0.0,10.0,21.8,0,0,0,1,37.23,36.8,4.4,41.1,1
2026-02-14T14:06:00,28.63,26.4,55.8,65.0,0.142,14,5,1,0.0,10.0,28.7,0,0,1,2,28.63,27.9,3.3,28.2,0
2026-02-14T14:24:00,11.73,14.1,38.1,50.0,0.238,14,5,1,0.0,10.0,23.0,0,0,2,2,11.73,15.4,2.0,18.7,1
2026-02-14T14:42:00,29.18,26.9,58.0,65.0,0.108,14,5,1,0.0,10.0,24.3,0,0,0,2,29.18,28.1,3.4,26.9,0
2026-02-14T15:00:00,48.7,45.0,55.8,65.0,0.142,15,5,1,0.0,10.0,21.1,0,0,1,2,48.7,47.6,5.7,50.6,0
2026-02-14T15:18:00,41.06,37.9,34.8,65.0,0.465,15,5,1,0.0,10.0,30.2,1,3,0,2,41.06,44.9,5.4,78.8,1
2026-02-14T15:36:00,52.32,48.3,42.5,65.0,0.346,15,5,1,0.0,10.0,14.1,1,2,0,0,52.32,55.0,6.6,72.3,1
2026-02-14T15:54:00,39.63,36.6,55.1,65.0,0.152,15,5,1,0.0,10.0,24.6,0,0,1,2,39.63,38.8,4.7,43.8,1
2026-02-14T16:12:00,15.35,18.4,43.3,50.0,0.134,16,5,1,0.0,10.0,36.4,0,0,0,2,15.35,19.4,2.3,19.9,0
2026-02-14T16:30:00,24.44,22.6,55.5,65.0,0.146,16,5,1,0.0,10.0,23.3,0,0,0,2,24.44,23.9,2.9,28.2,1
2026-02-14T16:48:00,31.35,28.9,56.5,65.0,0.131,16,5,1,0.0,10.0,31.6,0,0,0,2,31.35,30.4,3.6,34.0,1
2026-02-14T17:06:00,51.92,47.9,54.7,65.0,0.158,17,5,1,0.0,10.0,28.1,0,0,0,1,51.92,50.9,6.1,61.5,1
2026-02-14T17:24:00,59.6,55.0,59.6,65.0,0.083,17,5,1,0.0,10.0,12.7,0,0,0,1,59.6,56.8,6.8,59.8,0
2026-02-14T17:42:00,29.83,27.5,53.6,65.0,0.175,17,5,1,0.0,10.0,31.6,0,0,0,1,29.83,29.4,3.5,34.8,1
2026-02-14T18:00:00,56.61,52.3,55.3,65.0,0.149,18,5,1,0.0,10.0,28.4,0,0,0,1,56.61,55.4,6.6,67.3,1
2026-02-14T18:18:00,54.96,50.7,58.5,65.0,0.1,18,5,1,0.0,10.0,11.7,0,0,0,0,54.96,52.7,6.3,58.8,1
2026-02-14T18:36:00,59.62,55.0,49.8,65.0,0.234,18,5,1,0.0,10.0,16.2,1,1,0,1,59.62,60.1,7.2,70.3,1
2026-02-14T18:54:00,58.67,54.2,57.1,65.0,0.122,18,5,1,0.0,10.0,23.5,0,0,1,1,58.67,56.8,6.8,59.0,0
2026-02-14T19:12:00,15.56,18.7,47.4,50.0,0.052,19,5,1,0.0,10.0,27.5,0,0,0,1,15.56,19.1,2.3,18.7,0
2026-02-14T19:30:00,14.94,17.9,41.2,50.0,0.176,19,5,1,0.0,10.0,30.1,0,0,0,0,14.94,19.2,2.3,22.9,1
2026-02-14T19:48:00,24.46,22.6,56.8,65.0,0.126,19,5,1,0.0,10.0,28.6,0,0,0,1,24.46,23.7,2.8,24.6,0
2026-02-14T20:06:00,34.21,31.6,53.5,65.0,0.177,20,5,1,0.0,10.0,23.6,0,0,0,1,34.21,33.8,4.1,39.1,1
2026-02-14T20:24:00,37.49,34.6,58.1,65.0,0.106,20,5,1,0.0,10.0,31.5,0,0,0,1,37.49,36.1,4.3,39.3,0
2026-02-14T20:42:00,47.29,43.7,53.6,65.0,0.175,20,5,1,0.0,10.0,39.2,0,0,0,2,47.29,46.8,5.6,54.9,1
2026-02-14T21:00:00,35.2,32.5,62.2,65.0,0.043,21,5,1,0.0,10.0,23.5,0,0,0,1,35.2,33.1,4.0,32.5,0
2026-02-14T21:18:00,29.66,27.4,60.0,65.0,0.077,21,5,1,0.0,10.0,22.6,0,0,0,1,29.66,28.2,3.4,30.6,0
2026-02-14T21:36:00,13.76,16.5,45.2,50.0,0.096,21,5,1,0.0,10.0,18.7,0,0,1,2,13.76,17.1,2.1,20.1,1
2026-02-14T21:54:00,36.73,33.9,55.3,65.0,0.149,21,5,1,0.0,10.0,26.3,0,0,1,1,36.73,35.9,4.3,38.2,0
2026-02-14T22:12:00,11.43,13.7,42.9,50.0,0.142,22,5,1,0.0,10.0,34.0,0,0,2,0,11.43,14.5,2.0,17.7,1
2026-02-14T22:30:00,30.34,28.0,52.5,65.0,0.192,22,5,1,3.0,3.1,33.7,0,0,1,2,30.34,30.2,3.6,39.5,1
2026-02-14T22:48:00,16.6,19.9,40.2,50.0,0.196,22,5,1,0.0,10.0,24.2,0,0,0,2,16.6,21.5,2.6,26.0,1
2026-02-14T23:06:00,31.41,29.0,45.0,65.0,0.308,23,5,1,3.5,2.3,17.4,0,0,0,1,31.41,32.6,3.9,49.3,1
2026-02-14T23:24:00,32.59,30.1,53.7,65.0,0.174,23,5,1,0.0,10.0,36.9,1,1,2,2,32.59,32.2,3.9,39.3,1
2026-02-14T23:42:00,54.47,50.3,54.0,65.0,0.169,23,5,1,0.0,10.0,21.1,0,0,0,2,54.47,53.7,6.4,60.9,1
2026-02-15T00:00:00,20.02,18.5,57.3,65.0,0.118,0,6,1,0.0,10.0,15.0,0,0,0,2,20.02,19.4,2.3,21.0,0
2026-02-15T00:18:00,22.4,20.7,55.7,65.0,0.143,0,6,1,0.0,10.0,23.1,0,0,0,0,22.4,21.9,2.6,20.7,0
2026-02-15T00:36:00,45.95,42.4,34.2,65.0,0.474,0,6,1,0.0,10.0,28.3,1,3,2,1,45.95,50.4,6.0,83.3,1
2026-02-15T00:54:00,14.05,16.9,44.6,50.0,0.108,0,6,1,0.0,10.0,34.8,0,0,1,2,14.05,17.6,2.1,19.2,0
2026-02-15T01:12:00,63.17,58.3,61.6,65.0,0.052,1,6,1,0.0,10.0,19.1,0,0,1,1,63.17,59.5,7.1,58.3,0
2026-02-15T01:30:00,44.7,41.3,47.1,65.0,0.275,1,6,1,0.0,10.0,27.8,1,1,0,2,44.7,45.8,5.5,58.6,1
2026-02-15T01:48:00,18.71,22.5,38.5,50.0,0.23,1,6,1,0.0,10.0,18.3,0,0,1,2,18.71,24.6,3.0,25.2,0
2026-02-15T02:06:00,49.84,46.0,53.9,65.0,0.171,2,6,1,0.0,10.0,33.6,0,0,0,1,49.84,49.1,5.9,58.6,1
2026-02-15T02:24:00,32.03,29.6,54.2,65.0,0.166,2,6,1,0.0,10.0,21.4,0,0,0,2,32.03,31.6,3.8,38.3,1
2026-02-15T02:42:00,8.01,9.6,33.7,50.0,0.326,2,6,1,0.0,10.0,25.4,1,1,0,1,8.01,10.9,2.0,20.0,1
2026-02-15T03:00:00,48.87,45.1,57.3,65.0,0.118,3,6,1,0.0,10.0,34.5,0,0,1,2,48.87,47.2,5.7,49.4,0
2026-02-15T03:18:00,11.69,14.0,44.1,50.0,0.118,3,6,1,0.0,10.0,28.8,0,0,1,1,11.69,14.7,2.0,18.3,1
2026-02-15T03:36:00,26.43,24.4,55.6,65.0,0.145,3,6,1,0.9,2.7,29.7,0,0,2,0,26.43,25.8,3.1,24.8,0
2026-02-15T03:54:00,39.92,36.8,53.8,65.0,0.172,3,6,1,0.0,10.0,24.9,0,0,0,2,39.92,39.3,4.7,44.6,1
2026-02-15T04:12:00,28.05,25.9,58.5,65.0,0.1,4,6,1,0.0,10.0,37.9,0,0,1,0,28.05,26.9,3.2,26.6,0
2026-02-15T04:30:00,14.31,17.2,46.6,50.0,0.068,4,6,1,0.0,10.0,24.0,0,0,1,2,14.31,17.7,2.1,19.4,0
2026-02-15T04:48:00,40.69,37.6,53.8,65.0,0.172,4,6,1,0.0,10.0,19.2,0,0,1,2,40.69,40.2,4.8,40.4,0
2026-02-15T05:06:00,63.74,58.8,60.6,65.0,0.068,5,6,1,0.0,10.0,25.4,0,0,0,2,63.74,60.4,7.2,58.9,0
2026-02-15T05:24:00,45.64,42.1,61.9,65.0,0.048,5,6,1,0.0,10.0,19.9,0,0,1,1,45.64,42.9,5.1,43.4,0
2026-02-15T05:42:00,14.62,17.5,44.5,50.0,0.11,5,6,1,0.0,10.0,38.0,0,0,0,2,14.62,18.3,2.2,18.9,0
2026-02-15T06:00:00,54.74,50.5,56.3,65.0,0.134,6,6,1,0.0,10.0,17.4,0,0,0,0,54.74,53.2,6.4,59.1,1
2026-02-15T06:18:00,62.82,58.0,59.7,65.0,0.082,6,6,1,0.0,10.0,19.1,0,0,1,0,62.82,59.9,7.2,64.5,0
2026-02-15T06:36:00,37.33,34.5,59.1,65.0,0.091,6,6,1,0.0,10.0,27.0,0,0,1,1,37.33,35.8,4.3,40.0,1
2026-02-15T06:54:00,47.92,44.2,42.1,65.0,0.352,6,6,1,0.0,10.0,31.2,1,2,0,0,47.92,50.4,6.0,70.0,1
2026-02-15T07:12:00,62.91,58.1,52.6,65.0,0.191,7,6,1,0.0,10.0,19.5,0,0,1,0,62.91,62.5,7.5,76.0,1
2026-02-15T07:30:00,56.83,52.5,62.1,65.0,0.045,7,6,1,0.0,10.0,25.5,0,0,1,0,56.83,53.4,6.4,55.7,0
2026-02-15T07:48:00,25.74,23.8,60.6,65.0,0.068,7,6,1,0.0,10.0,23.9,0,0,0,2,25.74,24.4,2.9,27.3,0
2026-02-15T08:06:00,39.5,36.5,59.4,65.0,0.086,8,6,1,0.0,10.0,32.7,0,0,0,2,39.5,37.8,4.5,38.8,0
2026-02-15T08:24:00,50.7,46.8,58.6,65.0,0.098,8,6,1,0.0,10.0,26.8,0,0,1,0,50.7,48.6,5.8,50.7,0
2026-02-15T08:42:00,28.81,26.6,50.6,65.0,0.222,8,6,1,0.0,10.0,27.2,0,0,1,1,28.81,29.0,3.5,34.9,1
2026-02-15T09:00:00,59.67,55.1,57.3,65.0,0.118,9,6,1,0.0,10.0,34.9,0,0,0,1,59.67,57.7,6.9,57.2,0
2026-02-15T09:18:00,58.56,54.1,56.5,65.0,0.131,9,6,1,0.0,10.0,19.0,0,0,1,0,58.56,56.9,6.8,62.6,1
2026-02-15T09:36:00,35.36,32.6,58.1,65.0,0.106,9,6,1,0.0,10.0,18.7,0,0,0,2,35.36,34.0,4.1,38.1,1
2026-02-15T09:54:00,13.71,16.5,44.0,50.0,0.12,9,6,1,0.0,10.0,27.0,0,0,1,1,13.71,17.3,2.1,20.1,1
2026-02-15T10:12:00,40.29,37.2,54.9,65.0,0.155,10,6,1,0.9,2.7,26.3,0,0,0,2,40.29,39.5,4.7,41.9,0
2026-02-15T10:30:00,15.71,18.9,34.5,50.0,0.31,10,6,1,0.0,10.0,30.2,1,1,0,1,15.71,21.2,2.5,25.1,1
2026-02-15T10:48:00,50.68,46.8,54.8,65.0,0.157,10,6,1,0.0,10.0,24.4,0,0,1,2,50.68,49.7,6.0,53.4,0
2026-02-15T11:06:00,61.94,57.2,52.7,65.0,0.189,11,6,1,0.0,10.0,38.1,0,0,0,2,61.94,61.5,7.4,72.4,1
2026-02-15T11:24:00,17.83,21.4,42.8,50.0,0.144,11,6,1,0.0,10.0,20.0,0,0,0,2,17.83,22.6,2.7,25.9,1
2026-02-15T11:42:00,48.28,44.6,64.0,65.0,0.015,11,6,1,0.0,10.0,21.7,0,0,0,1,48.28,44.9,5.4,46.7,0
2026-02-15T12:00:00,47.14,43.5,58.4,65.0,0.102,12,6,1,0.0,10.0,25.9,0,0,0,2,47.14,45.3,5.4,47.3,0
2026-02-15T12:18:00,43.08,39.8,55.6,65.0,0.145,12,6,1,0.0,10.0,21.7,0,0,1,2,43.08,42.1,5.1,46.6,1
2026-02-15T12:36:00,59.66,55.1,53.4,65.0,0.178,12,6,1,0.0,10.0,25.9,0,0,0,2,59.66,59.0,7.1,67.6,1
2026-02-15T12:54:00,13.09,15.7,41.3,50.0,0.174,12,6,1,0.0,10.0,21.3,0,0,1,0,13.09,16.8,2.0,19.3,1
2026-02-15T13:12:00,38.65,35.7,59.8,65.0,0.08,13,6,1,0.0,10.0,23.2,0,0,0,2,38.65,36.8,4.4,43.1,1
2026-02-15T13:30:00,49.72,45.9,60.2,65.0,0.074,13,6,1,0.0,10.0,20.7,0,0,1,1,49.72,47.3,5.7,46.7,0
2026-02-15T13:48:00,8.05,9.7,45.1,50.0,0.098,13,6,1,0.0,10.0,25.9,0,0,0,2,8.05,10.1,2.0,11.4,1
2026-02-15T14:06:00,60.38,55.7,51.3,65.0,0.211,14,6,1,0.0,10.0,18.5,0,0,2,2,60.38,60.4,7.2,72.8,1
2026-02-15T14:24:00,35.96,33.2,61.5,65.0,0.054,14,6,1,0.0,10.0,29.0,0,0,0,0,35.96,33.9,4.1,35.9,0
2026-02-15T14:42:00,37.58,34.7,48.7,65.0,0.251,14,6,1,5.3,2.6,34.3,0,0,0,2,37.58,38.2,4.6,45.1,1
2026-02-15T15:00:00,64.62,59.6,58.2,65.0,0.105,15,6,1,0.0,10.0,18.3,0,0,0,1,64.62,62.1,7.5,69.6,1
2026-02-15T15:18:00,29.19,26.9,57.6,65.0,0.114,15,6,1,0.0,10.0,22.3,0,0,0,1,29.19,28.1,3.4,31.5,1
2026-02-15T15:36:00,59.84,55.2,58.3,65.0,0.103,15,6,1,0.6,4.4,28.9,0,0,0,1,59.84,57.5,6.9,64.4,1
2026-02-15T15:54:00,53.23,49.1,56.8,65.0,0.126,15,6,1,0.0,10.0,33.3,0,0,1,2,53.23,51.6,6.2,55.2,0
2026-02-15T16:12:00,54.17,50.0,56.3,65.0,0.134,16,6,1,0.0,10.0,27.0,0,0,0,1,54.17,52.7,6.3,54.6,0
2026-02-15T16:30:00,13.16,15.8,44.3,50.0,0.114,16,6,1,0.0,10.0,25.6,0,0,0,2,13.16,16.5,2.0,20.0,1
2026-02-15T16:48:00,15.49,18.6,45.1,50.0,0.098,16,6,1,0.0,10.0,35.0,0,0,0,2,15.49,19.3,2.3,19.1,0
2026-02-15T17:06:00,62.95,58.1,54.6,65.0,0.16,17,6,1,0.0,10.0,16.7,0,0,0,2,62.95,61.8,7.4,68.1,1
2026-02-15T17:24:00,41.24,38.1,54.2,65.0,0.166,17,6,1,0.0,10.0,34.8,0,0,0,0,41.24,40.6,4.9,47.3,1
2026-02-15T17:42:00,27.81,25.7,56.8,65.0,0.126,17,6,1,0.0,10.0,22.1,0,0,0,1,27.81,27.0,3.2,27.9,0
2026-02-15T18:00:00,51.34,47.4,57.8,65.0,0.111,18,6,1,0.0,10.0,29.0,0,0,2,2,51.34,49.5,5.9,53.8,0
2026-02-15T18:18:00,46.85,43.2,46.6,65.0,0.283,18,6,1,0.0,10.0,27.0,1,1,0,2,46.85,48.1,5.8,61.6,1
2026-02-15T18:36:00,60.2,55.6,59.6,65.0,0.083,18,6,1,0.0,10.0,26.4,0,0,0,2,60.2,57.4,6.9,58.2,0
2026-02-15T18:54:00,8.48,10.2,50.6,50.0,0.0,18,6,1,0.0,10.0,24.2,0,0,2,1,8.48,10.2,2.0,11.5,0
2026-02-15T19:12:00,55.78,51.5,61.0,65.0,0.062,19,6,1,0.0,10.0,32.4,0,0,0,2,55.78,52.8,6.3,55.3,0
2026-02-15T19:30:00,64.64,59.7,58.2,65.0,0.105,19,6,1,0.0,10.0,21.9,0,0,2,2,64.64,62.2,7.5,66.7,0
2026-02-15T19:48:00,38.95,36.0,60.6,65.0,0.068,19,6,1,0.0,10.0,33.8,0,0,0,0,38.95,37.0,4.4,38.5,0
2026-02-15T20:06:00,60.42,55.8,29.8,65.0,0.542,20,6,1,0.0,10.0,22.4,1,3,1,2,60.42,67.9,8.1,122.7,1
2026-02-15T20:24:00,35.83,33.1,58.8,65.0,0.095,20,6,1,0.0,10.0,39.1,0,0,2,2,35.83,34.4,4.1,33.6,0
2026-02-15T20:42:00,10.43,12.5,49.1,50.0,0.018,20,6,1,0.0,10.0,20.8,0,0,2,2,10.43,12.6,2.0,13.3,0
2026-02-15T21:00:00,64.17,59.2,60.1,65.0,0.075,21,6,1,0.0,10.0,28.5,0,0,1,1,64.17,61.0,7.3,64.1,0
2026-02-15T21:18:00,23.58,21.8,62.1,65.0,0.045,21,6,1,0.0,10.0,26.9,0,0,0,0,23.58,22.2,2.7,21.8,0
2026-02-15T21:36:00,55.18,50.9,51.4,65.0,0.209,21,6,1,0.0,10.0,21.9,0,0,0,0,55.18,55.2,6.6,62.9,1
2026-02-15T21:54:00,63.96,59.0,45.8,65.0,0.295,21,6,1,2.0,3.7,31.8,1,1,0,2,63.96,66.0,7.9,86.3,1
2026-02-15T22:12:00,31.69,29.3,57.6,65.0,0.114,22,6,1,0.0,10.0,22.3,0,0,2,0,31.69,30.6,3.7,33.9,1
2026-02-15T22:30:00,20.6,19.0,56.7,65.0,0.128,22,6,1,0.4,3.0,31.9,0,0,1,1,20.6,20.0,2.4,22.2,1
2026-02-15T22:48:00,18.3,22.0,44.7,50.0,0.106,22,6,1,0.0,10.0,16.4,0,0,1,2,18.3,22.9,2.7,28.4,1
2026-02-15T23:06:00,16.81,20.2,49.5,50.0,0.01,23,6,1,0.0,10.0,30.0,0,0,2,2,16.81,20.3,2.4,22.1,0
2026-02-15T23:24:00,64.59,59.6,54.9,65.0,0.155,23,6,1,0.0,10.0,37.8,0,0,0,1,64.59,63.3,7.6,74.1,1
2026-02-15T23:42:00,16.83,20.2,42.8,50.0,0.144,23,6,1,0.0,10.0,28.8,0,0,1,2,16.83,21.4,2.6,25.0,1
2026-02-16T00:00:00,19.29,23.1,34.1,50.0,0.318,0,0,0,6.8,2.3,24.6,0,0,2,2,19.29,26.0,3.1,30.8,1
2026-02-16T00:18:00,23.16,21.4,53.3,65.0,0.18,0,0,0,1.8,3.8,28.0,0,0,0,2,23.16,22.9,2.7,27.5,1
2026-02-16T00:36:00,60.25,55.6,54.1,65.0,0.168,0,0,0,0.0,10.0,23.3,0,0,1,2,60.25,59.3,7.1,63.1,0
2026-02-16T00:54:00,8.51,10.2,41.9,50.0,0.162,0,0,0,0.0,10.0,20.5,0,0,0,0,8.51,10.9,2.0,11.2,0
2026-02-16T01:12:00,13.74,16.5,46.9,50.0,0.062,1,0,0,0.0,10.0,35.3,0,0,2,2,13.74,16.9,2.0,22.4,1
2026-02-16T01:30:00,37.67,34.8,56.8,65.0,0.126,1,0,0,0.0,10.0,27.8,0,0,1,2,37.67,36.6,4.4,37.6,0
2026-02-16T01:48:00,43.94,40.6,55.2,65.0,0.151,1,0,0,0.0,10.0,20.1,0,0,1,2,43.94,43.1,5.2,52.0,1
2026-02-16T02:06:00,40.74,37.6,55.3,65.0,0.149,2,0,0,0.0,10.0,21.6,0,0,1,0,40.74,39.8,4.8,46.8,1
2026-02-16T02:24:00,30.23,27.9,54.3,65.0,0.165,2,0,0,0.0,10.0,22.0,0,0,0,2,30.23,29.7,3.6,27.9,0
2026-02-16T02:42:00,43.86,40.5,44.0,65.0,0.323,2,0,0,0.0,10.0,24.4,1,1,1,2,43.86,45.7,5.5,60.3,1
2026-02-16T03:00:00,37.13,34.3,49.3,65.0,0.242,3,0,0,0.0,10.0,15.7,1,1,0,2,37.13,37.6,4.5,45.4,1
2026-02-16T03:18:00,27.76,25.6,59.8,65.0,0.08,3,0,0,0.0,10.0,14.6,0,0,1,1,27.76,26.4,3.2,28.6,0
2026-02-16T03:36:00,40.45,37.3,60.0,65.0,0.077,3,0,0,0.0,10.0,28.3,0,0,0,0,40.45,38.4,4.6,41.4,0
2026-02-16T03:54:00,31.74,29.3,57.4,65.0,0.117,3,0,0,0.0,10.0,23.3,0,0,0,1,31.74,30.7,3.7,30.0,0
2026-02-16T04:12:00,50.07,46.2,54.0,65.0,0.169,4,0,0,2.5,3.9,27.8,0,0,0,2,50.07,49.3,5.9,50.2,0
2026-02-16T04:30:00,18.98,22.8,42.1,50.0,0.158,4,0,0,2.9,3.8,31.4,0,0,2,0,18.98,24.2,2.9,27.4,1
2026-02-16T04:48:00,54.0,49.8,53.6,65.0,0.175,4,0,0,0.0,10.0,25.9,0,0,2,2,54.0,53.3,6.4,65.9,1
2026-02-16T05:06:00,33.4,30.8,57.2,65.0,0.12,5,0,0,0.0,10.0,25.2,0,0,1,2,33.4,32.3,3.9,35.8,1
2026-02-16T05:24:00,37.31,34.4,46.6,65.0,0.283,5,0,0,0.0,10.0,23.1,1,1,2,2,37.31,38.3,4.6,45.0,1
2026-02-16T05:42:00,52.98,48.9,54.5,65.0,0.162,5,0,0,0.0,10.0,23.0,0,0,0,1,52.98,52.1,6.3,54.7,0
2026-02-16T06:00:00,62.06,57.3,60.5,65.0,0.069,6,0,0,0.0,10.0,31.1,0,0,1,2,62.06,58.9,7.1,63.8,0
2026-02-16T06:18:00,47.3,43.7,59.2,65.0,0.089,6,0,0,0.0,10.0,32.9,0,0,1,1,47.3,45.3,5.4,51.1,1
2026-02-16T06:36:00,23.64,21.8,59.2,65.0,0.089,6,0,0,0.0,10.0,34.9,0,0,0,2,23.64,22.6,2.7,30.0,1
2026-02-16T06:54:00,36.5,33.7,55.2,65.0,0.151,6,0,0,0.0,10.0,37.8,0,0,0,1,36.5,35.7,4.3,41.1,1
2026-02-16T07:12:00,57.41,53.0,54.1,65.0,0.168,7,0,0,0.0,10.0,26.4,0,0,0,1,57.41,56.6,6.8,63.6,1
2026-02-16T07:30:00,21.83,20.2,58.0,65.0,0.108,7,0,0,0.0,10.0,24.2,0,0,1,1,21.83,21.1,2.5,26.6,1
2026-02-16T07:48:00,64.45,59.5,61.2,65.0,0.058,7,0,0,0.0,10.0,31.0,0,0,0,1,64.45,60.9,7.3,61.2,0
2026-02-16T08:06:00,59.52,54.9,43.4,65.0,0.332,8,0,0,0.0,10.0,29.7,0,0,0,2,59.52,62.2,7.5,78.8,1
2026-02-16T08:24:00,61.87,57.1,42.2,65.0,0.351,8,0,0,0.0,10.0,31.5,0,0,1,1,61.87,65.1,7.8,89.8,1
2026-02-16T08:42:00,36.11,33.3,42.5,65.0,0.346,8,0,0,0.8,3.9,31.0,0,0,0,2,36.11,37.9,4.5,56.4,1
2026-02-16T09:00:00,48.98,45.2,41.2,65.0,0.366,9,0,0,0.0,10.0,24.4,0,0,1,1,48.98,51.8,6.2,67.0,1
2026-02-16T09:18:00,26.83,24.8,41.1,65.0,0.368,9,0,0,0.0,10.0,24.1,0,0,1,2,26.83,28.5,3.4,45.7,1
2026-02-16T09:36:00,34.27,31.6,41.2,65.0,0.366,9,0,0,0.0,10.0,26.4,0,0,0,1,34.27,36.2,4.3,50.0,1
2026-02-16T09:54:00,54.31,50.1,29.9,65.0,0.54,9,0,0,0.0,10.0,30.3,1,1,2,2,54.31,60.9,7.3,104.5,1
2026-02-16T10:12:00,28.87,26.6,38.0,65.0,0.415,10,0,0,0.0,10.0,20.6,0,0,1,2,28.87,31.0,3.7,41.9,1
2026-02-16T10:30:00,21.95,20.3,40.6,65.0,0.375,10,0,0,0.0,10.0,19.7,0,0,0,2,21.95,23.3,2.8,38.6,1
2026-02-16T10:48:00,17.72,21.3,23.6,50.0,0.528,10,0,0,3.4,4.0,29.3,0,0,0,2,17.72,25.8,3.1,42.5,1
2026-02-16T11:06:00,36.11,33.3,45.1,65.0,0.306,11,0,0,2.6,2.1,24.9,0,0,0,2,36.11,37.4,4.5,45.8,1
2026-02-16T11:24:00,18.37,22.0,40.3,50.0,0.194,11,0,0,0.0,10.0,29.9,0,0,1,1,18.37,23.7,2.8,31.9,1
2026-02-16T11:42:00,31.7,29.3,60.3,65.0,0.072,11,0,0,0.0,10.0,22.2,0,0,1,1,31.7,30.1,3.6,31.8,0
2026-02-16T12:00:00,11.9,14.3,37.7,50.0,0.246,12,0,0,0.0,10.0,30.5,0,0,1,1,11.9,15.7,2.0,17.2,1
2026-02-16T12:18:00,18.93,22.7,42.5,50.0,0.15,12,0,0,0.0,10.0,28.9,0,0,0,1,18.93,24.1,2.9,27.6,1
2026-02-16T12:36:00,36.54,33.7,48.9,65.0,0.248,12,0,0,0.0,10.0,24.3,1,1,1,1,36.54,37.0,4.4,46.2,1
2026-02-16T12:54:00,55.55,51.3,53.9,65.0,0.171,12,0,0,0.0,10.0,33.5,0,0,0,1,55.55,54.8,6.6,58.8,0
2026-02-16T13:12:00,41.92,38.7,29.1,65.0,0.552,13,0,0,0.0,10.0,43.4,1,3,0,2,41.92,47.2,5.7,84.1,1
2026-02-16T13:30:00,26.11,24.1,52.0,65.0,0.2,13,0,0,0.0,10.0,35.7,0,0,1,2,26.11,26.0,3.1,31.7,1
2026-02-16T13:48:00,38.49,35.5,48.8,65.0,0.249,13,0,0,5.5,3.9,23.6,0,0,1,1,38.49,39.0,4.7,49.7,1
2026-02-16T14:06:00,58.68,54.2,55.2,65.0,0.151,14,0,0,1.9,3.8,20.4,0,0,1,2,58.68,57.5,6.9,62.1,0
2026-02-16T14:24:00,26.98,24.9,58.7,65.0,0.097,14,0,0,0.0,10.0,24.1,0,0,1,0,26.98,25.9,3.1,24.9,0
2026-02-16T14:42:00,54.91,50.7,58.1,65.0,0.106,14,0,0,0.0,10.0,33.2,0,0,1,0,54.91,52.8,6.3,57.0,0
2026-02-16T15:00:00,39.06,36.1,60.2,65.0,0.074,15,0,0,0.0,10.0,34.1,0,0,2,2,39.06,37.2,4.5,40.2,0
2026-02-16T15:18:00,57.77,53.3,60.5,65.0,0.069,15,0,0,0.0,10.0,21.9,0,0,0,1,57.77,54.8,6.6,55.7,0
2026-02-16T15:36:00,46.6,43.0,57.9,65.0,0.109,15,0,0,0.0,10.0,30.1,0,0,2,2,46.6,44.9,5.4,44.0,0
2026-02-16T15:54:00,64.18,59.2,54.6,65.0,0.16,15,0,0,1.6,2.9,28.2,0,0,2,2,64.18,63.0,7.6,72.3,1
2026-02-16T16:12:00,56.72,52.4,51.6,65.0,0.206,16,0,0,0.0,10.0,24.0,0,0,0,2,56.72,56.7,6.8,64.6,1
2026-02-16T16:30:00,43.59,40.2,53.5,65.0,0.177,16,0,0,0.0,10.0,20.7,0,0,0,1,43.59,43.0,5.2,48.5,1
2026-02-16T16:48:00,20.39,18.8,55.9,65.0,0.14,16,0,0,0.0,10.0,33.9,0,0,2,0,20.39,19.9,2.4,23.2,1
2026-02-16T17:06:00,37.39,34.5,37.0,65.0,0.431,17,0,0,0.5,2.1,12.3,0,0,0,1,37.39,40.4,4.8,58.0,1
2026-02-16T17:24:00,46.9,43.3,43.5,65.0,0.331,17,0,0,0.0,10.0,23.4,0,0,1,0,46.9,49.0,5.9,67.0,1
2026-02-16T17:42:00,50.79,46.9,40.8,65.0,0.372,17,0,0,0.0,10.0,31.4,0,0,1,1,50.79,53.9,6.5,78.4,1
2026-02-16T18:00:00,54.57,50.4,41.8,65.0,0.357,18,0,0,0.0,10.0,30.2,0,0,1,2,54.57,57.6,6.9,78.7,1
2026-02-16T18:18:00,59.79,55.2,34.7,65.0,0.466,18,0,0,6.1,3.5,21.9,0,0,0,2,59.79,65.5,7.9,104.5,1
2026-02-16T18:36:00,21.82,20.1,39.2,65.0,0.397,18,0,0,0.0,10.0,25.0,0,0,1,0,21.82,23.3,2.8,32.7,1
2026-02-16T18:54:00,24.14,22.3,32.9,65.0,0.494,18,0,0,1.2,3.1,20.8,0,0,0,1,24.14,26.7,3.2,46.9,1
2026-02-16T19:12:00,49.57,45.8,40.3,65.0,0.38,19,0,0,0.0,10.0,30.0,0,0,1,2,49.57,52.8,6.3,75.5,1
2026-02-16T19:30:00,41.87,38.6,39.9,65.0,0.386,19,0,0,0.0,10.0,27.6,0,0,0,1,41.87,44.6,5.4,63.8,1
2026-02-16T19:48:00,52.81,48.7,44.7,65.0,0.312,19,0,0,0.0,10.0,29.7,0,0,1,0,52.81,54.8,6.6,74.6,1
2026-02-16T20:06:00,9.65,11.6,24.6,50.0,0.508,20,0,0,0.0,10.0,27.2,0,0,1,0,9.65,14.0,2.0,23.5,1
2026-02-16T20:24:00,18.08,21.7,27.3,50.0,0.454,20,0,0,0.0,10.0,26.9,0,0,2,2,18.08,25.6,3.1,42.2,1
2026-02-16T20:42:00,26.32,24.3,37.4,65.0,0.425,20,0,0,0.0,10.0,28.0,0,0,1,2,26.32,28.4,3.4,41.0,1
2026-02-16T21:00:00,23.19,21.4,57.2,65.0,0.12,21,0,0,0.0,10.0,34.0,0,0,2,1,23.19,22.4,2.7,23.2,0
2026-02-16T21:18:00,35.68,32.9,53.4,65.0,0.178,21,0,0,0.0,10.0,34.3,0,0,1,1,35.68,35.2,4.2,41.0,1
2026-02-16T21:36:00,54.58,50.4,54.9,65.0,0.155,21,0,0,0.0,10.0,28.2,0,0,2,2,54.58,53.5,6.4,60.1,1
2026-02-16T21:54:00,16.48,19.8,49.9,50.0,0.002,21,0,0,0.0,10.0,26.2,0,0,0,0,16.48,19.8,2.4,22.7,0
2026-02-16T22:12:00,15.51,18.6,40.9,50.0,0.182,22,0,0,0.0,10.0,38.7,0,0,0,0,15.51,20.0,2.4,18.6,0
2026-02-16T22:30:00,33.46,30.9,56.5,65.0,0.131,22,0,0,0.0,10.0,21.3,0,0,0,2,33.46,32.5,3.9,34.9,0
2026-02-16T22:48:00,43.56,40.2,53.6,65.0,0.175,22,0,0,0.0,10.0,35.4,0,0,1,2,43.56,43.0,5.2,48.5,1
2026-02-16T23:06:00,41.89,38.7,59.5,65.0,0.085,23,0,0,0.0,10.0,14.7,0,0,2,1,41.89,40.0,4.8,41.9,0
2026-02-16T23:24:00,40.62,37.5,56.0,65.0,0.138,23,0,0,0.8,2.8,37.5,0,0,0,2,40.62,39.6,4.8,44.8,1
2026-02-16T23:42:00,17.49,21.0,42.1,50.0,0.158,23,0,0,0.0,10.0,23.0,0,0,1,1,17.49,22.3,2.7,25.2,1
2026-02-17T00:00:00,26.77,24.7,59.5,65.0,0.085,0,1,0,0.0,10.0,26.7,0,0,0,1,26.77,25.5,3.1,29.2,1
2026-02-17T00:18:00,13.27,15.9,43.6,50.0,0.128,0,1,0,0.0,10.0,29.1,0,0,2,2,13.27,16.7,2.0,20.0,1
2026-02-17T00:36:00,15.2,18.2,44.9,50.0,0.102,0,1,0,0.0,10.0,33.7,0,0,2,2,15.2,18.9,2.3,23.0,1
2026-02-17T00:54:00,23.62,21.8,52.5,65.0,0.192,0,1,0,1.6,2.1,32.4,0,0,0,0,23.62,23.5,2.8,29.0,1
2026-02-17T01:12:00,39.87,36.8,61.4,65.0,0.055,1,1,0,0.0,10.0,24.3,0,0,1,2,39.87,37.6,4.5,38.4,0
2026-02-17T01:30:00,20.37,18.8,51.6,65.0,0.206,1,1,0,0.0,10.0,34.5,0,0,0,1,20.37,20.3,2.4,27.4,1
2026-02-17T01:48:00,21.65,20.0,52.6,65.0,0.191,1,1,0,0.0,10.0,22.1,0,0,0,2,21.65,21.5,2.6,20.9,0
2026-02-17T02:06:00,64.91,59.9,52.3,65.0,0.195,2,1,0,3.6,2.5,22.2,0,0,1,2,64.91,64.6,7.8,76.4,1
2026-02-17T02:24:00,15.98,19.2,39.0,50.0,0.22,2,1,0,0.0,10.0,20.6,0,0,0,1,15.98,20.9,2.5,19.2,0
2026-02-17T02:42:00,11.42,13.7,41.9,50.0,0.162,2,1,0,2.5,2.7,23.5,0,0,1,2,11.42,14.6,2.0,16.3,1
2026-02-17T03:00:00,8.96,10.8,40.5,50.0,0.19,3,1,0,0.0,10.0,30.5,0,0,0,2,8.96,11.6,2.0,14.5,1
2026-02-17T03:18:00,56.0,51.7,56.1,65.0,0.137,3,1,0,0.0,10.0,36.0,0,0,1,0,56.0,54.5,6.5,58.2,0
2026-02-17T03:36:00,26.29,24.3,61.2,65.0,0.058,3,1,0,0.0,10.0,20.2,0,0,1,1,26.29,24.9,3.0,24.3,0
2026-02-17T03:54:00,56.33,52.0,47.8,65.0,0.265,3,1,0,0.0,10.0,25.3,1,1,0,1,56.33,57.5,6.9,73.5,1
2026-02-17T04:12:00,12.49,15.0,18.0,50.0,0.64,4,1,0,0.0,10.0,28.1,1,3,0,1,12.49,18.8,2.3,39.2,1
2026-02-17T04:30:00,12.3,14.8,42.2,50.0,0.156,4,1,0,0.0,10.0,28.4,0,0,1,2,12.3,15.7,2.0,15.4,0
2026-02-17T04:48:00,30.66,28.3,59.4,65.0,0.086,4,1,0,0.0,10.0,23.7,0,0,1,0,30.66,29.3,3.5,36.4,1
2026-02-17T05:06:00,58.64,54.1,50.1,65.0,0.229,5,1,0,3.5,3.2,37.0,0,0,0,2,58.64,59.1,7.1,67.9,1
2026-02-17T05:24:00,37.25,34.4,57.8,65.0,0.111,5,1,0,0.0,10.0,24.0,0,0,2,2,37.25,35.9,4.3,41.1,1
2026-02-17T05:42:00,22.88,21.1,51.6,65.0,0.206,5,1,0,0.0,10.0,22.0,0,0,1,0,22.88,22.8,2.7,25.6,1
2026-02-17T06:00:00,11.68,14.0,49.0,50.0,0.02,6,1,0,0.0,10.0,20.0,0,0,0,2,11.68,14.1,2.0,14.0,0
2026-02-17T06:18:00,18.0,21.6,48.2,50.0,0.036,6,1,0,0.0,10.0,27.8,0,0,0,2,18.0,21.9,2.6,21.6,0
2026-02-17T06:36:00,11.16,13.4,48.0,50.0,0.04,6,1,0,0.1,4.6,33.0,0,0,0,0,11.16,13.6,2.0,16.4,1
2026-02-17T06:54:00,9.75,11.7,48.4,50.0,0.032,6,1,0,0.0,10.0,34.3,0,0,0,1,9.75,11.8,2.0,11.7,0
2026-02-17T07:12:00,14.8,17.8,38.5,50.0,0.23,7,1,0,2.2,3.8,34.1,0,0,2,2,14.8,19.4,2.3,26.1,1
2026-02-17T07:30:00,9.57,11.5,44.7,50.0,0.106,7,1,0,0.0,10.0,34.2,0,0,1,2,9.57,12.0,2.0,13.2,0
2026-02-17T07:48:00,35.4,32.7,61.3,65.0,0.057,7,1,0,0.0,10.0,30.3,0,0,1,1,35.4,33.4,4.0,34.4,0
2026-02-17T08:06:00,64.84,59.9,41.3,65.0,0.365,8,1,0,0.0,10.0,17.9,0,0,0,0,64.84,68.6,8.2,93.5,1
2026-02-17T08:24:00,12.94,15.5,26.7,50.0,0.466,8,1,0,0.0,10.0,30.9,0,0,0,2,12.94,18.4,2.2,24.5,1
2026-02-17T08:42:00,56.57,52.2,41.1,65.0,0.368,8,1,0,0.0,10.0,32.7,0,0,0,2,56.57,59.9,7.2,79.4,1
2026-02-17T09:00:00,46.67,43.1,32.3,65.0,0.503,9,1,0,4.8,2.3,23.7,0,0,1,2,46.67,51.8,6.2,82.3,1
2026-02-17T09:18:00,56.75,52.4,40.7,65.0,0.374,9,1,0,0.0,10.0,30.2,0,0,1,0,56.75,60.2,7.2,85.4,1
2026-02-17T09:36:00,19.74,23.7,34.1,50.0,0.318,9,1,0,0.0,10.0,19.1,0,0,0,2,19.74,26.7,3.2,35.3,1
2026-02-17T09:54:00,61.67,56.9,43.4,65.0,0.332,9,1,0,0.0,10.0,29.2,0,0,2,0,61.67,64.5,7.7,85.1,1
2026-02-17T10:12:00,42.09,38.9,35.2,65.0,0.458,10,1,0,3.4,2.3,25.2,0,0,1,2,42.09,46.0,5.5,70.2,1
2026-02-17T10:30:00,43.33,40.0,42.1,65.0,0.352,10,1,0,0.0,10.0,26.6,0,0,0,1,43.33,45.6,5.5,64.7,1
2026-02-17T10:48:00,36.67,33.8,31.8,65.0,0.511,10,1,0,4.7,3.5,30.1,0,0,0,1,36.67,40.7,4.9,65.9,1
2026-02-17T11:06:00,45.48,42.0,56.2,65.0,0.135,11,1,0,0.0,10.0,25.9,0,0,1,0,45.48,44.3,5.3,51.4,1
2026-02-17T11:24:00,64.8,59.8,55.8,65.0,0.142,11,1,0,0.0,10.0,19.6,0,0,0,0,64.8,63.2,7.6,71.9,1
2026-02-17T11:42:00,29.66,27.4,49.6,65.0,0.237,11,1,0,0.0,10.0,31.1,1,1,2,1,29.66,30.0,3.6,34.1,1
2026-02-17T12:00:00,50.17,46.3,54.1,65.0,0.168,12,1,0,0.1,2.1,19.5,0,0,0,2,50.17,49.4,5.9,57.1,1
2026-02-17T12:18:00,50.56,46.7,56.7,65.0,0.128,12,1,0,0.0,10.0,29.4,0,0,0,2,50.56,49.1,5.9,57.8,1
2026-02-17T12:36:00,46.72,43.1,33.7,65.0,0.482,12,1,0,0.0,10.0,31.9,1,3,0,2,46.72,51.4,6.2,81.1,1
2026-02-17T12:54:00,43.47,40.1,58.2,65.0,0.105,12,1,0,0.0,10.0,24.3,0,0,0,2,43.47,41.8,5.0,47.4,1
2026-02-17T13:12:00,16.56,19.9,44.7,50.0,0.106,13,1,0,0.0,10.0,33.1,0,0,1,1,16.56,20.7,2.5,25.2,1
2026-02-17T13:30:00,13.23,15.9,47.8,50.0,0.044,13,1,0,0.0,10.0,30.9,0,0,0,1,13.23,16.2,2.0,16.7,0
2026-02-17T13:48:00,31.13,28.7,57.4,65.0,0.117,13,1,0,0.0,10.0,28.4,0,0,2,2,31.13,30.0,3.6,29.7,0
2026-02-17T14:06:00,51.31,47.4,54.3,65.0,0.165,14,1,0,0.0,10.0,29.5,0,0,0,2,51.31,50.5,6.1,62.0,1
2026-02-17T14:24:00,26.71,24.7,50.4,65.0,0.225,14,1,0,0.0,10.0,34.6,0,0,1,2,26.71,26.9,3.2,30.6,1
2026-02-17T14:42:00,34.91,32.2,53.2,65.0,0.182,14,1,0,0.0,10.0,31.3,0,0,2,2,34.91,34.5,4.1,37.6,1
2026-02-17T15:00:00,61.77,57.0,54.6,65.0,0.16,15,1,0,0.0,10.0,31.3,0,0,0,1,61.77,60.6,7.3,63.4,0
2026-02-17T15:18:00,23.3,21.5,54.0,65.0,0.169,15,1,0,0.0,10.0,29.5,0,0,2,0,23.3,23.0,2.8,23.7,0
2026-02-17T15:36:00,54.56,50.4,55.7,65.0,0.143,15,1,0,0.0,10.0,30.1,0,0,1,2,54.56,53.3,6.4,61.3,1
2026-02-17T15:54:00,58.81,54.3,55.0,65.0,0.154,15,1,0,0.0,10.0,24.9,0,0,0,1,58.81,57.6,6.9,68.8,1
2026-02-17T16:12:00,20.01,18.5,58.3,65.0,0.103,16,1,0,0.0,10.0,37.1,0,0,0,1,20.01,19.3,2.3,21.8,1
2026-02-17T16:30:00,52.28,48.3,59.9,65.0,0.078,16,1,0,0.0,10.0,31.0,0,0,2,2,52.28,49.8,6.0,51.9,0
2026-02-17T16:48:00,63.08,58.2,58.7,65.0,0.097,16,1,0,0.0,10.0,35.0,0,0,0,0,63.08,60.5,7.3,67.2,1
2026-02-17T17:06:00,38.82,35.8,30.5,65.0,0.531,17,1,0,0.0,10.0,29.6,0,0,1,1,38.82,43.4,5.2,78.5,1
2026-02-17T17:24:00,33.44,30.9,38.1,65.0,0.414,17,1,0,0.0,10.0,17.7,0,0,1,1,33.44,36.0,4.3,52.1,1
2026-02-17T17:42:00,50.43,46.6,39.6,65.0,0.391,17,1,0,0.0,10.0,26.1,0,0,1,1,50.43,53.9,6.5,73.9,1
2026-02-17T18:00:00,13.19,15.8,32.1,50.0,0.358,18,1,0,0.0,10.0,27.2,0,0,2,2,13.19,18.1,2.2,22.9,1
2026-02-17T18:18:00,16.92,20.3,31.3,50.0,0.374,18,1,0,0.0,10.0,29.7,0,0,0,0,16.92,23.3,2.8,32.0,1
2026-02-17T18:36:00,64.2,59.3,41.7,65.0,0.358,18,1,0,0.0,10.0,35.5,0,0,1,0,64.2,67.8,8.1,93.3,1
2026-02-17T18:54:00,14.59,17.5,25.3,50.0,0.494,18,1,0,0.0,10.0,24.8,0,0,0,1,14.59,21.0,2.5,33.9,1
2026-02-17T19:12:00,20.72,19.1,37.9,65.0,0.417,19,1,0,0.0,10.0,21.5,0,0,0,1,20.72,22.3,2.7,36.0,1
2026-02-17T19:30:00,20.14,18.6,40.7,65.0,0.374,19,1,0,0.0,10.0,28.1,0,0,1,2,20.14,21.4,2.6,29.2,1
2026-02-17T19:48:00,60.21,55.6,38.0,65.0,0.415,19,1,0,0.0,10.0,20.7,0,0,0,2,60.21,64.8,7.8,94.2,1
2026-02-17T20:06:00,30.88,28.5,40.8,65.0,0.372,20,1,0,0.0,10.0,26.6,0,0,0,1,30.88,32.7,3.9,43.5,1
2026-02-17T20:24:00,64.26,59.3,36.1,65.0,0.445,20,1,0,1.1,4.0,26.0,0,0,2,2,64.26,69.9,8.4,106.6,1
2026-02-17T20:42:00,23.39,21.6,32.6,65.0,0.498,20,1,0,6.9,2.5,39.2,0,0,0,2,23.39,25.9,3.1,41.5,1
2026-02-17T21:00:00,55.61,51.3,56.7,65.0,0.128,21,1,0,0.0,10.0,41.6,0,0,1,1,55.61,53.9,6.5,63.5,1
2026-02-17T21:18:00,36.51,33.7,62.2,65.0,0.043,21,1,0,0.0,10.0,31.8,0,0,0,2,36.51,34.3,4.1,35.2,0
2026-02-17T21:36:00,42.89,39.6,55.5,65.0,0.146,21,1,0,0.0,10.0,31.5,0,0,1,0,42.89,41.9,5.0,47.4,1
2026-02-17T21:54:00,8.54,10.2,44.7,50.0,0.106,21,1,0,0.0,10.0,28.7,0,0,0,2,8.54,10.6,2.0,12.1,1
2026-02-17T22:12:00,55.58,51.3,58.6,65.0,0.098,22,1,0,0.0,10.0,34.0,0,0,0,0,55.58,53.3,6.4,54.6,0
2026-02-17T22:30:00,21.74,20.1,59.0,65.0,0.092,22,1,0,0.0,10.0,20.1,0,0,0,2,21.74,20.8,2.5,20.5,0
2026-02-17T22:48:00,37.36,34.5,31.2,65.0,0.52,22,1,0,0.0,10.0,29.8,1,3,0,0,37.36,41.7,5.0,70.4,1
2026-02-17T23:06:00,14.08,16.9,45.7,50.0,0.086,23,1,0,0.0,10.0,26.1,0,0,1,1,14.08,17.5,2.1,20.5,1
2026-02-17T23:24:00,61.98,57.2,56.4,65.0,0.132,23,1,0,0.0,10.0,25.4,0,0,0,0,61.98,60.2,7.2,69.9,1
2026-02-17T23:42:00,8.33,10.0,41.4,50.0,0.172,23,1,0,0.0,10.0,33.0,0,0,2,1,8.33,10.7,2.0,15.8,1
2026-02-18T00:00:00,45.62,42.1,58.4,65.0,0.102,0,2,0,0.0,10.0,24.4,0,0,0,1,45.62,43.8,5.3,52.5,1
2026-02-18T00:18:00,46.64,43.1,57.8,65.0,0.111,0,2,0,0.0,10.0,23.7,0,0,0,0,46.64,45.0,5.4,51.5,1
2026-02-18T00:36:00,24.16,22.3,58.3,65.0,0.103,0,2,0,0.0,10.0,22.4,0,0,1,2,24.16,23.2,2.8,30.6,1
2026-02-18T00:54:00,46.26,42.7,61.9,65.0,0.048,0,2,0,0.0,10.0,26.3,0,0,1,2,46.26,43.5,5.2,42.8,0
2026-02-18T01:12:00,63.19,58.3,53.6,65.0,0.175,1,2,0,0.0,10.0,33.0,0,0,0,0,63.19,62.4,7.5,73.4,1
2026-02-18T01:30:00,20.59,19.0,59.4,65.0,0.086,1,2,0,0.0,10.0,34.7,0,0,0,2,20.59,19.7,2.4,24.4,1
2026-02-18T01:48:00,34.96,32.3,62.3,65.0,0.042,1,2,0,0.0,10.0,26.6,0,0,0,2,34.96,32.8,3.9,32.3,0
2026-02-18T02:06:00,34.5,31.8,60.1,65.0,0.075,2,2,0,0.0,10.0,30.2,0,0,1,0,34.5,32.8,3.9,36.6,1
2026-02-18T02:24:00,62.25,57.5,50.2,65.0,0.228,2,2,0,0.0,10.0,20.3,0,0,1,0,62.25,62.7,7.5,69.1,1
2026-02-18T02:42:00,64.05,59.1,54.7,65.0,0.158,2,2,0,0.0,10.0,22.9,0,0,0,2,64.05,62.8,7.5,71.7,1
2026-02-18T03:00:00,17.62,21.1,37.4,50.0,0.252,3,2,0,0.0,10.0,23.0,0,0,1,2,17.62,23.2,2.8,25.2,1
2026-02-18T03:18:00,32.76,30.2,55.8,65.0,0.142,3,2,0,0.0,10.0,22.3,0,0,1,2,32.76,31.9,3.8,35.5,1
2026-02-18T03:36:00,48.49,44.8,50.1,65.0,0.229,3,2,0,0.0,10.0,20.3,0,0,0,0,48.49,48.9,5.9,55.0,1
2026-02-18T03:54:00,51.48,47.5,62.9,65.0,0.032,3,2,0,0.0,10.0,25.5,0,0,1,1,51.48,48.1,5.8,50.8,0
2026-02-18T04:12:00,14.58,17.5,35.8,50.0,0.284,4,2,0,0.0,10.0,28.2,1,1,2,0,14.58,19.5,2.3,19.3,0
2026-02-18T04:30:00,53.97,49.8,59.0,65.0,0.092,4,2,0,0.8,3.5,34.6,0,0,1,2,53.97,51.6,6.2,56.3,0
2026-02-18T04:48:00,58.07,53.6,55.5,65.0,0.146,4,2,0,1.1,3.5,30.6,0,0,0,2,58.07,56.7,6.8,61.7,1
2026-02-18T05:06:00,19.97,24.0,41.4,50.0,0.172,5,2,0,3.9,3.7,20.2,0,0,0,2,19.97,25.7,3.1,30.7,1
2026-02-18T05:24:00,60.35,55.7,53.0,65.0,0.185,5,2,0,0.0,10.0,30.7,0,0,1,2,60.35,59.8,7.2,72.6,1
2026-02-18T05:42:00,42.98,39.7,59.6,65.0,0.083,5,2,0,0.2,2.9,26.4,0,0,0,1,42.98,41.0,4.9,40.0,0
2026-02-18T06:00:00,52.07,48.1,41.9,65.0,0.355,6,2,0,3.7,4.9,35.8,1,2,0,2,52.07,54.9,6.6,71.3,1
2026-02-18T06:18:00,17.61,21.1,44.8,50.0,0.104,6,2,0,0.0,10.0,22.8,0,0,0,2,17.61,22.0,2.6,21.1,0
2026-02-18T06:36:00,39.52,36.5,55.4,65.0,0.148,6,2,0,0.0,10.0,20.2,0,0,2,2,39.52,38.7,4.6,45.9,1
2026-02-18T06:54:00,52.83,48.8,45.2,65.0,0.305,6,2,0,0.0,10.0,35.5,1,1,0,2,52.83,54.8,6.6,71.6,1
2026-02-18T07:12:00,46.79,43.2,59.8,65.0,0.08,7,2,0,0.0,10.0,19.1,0,0,1,1,46.79,44.6,5.4,51.6,1
2026-02-18T07:30:00,13.36,16.0,46.3,50.0,0.074,7,2,0,0.0,10.0,33.9,0,0,0,1,13.36,16.5,2.0,17.7,0
2026-02-18T07:48:00,62.89,58.1,55.8,65.0,0.142,7,2,0,0.0,10.0,28.0,0,0,0,0,62.89,61.4,7.4,65.6,0
2026-02-18T08:06:00,24.2,22.3,43.0,65.0,0.338,8,2,0,0.0,10.0,34.4,0,0,0,0,24.2,25.3,3.0,37.2,1
2026-02-18T08:24:00,50.73,46.8,41.7,65.0,0.358,8,2,0,0.0,10.0,43.6,0,0,1,0,50.73,53.5,6.4,78.9,1
2026-02-18T08:42:00,56.71,52.3,42.5,65.0,0.346,8,2,0,0.0,10.0,27.8,0,0,0,2,56.71,59.5,7.1,80.6,1
2026-02-18T09:00:00,21.36,19.7,35.5,65.0,0.454,9,2,0,0.0,10.0,31.0,0,0,1,2,21.36,23.3,2.8,37.0,1
2026-02-18T09:18:00,20.48,18.9,41.8,65.0,0.357,9,2,0,0.0,10.0,32.7,0,0,0,0,20.48,21.6,2.6,33.4,1
2026-02-18T09:36:00,25.53,23.6,42.7,65.0,0.343,9,2,0,0.0,10.0,19.2,0,0,0,2,25.53,26.8,3.2,36.8,1
2026-02-18T09:54:00,42.13,38.9,41.7,65.0,0.358,9,2,0,0.0,10.0,20.5,0,0,0,2,42.13,44.5,5.3,57.0,1
2026-02-18T10:12:00,45.3,41.8,44.8,65.0,0.311,10,2,0,0.0,10.0,24.4,0,0,2,2,45.3,47.0,5.6,59.2,1
2026-02-18T10:30:00,64.73,59.8,42.2,65.0,0.351,10,2,0,0.0,10.0,22.0,0,0,1,2,64.73,68.2,8.2,95.2,1
2026-02-18T10:48:00,63.41,58.5,36.1,65.0,0.445,10,2,0,0.0,10.0,17.0,0,0,1,1,63.41,68.9,8.3,106.3,1
2026-02-18T11:06:00,17.07,20.5,43.9,50.0,0.122,11,2,0,0.0,10.0,36.3,0,0,1,2,17.07,21.5,2.6,22.5,0
2026-02-18T11:24:00,11.68,14.0,45.3,50.0,0.094,11,2,0,0.0,10.0,20.1,0,0,1,2,11.68,14.5,2.0,14.0,0
2026-02-18T11:42:00,55.61,51.3,57.4,65.0,0.117,11,2,0,0.0,10.0,24.7,0,0,1,2,55.61,53.7,6.4,57.7,0
2026-02-18T12:00:00,16.52,19.8,44.7,50.0,0.106,12,2,0,0.0,10.0,27.6,0,0,0,2,16.52,20.6,2.5,23.8,1
2026-02-18T12:18:00,41.5,38.3,58.0,65.0,0.108,12,2,0,0.0,10.0,35.2,0,0,0,2,41.5,40.0,4.8,39.2,0
2026-02-18T12:36:00,39.97,36.9,54.4,65.0,0.163,12,2,0,0.0,10.0,28.2,0,0,2,0,39.97,39.3,4.7,41.5,0
2026-02-18T12:54:00,12.14,14.6,38.7,50.0,0.226,12,2,0,3.3,2.1,30.7,0,0,2,1,12.14,15.9,2.0,19.4,1
2026-02-18T13:12:00,59.55,55.0,53.5,65.0,0.177,13,2,0,0.0,10.0,24.1,0,0,1,1,59.55,58.9,7.1,65.5,1
2026-02-18T13:30:00,41.54,38.3,48.1,65.0,0.26,13,2,0,0.0,10.0,28.2,1,1,2,2,41.54,42.3,5.1,55.7,1
2026-02-18T13:48:00,20.59,19.0,59.3,65.0,0.088,13,2,0,0.0,10.0,28.8,0,0,1,1,20.59,19.7,2.4,22.2,1
2026-02-18T14:06:00,8.45,10.1,43.3,50.0,0.134,14,2,0,0.0,10.0,29.3,0,0,0,0,8.45,10.6,2.0,12.7,1
2026-02-18T14:24:00,14.26,17.1,43.8,50.0,0.124,14,2,0,0.0,10.0,25.2,0,0,0,1,14.26,17.9,2.1,22.5,1
2026-02-18T14:42:00,50.77,46.9,53.5,65.0,0.177,14,2,0,0.0,10.0,24.3,0,0,1,1,50.77,50.2,6.0,59.7,1
2026-02-18T15:00:00,49.97,46.1,55.8,65.0,0.142,15,2,0,0.0,10.0,22.2,0,0,0,0,49.97,48.7,5.8,51.5,0
2026-02-18T15:18:00,10.61,12.7,46.9,50.0,0.062,15,2,0,0.0,10.0,31.0,0,0,0,2,10.61,13.0,2.0,17.0,1
2026-02-18T15:36:00,49.32,45.5,57.0,65.0,0.123,15,2,0,0.0,10.0,20.8,0,0,1,1,49.32,47.7,5.7,58.0,1
2026-02-18T15:54:00,64.82,59.8,57.6,65.0,0.114,15,2,0,0.0,10.0,21.9,0,0,0,2,64.82,62.5,7.5,64.1,0
2026-02-18T16:12:00,26.38,24.4,57.8,65.0,0.111,16,2,0,0.0,10.0,32.7,0,0,0,1,26.38,25.5,3.1,31.1,1
2026-02-18T16:30:00,31.43,29.0,54.5,65.0,0.162,16,2,0,3.4,3.7,28.6,0,0,0,2,31.43,30.9,3.7,32.1,0
2026-02-18T16:48:00,53.29,49.2,57.9,65.0,0.109,16,2,0,0.0,10.0,24.3,0,0,0,2,53.29,51.3,6.2,55.9,0
2026-02-18T17:06:00,48.07,44.4,33.5,65.0,0.485,17,2,0,0.0,10.0,40.1,0,0,0,2,48.07,53.0,6.4,86.6,1
2026-02-18T17:24:00,55.57,51.3,44.7,65.0,0.312,17,2,0,0.0,10.0,29.7,0,0,0,2,55.57,57.7,6.9,74.9,1
2026-02-18T17:42:00,57.39,53.0,40.9,65.0,0.371,17,2,0,0.0,10.0,20.1,0,0,1,2,57.39,60.9,7.3,87.4,1
2026-02-18T18:00:00,49.78,46.0,39.0,65.0,0.4,18,2,0,0.6,3.9,34.6,0,0,1,2,49.78,53.4,6.4,76.2,1
2026-02-18T18:18:00,21.16,19.5,39.9,65.0,0.386,18,2,0,0.0,10.0,31.3,0,0,1,1,21.16,22.5,2.7,32.3,1
2026-02-18T18:36:00,49.33,45.5,40.1,65.0,0.383,18,2,0,0.0,10.0,33.1,0,0,1,1,49.33,52.5,6.3,72.8,1
2026-02-18T18:54:00,50.72,46.8,41.5,65.0,0.362,18,2,0,0.0,10.0,27.9,0,0,2,2,50.72,53.6,6.4,74.3,1
2026-02-18T19:12:00,39.42,36.4,38.4,65.0,0.409,19,2,0,0.0,10.0,33.1,0,0,1,0,39.42,42.4,5.1,58.6,1
2026-02-18T19:30:00,18.01,21.6,23.6,50.0,0.528,19,2,0,0.0,10.0,27.3,1,1,1,0,18.01,26.2,3.1,42.7,1
2026-02-18T19:48:00,34.18,31.6,39.9,65.0,0.386,19,2,0,0.0,10.0,17.0,0,0,1,1,34.18,36.5,4.4,50.0,1
2026-02-18T20:06:00,8.25,9.9,28.9,50.0,0.422,20,2,0,0.0,10.0,36.6,0,0,0,2,8.25,11.6,2.0,18.6,1
2026-02-18T20:24:00,55.67,51.4,33.6,65.0,0.483,20,2,0,2.7,2.8,32.6,0,0,1,2,55.67,61.3,7.4,95.9,1
2026-02-18T20:42:00,44.44,41.0,47.7,65.0,0.266,20,2,0,0.6,3.0,27.9,0,0,0,2,44.44,45.4,5.4,55.8,1
2026-02-18T21:00:00,27.58,25.5,55.5,65.0,0.146,21,2,0,0.4,2.3,29.2,0,0,1,1,27.58,27.0,3.2,29.6,1
2026-02-18T21:18:00,28.94,26.7,58.7,65.0,0.097,21,2,0,0.0,10.0,30.0,0,0,1,1,28.94,27.7,3.3,33.0,1
2026-02-18T21:36:00,45.17,41.7,57.5,65.0,0.115,21,2,0,0.0,10.0,27.7,0,0,0,1,45.17,43.6,5.2,45.8,0
2026-02-18T21:54:00,38.2,35.3,57.2,65.0,0.12,21,2,0,0.0,10.0,28.2,0,0,1,2,38.2,37.0,4.4,38.4,0
2026-02-18T22:12:00,48.87,45.1,56.2,65.0,0.135,22,2,0,0.0,10.0,26.1,0,0,2,0,48.87,47.5,5.7,51.3,0
2026-02-18T22:30:00,63.67,58.8,58.1,65.0,0.106,22,2,0,0.0,10.0,18.6,0,0,0,1,63.67,61.3,7.4,64.6,0
2026-02-18T22:48:00,37.06,34.2,43.9,65.0,0.325,22,2,0,0.0,10.0,28.5,1,2,0,1,37.06,38.6,4.6,48.6,1
2026-02-18T23:06:00,30.42,28.1,59.6,65.0,0.083,23,2,0,0.0,10.0,25.6,0,0,0,1,30.42,29.0,3.5,28.1,0
2026-02-18T23:24:00,37.19,34.3,55.4,65.0,0.148,23,2,0,0.0,10.0,28.6,0,0,2,2,37.19,36.3,4.4,38.0,0
2026-02-18T23:42:00,23.12,21.3,54.9,65.0,0.155,23,2,0,0.0,10.0,23.8,0,0,0,2,23.12,22.6,2.7,24.0,0
2026-02-19T00:00:00,60.82,56.1,54.8,65.0,0.157,0,3,0,0.0,10.0,20.5,0,0,0,1,60.82,59.6,7.2,66.6,1
2026-02-19T00:18:00,8.17,9.8,43.9,50.0,0.122,0,3,0,0.0,10.0,32.1,0,0,1,0,8.17,10.3,2.0,10.6,0
2026-02-19T00:36:00,35.22,32.5,59.1,65.0,0.091,0,3,0,0.0,10.0,18.0,0,0,1,2,35.22,33.7,4.0,40.5,1
2026-02-19T00:54:00,52.52,48.5,53.5,65.0,0.177,0,3,0,0.0,10.0,26.5,0,0,0,1,52.52,51.9,6.2,61.1,1
2026-02-19T01:12:00,11.74,14.1,36.8,50.0,0.264,1,3,0,0.0,10.0,32.1,0,0,1,2,11.74,15.6,2.0,18.6,1
2026-02-19T01:30:00,37.95,35.0,56.5,65.0,0.131,1,3,0,1.3,4.6,31.8,0,0,0,1,37.95,36.8,4.4,36.2,0
2026-02-19T01:48:00,25.31,23.4,60.5,65.0,0.069,1,3,0,0.0,10.0,30.7,0,0,1,1,25.31,24.0,2.9,23.4,0
2026-02-19T02:06:00,25.15,23.2,57.8,65.0,0.111,2,3,0,0.0,10.0,30.5,0,0,0,1,25.15,24.2,2.9,29.5,1
2026-02-19T02:24:00,50.17,46.3,57.0,65.0,0.123,2,3,0,0.0,10.0,22.6,0,0,0,2,50.17,48.6,5.8,57.5,1
2026-02-19T02:42:00,40.63,37.5,30.5,65.0,0.531,2,3,0,0.0,10.0,20.4,1,3,1,0,40.63,45.5,5.5,78.7,1
2026-02-19T03:00:00,58.73,54.2,53.8,65.0,0.172,3,3,0,0.0,10.0,25.6,0,0,0,0,58.73,57.9,6.9,67.6,1
2026-02-19T03:18:00,12.05,14.5,41.8,50.0,0.164,3,3,0,0.0,10.0,35.4,0,0,1,1,12.05,15.5,2.0,16.0,0
2026-02-19T03:36:00,60.55,55.9,55.1,65.0,0.152,3,3,0,1.8,2.9,25.9,0,0,0,1,60.55,59.3,7.1,62.7,0
2026-02-19T03:54:00,59.05,54.5,63.0,65.0,0.031,3,3,0,0.0,10.0,11.2,0,0,0,1,59.05,55.2,6.6,58.0,0
2026-02-19T04:12:00,20.99,19.4,49.0,65.0,0.246,4,3,0,1.0,4.7,24.7,1,1,0,0,20.99,21.3,2.6,23.2,1
2026-02-19T04:30:00,30.56,28.2,54.0,65.0,0.169,4,3,0,2.2,4.0,23.6,0,0,1,2,30.56,30.1,3.6,30.8,0
2026-02-19T04:48:00,12.04,14.4,26.8,50.0,0.464,4,3,0,0.0,10.0,18.7,1,2,0,2,12.04,17.1,2.1,29.5,1
2026-02-19T05:06:00,62.93,58.1,56.6,65.0,0.129,5,3,0,0.0,10.0,32.5,0,0,1,2,62.93,61.1,7.3,67.6,1
2026-02-19T05:24:00,51.35,47.4,51.6,65.0,0.206,5,3,0,4.2,3.6,24.7,0,0,1,1,51.35,51.3,6.2,59.6,1
2026-02-19T05:42:00,30.73,28.4,57.7,65.0,0.112,5,3,0,0.0,10.0,20.4,0,0,1,0,30.73,29.7,3.6,30.6,0
2026-02-19T06:00:00,50.52,46.6,58.1,65.0,0.106,6,3,0,0.0,10.0,20.7,0,0,1,0,50.52,48.6,5.8,48.6,0
2026-02-19T06:18:00,42.87,39.6,60.5,65.0,0.069,6,3,0,0.0,10.0,29.0,0,0,1,0,42.87,40.7,4.9,42.9,0
2026-02-19T06:36:00,23.18,21.4,56.1,65.0,0.137,6,3,0,0.0,10.0,33.1,0,0,0,2,23.18,22.6,2.7,22.8,0
2026-02-19T06:54:00,61.01,56.3,59.6,65.0,0.083,6,3,0,0.0,10.0,27.8,0,0,1,2,61.01,58.2,7.0,65.6,1
2026-02-19T07:12:00,60.93,56.2,61.9,65.0,0.048,7,3,0,0.0,10.0,30.0,0,0,0,1,60.93,57.3,6.9,59.1,0
2026-02-19T07:30:00,42.44,39.2,54.6,65.0,0.16,7,3,0,0.0,10.0,24.2,0,0,0,1,42.44,41.7,5.0,43.8,0
2026-02-19T07:48:00,61.11,56.4,55.2,65.0,0.151,7,3,0,0.0,10.0,31.0,0,0,0,1,61.11,59.8,7.2,67.1,1
2026-02-19T08:06:00,53.27,49.2,39.5,65.0,0.392,8,3,0,0.0,10.0,25.3,0,0,0,2,53.27,56.9,6.8,82.6,1
2026-02-19T08:24:00,43.73,40.4,40.8,65.0,0.372,8,3,0,0.0,10.0,31.2,0,0,0,1,43.73,46.4,5.6,63.9,1
2026-02-19T08:42:00,50.82,46.9,24.8,65.0,0.618,8,3,0,0.0,10.0,37.6,1,2,0,2,50.82,58.5,7.0,121.6,1
2026-02-19T09:00:00,16.28,19.5,26.6,50.0,0.468,9,3,0,0.0,10.0,17.7,0,0,0,2,16.28,23.2,2.8,35.4,1
2026-02-19T09:18:00,29.79,27.5,41.3,65.0,0.365,9,3,0,0.0,10.0,28.3,0,0,2,1,29.79,31.5,3.8,46.4,1
2026-02-19T09:36:00,28.39,26.2,41.1,65.0,0.368,9,3,0,0.0,10.0,34.9,0,0,0,1,28.39,30.1,3.6,44.1,1
2026-02-19T09:54:00,63.67,58.8,42.8,65.0,0.342,9,3,0,0.0,10.0,29.9,0,0,0,2,63.67,66.8,8.0,88.4,1
2026-02-19T10:12:00,20.36,18.8,38.7,65.0,0.405,10,3,0,0.0,10.0,32.4,0,0,1,2,20.36,21.8,2.6,32.6,1
2026-02-19T10:30:00,35.06,32.4,37.8,65.0,0.418,10,3,0,0.0,10.0,42.2,0,0,0,2,35.06,37.8,4.5,55.8,1
2026-02-19T10:48:00,12.33,14.8,29.6,50.0,0.408,10,3,0,0.0,10.0,21.9,0,0,2,2,12.33,17.2,2.1,24.4,1
2026-02-19T11:06:00,44.53,41.1,59.3,65.0,0.088,11,3,0,0.0,10.0,17.2,0,0,2,2,44.53,42.5,5.1,46.2,0
2026-02-19T11:24:00,64.71,59.7,61.4,65.0,0.055,11,3,0,0.0,10.0,34.4,0,0,2,2,64.71,61.0,7.3,65.0,0
2026-02-19T11:42:00,29.78,27.5,62.1,65.0,0.045,11,3,0,0.0,10.0,26.9,0,0,0,1,29.78,28.0,3.4,30.7,0
2026-02-19T12:00:00,59.28,54.7,62.0,65.0,0.046,12,3,0,0.0,10.0,30.9,0,0,1,2,59.28,55.7,6.7,54.7,0
2026-02-19T12:18:00,54.5,50.3,53.3,65.0,0.18,12,3,0,0.0,10.0,33.4,0,0,2,2,54.5,53.9,6.5,60.2,1
2026-02-19T12:36:00,40.1,37.0,59.7,65.0,0.082,12,3,0,0.0,10.0,16.3,0,0,0,2,40.1,38.2,4.6,42.4,0
2026-02-19T12:54:00,45.55,42.0,52.1,65.0,0.198,12,3,0,0.0,10.0,16.9,0,0,0,0,45.55,45.3,5.4,54.8,1
2026-02-19T13:12:00,25.95,24.0,58.4,65.0,0.102,13,3,0,0.0,10.0,35.3,0,0,1,1,25.95,25.0,3.0,24.1,0
2026-02-19T13:30:00,63.3,58.4,56.6,65.0,0.129,13,3,0,0.0,10.0,26.8,0,0,1,0,63.3,61.4,7.4,69.5,1
2026-02-19T13:48:00,30.4,28.1,54.1,65.0,0.168,13,3,0,0.0,10.0,32.2,0,0,0,2,30.4,30.0,3.6,38.2,1
2026-02-19T14:06:00,42.39,39.1,55.3,65.0,0.149,14,3,0,0.0,10.0,24.8,0,0,2,2,42.39,41.4,5.0,45.5,1
2026-02-19T14:24:00,26.02,24.0,57.5,65.0,0.115,14,3,0,0.0,10.0,34.2,0,0,0,0,26.02,25.1,3.0,24.9,0
2026-02-19T14:42:00,46.49,42.9,60.6,65.0,0.068,14,3,0,0.0,10.0,35.7,0,0,0,2,46.49,44.1,5.3,47.2,0
2026-02-19T15:00:00,19.34,23.2,22.4,50.0,0.552,15,3,0,0.0,10.0,23.2,1,3,0,2,19.34,28.3,3.4,49.9,1
2026-02-19T15:18:00,36.41,33.6,54.1,65.0,0.168,15,3,0,0.0,10.0,20.0,0,0,0,2,36.41,35.9,4.3,42.7,1
2026-02-19T15:36:00,42.01,38.8,57.4,65.0,0.117,15,3,0,0.0,10.0,27.1,0,0,0,2,42.01,40.6,4.9,43.0,0
2026-02-19T15:54:00,30.49,28.1,57.7,65.0,0.112,15,3,0,0.0,10.0,15.9,0,0,0,1,30.49,29.4,3.5,31.7,0
2026-02-19T16:12:00,36.64,33.8,55.6,65.0,0.145,16,3,0,0.0,10.0,22.5,0,0,0,0,36.64,35.8,4.3,41.7,1
2026-02-19T16:30:00,12.02,14.4,40.0,50.0,0.2,16,3,0,0.0,10.0,38.8,0,0,2,2,12.02,15.6,2.0,20.1,1
2026-02-19T16:48:00,16.68,20.0,48.6,50.0,0.028,16,3,0,0.0,10.0,23.8,0,0,0,2,16.68,20.2,2.4,20.0,0
2026-02-19T17:06:00,60.28,55.6,42.5,65.0,0.346,17,3,0,0.0,10.0,30.2,0,0,2,2,60.28,63.3,7.6,85.3,1
2026-02-19T17:24:00,18.42,22.1,24.1,50.0,0.518,17,3,0,0.0,10.0,42.2,1,1,1,2,18.42,26.7,3.2,46.9,1
2026-02-19T17:42:00,12.93,15.5,27.9,50.0,0.442,17,3,0,0.0,10.0,19.7,0,0,0,0,12.93,18.2,2.2,30.1,1
2026-02-19T18:00:00,16.43,19.7,27.4,50.0,0.452,18,3,0,0.0,10.0,24.0,0,0,2,2,16.43,23.3,2.8,38.1,1
2026-02-19T18:18:00,17.88,21.5,30.0,50.0,0.4,18,3,0,0.2,3.5,22.3,0,0,0,2,17.88,24.9,3.0,33.4,1
2026-02-19T18:36:00,44.66,41.2,40.5,65.0,0.377,18,3,0,0.0,10.0,28.6,0,0,0,2,44.66,47.4,5.7,68.9,1
2026-02-19T18:54:00,64.65,59.7,40.7,65.0,0.374,18,3,0,0.0,10.0,25.6,0,0,0,2,64.65,68.6,8.2,95.6,1
2026-02-19T19:12:00,14.82,17.8,32.9,50.0,0.342,19,3,0,0.0,10.0,21.2,0,0,0,2,14.82,20.2,2.4,24.4,1
2026-02-19T19:30:00,53.09,49.0,44.6,65.0,0.314,19,3,0,0.0,10.0,19.1,0,0,2,2,53.09,55.2,6.6,72.3,1
2026-02-19T19:48:00,27.6,25.5,39.2,65.0,0.397,19,3,0,1.8,2.7,35.5,0,0,0,2,27.6,29.5,3.5,37.9,1
2026-02-19T20:06:00,10.39,12.5,28.8,50.0,0.424,20,3,0,0.0,10.0,33.7,0,0,0,1,10.39,14.6,2.0,23.7,1
2026-02-19T20:24:00,64.7,59.7,37.3,65.0,0.426,20,3,0,0.0,10.0,28.6,0,0,1,2,64.7,69.9,8.4,105.8,1
2026-02-19T20:42:00,51.37,47.4,42.1,65.0,0.352,20,3,0,0.0,10.0,30.7,0,0,2,2,51.37,54.1,6.5,73.4,1
2026-02-19T21:00:00,11.25,13.5,46.7,50.0,0.066,21,3,0,0.0,10.0,17.7,0,0,0,0,11.25,13.9,2.0,15.5,0
2026-02-19T21:18:00,39.94,36.9,57.6,65.0,0.114,21,3,0,0.0,10.0,24.8,0,0,0,0,39.94,38.6,4.6,42.4,0
2026-02-19T21:36:00,27.71,25.6,59.9,65.0,0.078,21,3,0,0.0,10.0,31.2,0,0,0,0,27.71,26.4,3.2,28.6,0
2026-02-19T21:54:00,22.2,20.5,56.0,65.0,0.138,21,3,0,0.0,10.0,20.2,0,0,0,1,22.2,21.6,2.6,26.5,1
2026-02-19T22:12:00,51.69,47.7,57.9,65.0,0.109,22,3,0,0.0,10.0,24.1,0,0,0,1,51.69,49.8,6.0,52.1,0
2026-02-19T22:30:00,43.82,40.4,60.8,65.0,0.065,22,3,0,0.0,10.0,15.0,0,0,1,2,43.82,41.5,5.0,40.4,0
2026-02-19T22:48:00,27.41,25.3,59.3,65.0,0.088,22,3,0,0.0,10.0,31.6,0,0,0,1,27.41,26.2,3.1,26.9,0
2026-02-19T23:06:00,60.87,56.2,60.7,65.0,0.066,23,3,0,0.0,10.0,24.6,0,0,1,1,60.87,57.7,6.9,56.8,0
2026-02-19T23:24:00,50.67,46.8,57.6,65.0,0.114,23,3,0,1.0,4.4,22.2,0,0,0,1,50.67,48.9,5.9,58.2,1
2026-02-19T23:42:00,63.82,58.9,57.0,65.0,0.123,23,3,0,0.0,10.0,18.1,0,0,1,1,63.82,61.8,7.4,67.0,0
2026-02-20T00:00:00,40.17,37.1,52.2,65.0,0.197,0,4,0,0.0,10.0,32.2,0,0,0,2,40.17,40.0,4.8,45.4,1
2026-02-20T00:18:00,58.54,54.0,55.0,65.0,0.154,0,4,0,0.2,2.6,27.4,0,0,0,2,58.54,57.3,6.9,59.1,0
2026-02-20T00:36:00,13.57,16.3,49.1,50.0,0.018,0,4,0,0.0,10.0,30.8,0,0,0,0,13.57,16.4,2.0,18.2,0
2026-02-20T00:54:00,9.5,11.4,37.4,50.0,0.252,0,4,0,4.4,2.6,30.2,0,0,0,1,9.5,12.5,2.0,14.1,1
2026-02-20T01:12:00,50.14,46.3,53.4,65.0,0.178,1,4,0,1.1,4.0,36.3,0,0,0,2,50.14,49.6,6.0,54.4,1
2026-02-20T01:30:00,8.33,10.0,44.2,50.0,0.116,1,4,0,0.0,10.0,35.6,0,0,0,2,8.33,10.5,2.0,12.8,1
2026-02-20T01:48:00,21.46,19.8,57.1,65.0,0.122,1,4,0,0.0,10.0,37.4,0,0,2,2,21.46,20.8,2.5,26.2,1
2026-02-20T02:06:00,20.16,18.6,48.0,65.0,0.262,2,4,0,0.0,10.0,28.9,1,1,1,0,20.16,20.5,2.5,22.3,1
2026-02-20T02:24:00,35.23,32.5,52.4,65.0,0.194,2,4,0,0.0,10.0,23.6,0,0,0,2,35.23,35.0,4.2,41.2,1
2026-02-20T02:42:00,45.6,42.1,59.4,65.0,0.086,2,4,0,0.0,10.0,26.7,0,0,0,1,45.6,43.5,5.2,47.0,0
2026-02-20T03:00:00,64.93,59.9,56.5,65.0,0.131,3,4,0,0.0,10.0,33.0,0,0,1,1,64.93,63.0,7.6,68.8,0
2026-02-20T03:18:00,18.18,21.8,42.8,50.0,0.144,3,4,0,0.0,10.0,25.4,0,0,0,2,18.18,23.1,2.8,32.3,1
2026-02-20T03:36:00,44.55,41.1,55.8,65.0,0.142,3,4,0,0.0,10.0,28.4,0,0,1,2,44.55,43.4,5.2,48.5,1
2026-02-20T03:54:00,35.12,32.4,54.8,65.0,0.157,3,4,0,0.0,10.0,46.1,0,0,0,2,35.12,34.4,4.1,36.3,0
2026-02-20T04:12:00,49.92,46.1,54.0,65.0,0.169,4,4,0,0.0,10.0,19.8,0,0,1,2,49.92,49.2,5.9,53.1,1
2026-02-20T04:30:00,41.43,38.2,56.6,65.0,0.129,4,4,0,0.0,10.0,34.8,0,0,1,2,41.43,40.2,4.8,45.1,1
2026-02-20T04:48:00,52.64,48.6,52.8,65.0,0.188,4,4,0,3.5,4.3,21.2,0,0,1,0,52.64,52.3,6.3,63.7,1
2026-02-20T05:06:00,21.02,19.4,55.7,65.0,0.143,5,4,0,0.0,10.0,14.9,0,0,1,2,21.02,20.5,2.5,23.9,1
2026-02-20T05:24:00,22.07,20.4,53.7,65.0,0.174,5,4,0,0.0,10.0,34.5,0,0,2,2,22.07,21.8,2.6,21.1,0
2026-02-20T05:42:00,21.45,19.8,56.7,65.0,0.128,5,4,0,0.0,10.0,20.2,0,0,0,2,21.45,20.8,2.5,24.2,1
2026-02-20T06:00:00,56.77,52.4,39.0,65.0,0.4,6,4,0,11.7,3.3,30.9,0,0,0,0,56.77,60.8,7.3,88.9,1
2026-02-20T06:18:00,18.07,21.7,46.6,50.0,0.068,6,4,0,1.6,3.5,11.1,0,0,0,2,18.07,22.3,2.7,23.3,0
2026-02-20T06:36:00,17.06,20.5,21.2,50.0,0.576,6,4,0,0.0,10.0,23.6,1,3,1,1,17.06,25.2,3.0,51.1,1
2026-02-20T06:54:00,24.38,22.5,51.0,65.0,0.215,6,4,0,0.0,10.0,25.4,0,0,0,1,24.38,24.4,2.9,29.7,1
2026-02-20T07:12:00,33.44,30.9,59.2,65.0,0.089,7,4,0,0.0,10.0,37.9,0,0,2,0,33.44,32.0,3.8,37.8,1
2026-02-20T07:30:00,43.26,39.9,62.2,65.0,0.043,7,4,0,0.0,10.0,32.7,0,0,0,1,43.26,40.6,4.9,39.9,0
2026-02-20T07:48:00,31.28,28.9,60.7,65.0,0.066,7,4,0,0.0,10.0,31.4,0,0,1,2,31.28,29.7,3.6,28.9,0
2026-02-20T08:06:00,62.11,57.3,42.9,65.0,0.34,8,4,0,0.0,10.0,11.5,0,0,1,2,62.11,65.1,7.8,86.3,1
2026-02-20T08:24:00,52.08,48.1,47.4,65.0,0.271,8,4,0,0.0,10.0,31.7,0,0,1,0,52.08,53.3,6.4,68.1,1
2026-02-20T08:42:00,44.77,41.3,40.2,65.0,0.382,8,4,0,0.0,10.0,22.2,0,0,0,1,44.77,47.6,5.7,68.5,1
2026-02-20T09:00:00,15.35,18.4,26.4,50.0,0.472,9,4,0,0.0,10.0,28.3,0,0,0,1,15.35,21.9,2.6,28.8,1
2026-02-20T09:18:00,58.52,54.0,42.3,65.0,0.349,9,4,0,0.0,10.0,16.9,0,0,1,2,58.52,61.5,7.4,78.3,1
2026-02-20T09:36:00,47.25,43.6,38.7,65.0,0.405,9,4,0,0.0,10.0,37.3,0,0,1,1,47.25,50.7,6.1,75.2,1
2026-02-20T09:54:00,58.43,53.9,43.4,65.0,0.332,9,4,0,0.0,10.0,20.0,0,0,0,2,58.43,61.1,7.3,79.5,1
2026-02-20T10:12:00,14.46,17.4,33.6,50.0,0.328,10,4,0,0.0,10.0,41.3,0,0,0,2,14.46,19.7,2.4,23.0,1
2026-02-20T10:30:00,9.83,11.8,31.2,50.0,0.376,10,4,0,0.0,10.0,37.3,0,0,0,2,9.83,13.6,2.0,15.1,1
2026-02-20T10:48:00,50.79,46.9,43.2,65.0,0.335,10,4,0,0.0,10.0,30.9,0,0,1,0,50.79,53.2,6.4,71.4,1
2026-02-20T11:06:00,34.7,32.0,54.8,65.0,0.157,11,4,0,0.0,10.0,32.1,1,1,0,2,34.7,34.0,4.1,35.5,0
2026-02-20T11:24:00,46.49,42.9,56.0,65.0,0.138,11,4,0,0.0,10.0,23.8,0,0,1,2,46.49,45.3,5.4,47.9,0
2026-02-20T11:42:00,27.29,25.2,55.4,65.0,0.148,11,4,0,0.0,10.0,30.5,0,0,0,0,27.29,26.7,3.2,28.6,0
2026-02-20T12:00:00,12.28,14.7,45.1,50.0,0.098,12,4,0,1.0,3.3,23.0,0,0,0,2,12.28,15.3,2.0,15.1,0
2026-02-20T12:18:00,28.91,26.7,54.3,65.0,0.165,12,4,0,0.0,10.0,23.6,0,0,0,1,28.91,28.5,3.4,31.4,1
2026-02-20T12:36:00,57.56,53.1,61.1,65.0,0.06,12,4,0,0.0,10.0,18.6,0,0,0,1,57.56,54.4,6.5,54.5,0
2026-02-20T12:54:00,12.29,14.7,45.8,50.0,0.084,12,4,0,0.0,10.0,21.6,0,0,2,2,12.29,15.2,2.0,17.5,1
2026-02-20T13:12:00,36.11,33.3,43.6,65.0,0.329,13,4,0,0.0,10.0,23.2,1,2,1,1,36.11,37.7,4.5,48.9,1
2026-02-20T13:30:00,31.12,28.7,59.4,65.0,0.086,13,4,0,0.0,10.0,35.7,0,0,0,2,31.12,29.7,3.6,33.1,1
2026-02-20T13:48:00,63.9,59.0,60.2,65.0,0.074,13,4,0,0.0,10.0,20.2,0,0,0,2,63.9,60.7,7.3,65.1,0
2026-02-20T14:06:00,48.77,45.0,48.5,65.0,0.254,14,4,0,0.0,10.0,21.8,1,1,2,2,48.77,49.6,6.0,59.4,1
2026-02-20T14:24:00,54.51,50.3,54.6,65.0,0.16,14,4,0,0.0,10.0,18.1,0,0,1,1,54.51,53.5,6.4,58.6,1
2026-02-20T14:42:00,47.16,43.5,57.0,65.0,0.123,14,4,0,2.5,3.8,31.5,0,0,1,1,47.16,45.6,5.5,49.2,0
2026-02-20T15:00:00,17.93,21.5,43.2,50.0,0.136,15,4,0,1.0,2.9,33.1,0,0,1,2,17.93,22.7,2.7,24.6,0
2026-02-20T15:18:00,19.0,22.8,44.7,50.0,0.106,15,4,0,0.0,10.0,38.5,0,0,1,2,19.0,23.8,2.9,23.7,0
2026-02-20T15:36:00,47.19,43.6,57.7,65.0,0.112,15,4,0,0.0,10.0,28.8,0,0,0,2,47.19,45.6,5.5,48.2,0
2026-02-20T15:54:00,19.99,24.0,44.6,50.0,0.108,15,4,0,0.0,10.0,27.7,0,0,2,2,19.99,25.0,3.0,25.5,0
2026-02-20T16:12:00,31.69,29.3,59.3,65.0,0.088,16,4,0,0.0,10.0,20.2,0,0,1,0,31.69,30.3,3.6,33.8,1
2026-02-20T16:30:00,47.35,43.7,55.7,65.0,0.143,16,4,0,0.0,10.0,28.0,0,0,0,1,47.35,46.2,5.5,52.3,1
2026-02-20T16:48:00,26.14,24.1,38.9,65.0,0.402,16,4,0,13.7,4.0,18.3,0,0,1,1,26.14,28.0,3.4,34.4,1
2026-02-20T17:06:00,17.59,21.1,28.6,50.0,0.428,17,4,0,0.0,10.0,23.6,0,0,1,2,17.59,24.7,3.0,36.3,1
2026-02-20T17:24:00,14.45,17.3,18.0,50.0,0.64,17,4,0,0.0,10.0,32.0,1,2,1,1,14.45,21.7,2.6,47.6,1
2026-02-20T17:42:00,38.61,35.6,44.9,65.0,0.309,17,4,0,0.0,10.0,31.9,0,0,2,1,38.61,40.0,4.8,50.8,1
2026-02-20T18:00:00,13.71,16.5,27.9,50.0,0.442,18,4,0,0.0,10.0,23.0,0,0,0,1,13.71,19.4,2.3,31.7,1
2026-02-20T18:18:00,20.05,18.5,38.2,65.0,0.412,18,4,0,0.0,10.0,29.0,0,0,2,2,20.05,21.5,2.6,28.7,1
2026-02-20T18:36:00,33.29,30.7,41.5,65.0,0.362,18,4,0,0.0,10.0,29.9,0,0,1,1,33.29,35.1,4.2,49.2,1
2026-02-20T18:54:00,32.14,29.7,41.0,65.0,0.369,18,4,0,0.0,10.0,23.9,0,0,0,1,32.14,34.1,4.1,50.1,1
2026-02-20T19:12:00,25.69,23.7,34.4,65.0,0.471,19,4,0,2.1,2.9,23.5,0,0,0,2,25.69,28.2,3.4,46.7,1
2026-02-20T19:30:00,41.61,38.4,31.6,65.0,0.514,19,4,0,8.0,5.0,21.5,0,0,0,2,41.61,46.3,5.6,75.2,1
2026-02-20T19:48:00,48.88,45.1,40.5,65.0,0.377,19,4,0,0.0,10.0,29.7,0,0,0,2,48.88,51.9,6.2,75.6,1
2026-02-20T20:06:00,33.8,31.2,39.6,65.0,0.391,20,4,0,0.0,10.0,29.6,0,0,1,2,33.8,36.1,4.3,52.1,1
2026-02-20T20:24:00,49.07,45.3,40.0,65.0,0.385,20,4,0,0.8,3.2,13.8,0,0,0,1,49.07,52.3,6.3,78.3,1
2026-02-20T20:42:00,32.57,30.1,41.9,65.0,0.355,20,4,0,0.0,10.0,27.6,0,0,1,1,32.57,34.4,4.1,42.1,1
2026-02-20T21:00:00,53.38,49.3,51.9,65.0,0.202,21,4,0,0.0,10.0,28.6,1,1,2,1,53.38,53.3,6.4,60.3,1
2026-02-20T21:18:00,49.11,45.3,55.7,65.0,0.143,21,4,0,0.0,10.0,19.0,0,0,0,2,49.11,47.9,5.7,51.1,0
2026-02-20T21:36:00,25.12,23.2,56.8,65.0,0.126,21,4,0,0.0,10.0,26.5,0,0,1,1,25.12,24.4,2.9,29.7,1
2026-02-20T21:54:00,37.51,34.6,53.6,65.0,0.175,21,4,0,0.0,10.0,35.7,0,0,0,2,37.51,37.0,4.4,40.3,1
2026-02-20T22:12:00,20.2,18.6,60.0,65.0,0.077,22,4,0,0.0,10.0,28.4,0,0,1,1,20.2,19.2,2.3,23.4,1
2026-02-20T22:30:00,49.6,45.8,60.5,65.0,0.069,22,4,0,0.0,10.0,17.2,0,0,0,1,49.6,47.1,5.7,49.0,0
2026-02-20T22:48:00,46.53,43.0,58.1,65.0,0.106,22,4,0,0.0,10.0,25.5,0,0,0,2,46.53,44.8,5.4,46.4,0
2026-02-20T23:06:00,10.99,13.2,46.0,50.0,0.08,23,4,0,0.0,10.0,29.5,0,0,1,0,10.99,13.6,2.0,15.7,1
2026-02-20T23:24:00,36.31,33.5,62.7,65.0,0.035,23,4,0,0.0,10.0,33.3,0,0,1,0,36.31,34.0,4.1,33.6,0
2026-02-20T23:42:00,8.92,10.7,42.4,50.0,0.152,23,4,0,1.1,4.2,24.0,0,0,1,2,8.92,11.4,2.0,16.7,1
2026-02-21T00:00:00,52.26,48.2,53.6,65.0,0.175,0,5,1,0.0,10.0,20.5,0,0,1,1,52.26,51.6,6.2,55.0,0
2026-02-21T00:18:00,17.8,21.4,37.7,50.0,0.246,0,5,1,0.2,2.6,30.5,0,0,0,1,17.8,23.5,2.8,30.3,1
2026-02-21T00:36:00,45.57,42.1,55.4,65.0,0.148,0,5,1,0.0,10.0,31.7,0,0,0,2,45.57,44.6,5.4,47.9,0
2026-02-21T00:54:00,60.13,55.5,56.9,65.0,0.125,0,5,1,0.0,10.0,32.5,0,0,2,2,60.13,58.3,7.0,62.9,0
2026-02-21T01:12:00,15.58,18.7,39.7,50.0,0.206,1,5,1,0.0,10.0,33.6,0,0,2,1,15.58,20.2,2.4,19.5,0
2026-02-21T01:30:00,56.27,51.9,63.9,65.0,0.017,1,5,1,0.0,10.0,19.6,0,0,0,2,56.27,52.3,6.3,54.1,0
2026-02-21T01:48:00,57.46,53.0,63.4,65.0,0.025,1,5,1,0.0,10.0,36.6,0,0,0,1,57.46,53.5,6.4,56.8,0
2026-02-21T02:06:00,37.62,34.7,51.8,65.0,0.203,2,5,1,0.0,10.0,26.6,0,0,0,1,37.62,37.5,4.5,46.2,1
2026-02-21T02:24:00,41.1,37.9,51.6,65.0,0.206,2,5,1,0.0,10.0,35.1,1,1,2,2,41.1,41.0,4.9,51.7,1
2026-02-21T02:42:00,41.66,38.5,34.8,65.0,0.465,2,5,1,0.0,10.0,19.0,1,3,1,1,41.66,45.7,5.5,69.8,1
2026-02-21T03:00:00,57.22,52.8,62.0,65.0,0.046,3,5,1,0.0,10.0,32.6,0,0,0,2,57.22,53.8,6.5,56.7,0
2026-02-21T03:18:00,8.83,10.6,41.8,50.0,0.164,3,5,1,0.0,10.0,27.5,0,0,0,1,8.83,11.3,2.0,15.5,1
2026-02-21T03:36:00,10.65,12.8,40.7,50.0,0.186,3,5,1,0.0,10.0,16.5,0,0,0,2,10.65,13.8,2.0,14.7,0
2026-02-21T03:54:00,41.41,38.2,47.3,65.0,0.272,3,5,1,0.0,10.0,35.0,1,1,0,0,41.41,42.4,5.1,52.4,1
2026-02-21T04:12:00,15.58,18.7,44.2,50.0,0.116,4,5,1,0.0,10.0,32.6,0,0,1,0,15.58,19.6,2.4,20.6,0
2026-02-21T04:30:00,60.89,56.2,52.5,65.0,0.192,4,5,1,5.0,3.0,31.7,0,0,0,2,60.89,60.5,7.3,72.2,1
2026-02-21T04:48:00,61.54,56.8,54.5,65.0,0.162,4,5,1,0.0,10.0,27.9,0,0,1,2,61.54,60.5,7.3,68.5,1
2026-02-21T05:06:00,61.38,56.7,56.8,65.0,0.126,5,5,1,0.0,10.0,26.5,0,0,1,2,61.38,59.6,7.2,61.8,0
2026-02-21T05:24:00,9.89,11.9,43.6,50.0,0.128,5,5,1,0.0,10.0,22.8,0,0,2,2,9.89,12.5,2.0,12.4,0
2026-02-21T05:42:00,57.14,52.7,57.7,65.0,0.112,5,5,1,0.0,10.0,43.6,0,0,0,2,57.14,55.1,6.6,56.6,0
2026-02-21T06:00:00,30.74,28.4,45.5,65.0,0.3,6,5,1,0.0,10.0,20.7,1,1,2,2,30.74,31.8,3.8,41.8,1
2026-02-21T06:18:00,28.57,26.4,63.2,65.0,0.028,6,5,1,0.0,10.0,28.8,0,0,1,0,28.57,26.7,3.2,26.4,0
2026-02-21T06:36:00,63.59,58.7,56.8,65.0,0.126,6,5,1,0.0,10.0,25.7,0,0,0,2,63.59,61.7,7.4,67.2,0
2026-02-21T06:54:00,55.78,51.5,56.7,65.0,0.128,6,5,1,0.0,10.0,33.7,0,0,0,1,55.78,54.1,6.5,56.4,0
2026-02-21T07:12:00,32.38,29.9,57.6,65.0,0.114,7,5,1,0.0,10.0,35.5,0,0,1,2,32.38,31.3,3.8,35.2,1
2026-02-21T07:30:00,62.38,57.6,57.3,65.0,0.118,7,5,1,0.0,10.0,32.6,0,0,0,2,62.38,60.3,7.2,66.7,1
2026-02-21T07:48:00,8.14,9.8,44.5,50.0,0.11,7,5,1,0.0,10.0,21.3,0,0,1,2,8.14,10.2,2.0,11.9,1
2026-02-21T08:06:00,28.26,26.1,43.4,65.0,0.332,8,5,1,0.0,10.0,24.8,1,2,1,0,28.26,29.6,3.6,38.0,1
2026-02-21T08:24:00,48.39,44.7,55.4,65.0,0.148,8,5,1,0.0,10.0,29.0,0,0,0,1,48.39,47.3,5.7,57.6,1
2026-02-21T08:42:00,28.95,26.7,58.0,65.0,0.108,8,5,1,0.9,4.3,37.6,0,0,2,1,28.95,27.9,3.3,27.1,0
2026-02-21T09:00:00,53.54,49.4,60.5,65.0,0.069,9,5,1,0.0,10.0,28.1,0,0,0,0,53.54,50.8,6.1,53.5,0
2026-02-21T09:18:00,42.04,38.8,54.4,65.0,0.163,9,5,1,0.0,10.0,27.9,0,0,1,2,42.04,41.3,5.0,43.3,0
2026-02-21T09:36:00,60.87,56.2,43.4,65.0,0.332,9,5,1,9.8,3.4,28.8,0,0,0,1,60.87,63.7,7.6,82.7,1
2026-02-21T09:54:00,32.3,29.8,63.4,65.0,0.025,9,5,1,0.0,10.0,32.3,0,0,1,1,32.3,30.1,3.6,29.8,0
2026-02-21T10:12:00,24.7,22.8,55.7,65.0,0.143,10,5,1,0.0,10.0,19.1,0,0,1,2,24.7,24.1,2.9,28.6,1
2026-02-21T10:30:00,36.9,34.1,57.8,65.0,0.111,10,5,1,0.0,10.0,23.7,0,0,0,2,36.9,35.6,4.3,36.4,0
2026-02-21T10:48:00,20.18,18.6,56.0,65.0,0.138,10,5,1,0.0,10.0,27.5,0,0,1,2,20.18,19.6,2.4,21.4,1
2026-02-21T11:06:00,30.4,28.1,53.9,65.0,0.171,11,5,1,0.0,10.0,20.3,0,0,2,1,30.4,30.0,3.6,33.1,1
2026-02-21T11:24:00,37.14,34.3,56.8,65.0,0.126,11,5,1,0.0,10.0,32.5,0,0,1,2,37.14,36.0,4.3,39.2,0
2026-02-21T11:42:00,20.92,19.3,52.3,65.0,0.195,11,5,1,2.9,2.7,32.0,0,0,1,1,20.92,20.8,2.5,23.4,1
2026-02-21T12:00:00,33.8,31.2,64.7,65.0,0.005,12,5,1,0.0,10.0,31.4,0,0,0,2,33.8,31.3,3.8,32.1,0
2026-02-21T12:18:00,32.5,30.0,54.9,65.0,0.155,12,5,1,0.0,10.0,38.5,0,0,1,1,32.5,31.9,3.8,35.8,1
2026-02-21T12:36:00,53.74,49.6,58.6,65.0,0.098,12,5,1,0.0,10.0,30.7,0,0,0,0,53.74,51.5,6.2,55.3,0
2026-02-21T12:54:00,28.89,26.7,58.4,65.0,0.102,12,5,1,0.0,10.0,32.1,0,0,0,2,28.89,27.8,3.3,27.2,0
2026-02-21T13:12:00,54.04,49.9,60.5,65.0,0.069,13,5,1,0.0,10.0,42.1,0,0,0,2,54.04,51.3,6.2,57.5,1
2026-02-21T13:30:00,50.8,46.9,56.5,65.0,0.131,13,5,1,0.0,10.0,33.9,0,0,0,1,50.8,49.4,5.9,59.0,1
2026-02-21T13:48:00,9.75,11.7,46.9,50.0,0.062,13,5,1,0.0,10.0,30.0,0,0,1,2,9.75,12.0,2.0,11.7,0
2026-02-21T14:06:00,29.06,26.8,46.9,65.0,0.278,14,5,1,0.0,10.0,29.7,0,0,0,1,29.06,29.8,3.6,38.2,1
2026-02-21T14:24:00,22.16,20.5,52.8,65.0,0.188,14,5,1,0.0,10.0,22.5,1,1,0,0,22.16,22.0,2.6,30.0,1
2026-02-21T14:42:00,11.19,13.4,46.4,50.0,0.072,14,5,1,0.0,10.0,31.1,0,0,0,0,11.19,13.8,2.0,14.4,0
2026-02-21T15:00:00,48.86,45.1,59.6,65.0,0.083,15,5,1,2.7,4.1,19.4,0,0,0,0,48.86,46.6,5.6,47.9,0
2026-02-21T15:18:00,8.7,10.4,47.0,50.0,0.06,15,5,1,0.0,10.0,19.3,0,0,1,0,8.7,10.6,2.0,10.4,0
2026-02-21T15:36:00,60.1,55.5,61.5,65.0,0.054,15,5,1,0.0,10.0,29.6,0,0,0,1,60.1,56.7,6.8,60.2,0
2026-02-21T15:54:00,39.57,36.5,58.3,65.0,0.103,15,5,1,0.0,10.0,24.0,0,0,2,2,39.57,38.0,4.6,45.1,1
2026-02-21T16:12:00,11.39,13.7,44.7,50.0,0.106,16,5,1,0.0,10.0,15.3,0,0,0,1,11.39,14.3,2.0,15.3,0
2026-02-21T16:30:00,56.86,52.5,60.1,65.0,0.075,16,5,1,0.0,10.0,28.9,0,0,0,2,56.86,54.1,6.5,56.5,0
2026-02-21T16:48:00,22.58,20.8,58.0,65.0,0.108,16,5,1,0.0,10.0,27.2,0,0,0,0,22.58,21.7,2.6,26.7,1
2026-02-21T17:06:00,31.02,28.6,50.4,65.0,0.225,17,5,1,6.2,3.4,29.9,0,0,0,1,31.02,31.2,3.7,35.4,1
2026-02-21T17:24:00,51.93,47.9,56.2,65.0,0.135,17,5,1,0.0,10.0,39.3,0,0,1,0,51.93,50.5,6.1,56.2,1
2026-02-21T17:42:00,14.59,17.5,40.3,50.0,0.194,17,5,1,0.0,10.0,14.9,0,0,0,2,14.59,18.9,2.3,19.5,0
2026-02-21T18:00:00,37.17,34.3,57.9,65.0,0.109,18,5,1,0.0,10.0,33.0,0,0,0,0,37.17,35.8,4.3,38.4,0
2026-02-21T18:18:00,28.99,26.8,61.2,65.0,0.058,18,5,1,0.0,10.0,23.0,0,0,2,1,28.99,27.4,3.3,27.8,0
2026-02-21T18:36:00,44.1,40.7,52.8,65.0,0.188,18,5,1,3.0,2.8,23.7,0,0,1,2,44.1,43.8,5.3,52.3,1
2026-02-21T18:54:00,53.2,49.1,57.1,65.0,0.122,18,5,1,0.0,10.0,22.5,0,0,1,1,53.2,51.5,6.2,55.8,0
2026-02-21T19:12:00,48.93,45.2,62.1,65.0,0.045,19,5,1,0.0,10.0,26.3,0,0,0,0,48.93,46.0,5.5,45.2,0
2026-02-21T19:30:00,51.16,47.2,52.6,65.0,0.191,19,5,1,3.6,5.0,32.0,0,0,1,2,51.16,50.8,6.1,55.5,1
2026-02-21T19:48:00,36.48,33.7,34.8,65.0,0.465,19,5,1,1.0,4.1,32.3,1,3,2,2,36.48,40.0,4.8,63.2,1
2026-02-21T20:06:00,9.08,10.9,49.1,50.0,0.018,20,5,1,0.0,10.0,28.4,0,0,0,0,9.08,11.0,2.0,12.8,1
2026-02-21T20:24:00,56.21,51.9,55.4,65.0,0.148,20,5,1,0.0,10.0,31.0,0,0,0,0,56.21,55.0,6.6,60.9,1
2026-02-21T20:42:00,52.11,48.1,63.6,65.0,0.022,20,5,1,0.0,10.0,24.3,0,0,1,2,52.11,48.5,5.8,50.2,0
2026-02-21T21:00:00,41.95,38.7,27.3,65.0,0.58,21,5,1,0.0,10.0,28.5,1,3,1,2,41.95,47.7,5.7,96.1,1
2026-02-21T21:18:00,48.02,44.3,55.4,65.0,0.148,21,5,1,0.0,10.0,13.4,0,0,2,0,48.02,46.9,5.6,55.3,1
2026-02-21T21:36:00,48.32,44.6,51.7,65.0,0.205,21,5,1,0.0,10.0,35.3,0,0,2,2,48.32,48.3,5.8,58.9,1
2026-02-21T21:54:00,53.44,49.3,55.8,65.0,0.142,21,5,1,0.0,10.0,27.7,0,0,0,2,53.44,52.1,6.3,55.0,0
2026-02-21T22:12:00,32.63,30.1,55.8,65.0,0.142,22,5,1,0.9,4.4,13.0,0,0,2,0,32.63,31.8,3.8,37.1,1
2026-02-21T22:30:00,34.49,31.8,60.4,65.0,0.071,22,5,1,0.1,2.4,27.2,0,0,1,2,34.49,32.7,3.9,31.8,0
2026-02-21T22:48:00,20.46,18.9,51.3,65.0,0.211,22,5,1,5.3,4.5,19.8,0,0,2,2,20.46,20.5,2.5,24.1,1
2026-02-21T23:06:00,22.93,21.2,59.6,65.0,0.083,23,5,1,0.0,10.0,23.0,0,0,1,2,22.93,21.9,2.6,24.4,1
2026-02-21T23:24:00,30.37,28.0,49.6,65.0,0.237,23,5,1,0.0,10.0,20.2,0,0,0,2,30.37,30.7,3.7,37.8,1
2026-02-21T23:42:00,53.54,49.4,57.1,65.0,0.122,23,5,1,0.0,10.0,30.5,0,0,0,0,53.54,51.8,6.2,54.9,0
2026-02-22T00:00:00,46.87,43.3,59.3,65.0,0.088,0,6,1,0.0,10.0,21.5,0,0,0,2,46.87,44.8,5.4,44.6,0
2026-02-22T00:18:00,59.73,55.1,57.2,65.0,0.12,0,6,1,0.0,10.0,30.7,0,0,0,2,59.73,57.7,6.9,59.2,0
2026-02-22T00:36:00,35.52,32.8,51.6,65.0,0.206,0,6,1,5.1,2.6,36.1,0,0,1,1,35.52,35.5,4.3,37.9,1
2026-02-22T00:54:00,52.75,48.7,55.5,65.0,0.146,0,6,1,0.0,10.0,35.3,0,0,0,2,52.75,51.5,6.2,58.8,1
2026-02-22T01:12:00,12.17,14.6,36.3,50.0,0.274,1,6,1,0.0,10.0,26.2,0,0,2,2,12.17,16.2,2.0,19.7,1
2026-02-22T01:30:00,48.93,45.2,52.1,65.0,0.198,1,6,1,2.8,4.9,33.9,0,0,1,2,48.93,48.8,5.9,58.2,1
2026-02-22T01:48:00,35.65,32.9,50.0,65.0,0.231,1,6,1,0.0,10.0,42.8,0,0,2,2,35.65,35.9,4.3,39.3,1
2026-02-22T02:06:00,12.08,14.5,41.8,50.0,0.164,2,6,1,0.0,10.0,24.0,0,0,0,2,12.08,15.5,2.0,16.3,0
2026-02-22T02:24:00,20.32,18.8,28.9,65.0,0.555,2,6,1,10.6,2.8,22.2,1,2,0,2,20.32,23.0,2.8,41.5,1
2026-02-22T02:42:00,14.44,17.3,26.0,50.0,0.48,2,6,1,0.0,10.0,25.9,1,2,0,0,14.44,20.6,2.5,35.1,1
2026-02-22T03:00:00,43.48,40.1,57.2,65.0,0.12,3,6,1,0.2,3.8,22.5,0,0,2,1,43.48,42.0,5.0,41.6,0
2026-02-22T03:18:00,15.62,18.7,42.7,50.0,0.146,3,6,1,0.0,10.0,24.7,0,0,0,1,15.62,19.8,2.4,18.7,0
2026-02-22T03:36:00,35.56,32.8,60.1,65.0,0.075,3,6,1,0.0,10.0,13.4,0,0,0,1,35.56,33.8,4.1,35.1,0
2026-02-22T03:54:00,53.09,49.0,56.6,65.0,0.129,3,6,1,0.0,10.0,21.1,0,0,0,1,53.09,51.5,6.2,58.6,1
2026-02-22T04:12:00,58.21,53.7,56.8,65.0,0.126,4,6,1,0.0,10.0,35.6,0,0,1,2,58.21,56.4,6.8,62.7,1
2026-02-22T04:30:00,8.08,9.7,42.0,50.0,0.16,4,6,1,0.0,10.0,23.0,0,0,1,2,8.08,10.3,2.0,9.7,0
2026-02-22T04:48:00,56.31,52.0,42.5,65.0,0.346,4,6,1,0.0,10.0,18.4,1,2,0,2,56.31,59.2,7.1,78.1,1
2026-02-22T05:06:00,13.16,15.8,41.5,50.0,0.17,5,6,1,0.0,10.0,27.6,0,0,2,0,13.16,16.9,2.0,19.7,1
2026-02-22T05:24:00,26.52,24.5,57.2,65.0,0.12,5,6,1,0.0,10.0,31.2,0,0,2,2,26.52,25.7,3.1,30.7,1
2026-02-22T05:42:00,52.67,48.6,60.0,65.0,0.077,5,6,1,0.0,10.0,23.2,0,0,0,2,52.67,50.1,6.0,56.2,1
2026-02-22T06:00:00,31.15,28.8,56.3,65.0,0.134,6,6,1,0.0,10.0,20.5,0,0,2,2,31.15,30.3,3.6,32.9,0
2026-02-22T06:18:00,22.99,21.2,58.0,65.0,0.108,6,6,1,0.0,10.0,21.3,0,0,1,2,22.99,22.1,2.7,22.9,0
2026-02-22T06:36:00,46.06,42.5,62.7,65.0,0.035,6,6,1,0.0,10.0,25.7,0,0,1,2,46.06,43.1,5.2,43.0,0
2026-02-22T06:54:00,51.51,47.5,51.3,65.0,0.211,6,6,1,0.0,10.0,18.7,0,0,1,2,51.51,51.5,6.2,57.6,1
2026-02-22T07:12:00,47.41,43.8,32.1,65.0,0.506,7,6,1,0.0,10.0,19.9,1,3,0,2,47.41,52.7,6.3,85.7,1
2026-02-22T07:30:00,36.98,34.1,54.8,65.0,0.157,7,6,1,0.0,10.0,24.6,0,0,1,1,36.98,36.2,4.3,38.8,0
2026-02-22T07:48:00,52.02,48.0,54.2,65.0,0.166,7,6,1,0.9,3.7,26.3,0,0,0,1,52.02,51.2,6.1,57.5,1
2026-02-22T08:06:00,31.4,29.0,56.2,65.0,0.135,8,6,1,0.0,10.0,31.3,0,0,2,2,31.4,30.6,3.7,29.5,0
2026-02-22T08:24:00,12.48,15.0,46.3,50.0,0.074,8,6,1,0.0,10.0,24.2,0,0,1,2,12.48,15.4,2.0,15.0,0
2026-02-22T08:42:00,27.79,25.7,55.9,65.0,0.14,8,6,1,0.0,10.0,27.2,0,0,0,1,27.79,27.1,3.3,30.2,1
2026-02-22T09:00:00,32.51,30.0,57.6,65.0,0.114,9,6,1,0.0,10.0,29.5,0,0,2,1,32.51,31.4,3.8,34.9,1
2026-02-22T09:18:00,39.42,36.4,53.7,65.0,0.174,9,6,1,0.0,10.0,28.5,0,0,0,1,39.42,38.9,4.7,49.4,1
2026-02-22T09:36:00,63.71,58.8,61.1,65.0,0.06,9,6,1,0.0,10.0,31.5,0,0,0,2,63.71,60.2,7.2,61.1,0
2026-02-22T09:54:00,13.24,15.9,39.0,50.0,0.22,9,6,1,0.0,10.0,31.9,0,0,0,0,13.24,17.3,2.1,19.5,1
2026-02-22T10:12:00,27.09,25.0,60.7,65.0,0.066,10,6,1,0.0,10.0,18.1,0,0,1,2,27.09,25.7,3.1,26.8,0
2026-02-22T10:30:00,33.45,30.9,58.4,65.0,0.102,10,6,1,0.0,10.0,26.8,0,0,1,1,33.45,32.2,3.9,33.2,0
2026-02-22T10:48:00,24.82,22.9,42.7,65.0,0.343,10,6,1,0.0,10.0,34.4,1,2,2,2,24.82,26.0,3.1,37.1,1
2026-02-22T11:06:00,16.68,20.0,50.0,50.0,0.0,11,6,1,0.0,10.0,34.6,0,0,1,2,16.68,20.0,2.4,21.0,0
2026-02-22T11:24:00,13.83,16.6,43.8,50.0,0.124,11,6,1,0.0,10.0,16.8,0,0,2,0,13.83,17.4,2.1,19.6,1
2026-02-22T11:42:00,40.96,37.8,57.7,65.0,0.112,11,6,1,0.0,10.0,24.7,0,0,0,2,40.96,39.5,4.7,38.8,0
2026-02-22T12:00:00,13.99,16.8,44.6,50.0,0.108,12,6,1,3.3,2.3,38.5,0,0,1,0,13.99,17.5,2.1,22.6,1
2026-02-22T12:18:00,25.64,23.7,56.6,65.0,0.129,12,6,1,0.0,10.0,17.8,0,0,0,2,25.64,24.9,3.0,24.3,0
2026-02-22T12:36:00,50.93,47.0,62.7,65.0,0.035,12,6,1,0.0,10.0,14.0,0,0,0,0,50.93,47.7,5.7,54.5,1
2026-02-22T12:54:00,28.52,26.3,60.9,65.0,0.063,12,6,1,0.0,10.0,24.8,0,0,0,2,28.52,27.0,3.2,31.4,1
2026-02-22T13:12:00,54.04,49.9,60.4,65.0,0.071,13,6,1,0.0,10.0,29.0,0,0,1,1,54.04,51.3,6.2,55.9,0
2026-02-22T13:30:00,17.11,20.5,42.9,50.0,0.142,13,6,1,0.0,10.0,30.3,0,0,0,1,17.11,21.7,2.6,25.1,1
2026-02-22T13:48:00,26.51,24.5,65.3,65.0,0.0,13,6,1,0.0,10.0,28.1,0,0,0,2,26.51,24.5,2.9,25.8,0
2026-02-22T14:06:00,52.46,48.4,57.2,65.0,0.12,14,6,1,0.0,10.0,22.5,0,0,0,0,52.46,50.7,6.1,57.6,1
2026-02-22T14:24:00,42.84,39.5,57.3,65.0,0.118,14,6,1,0.0,10.0,28.0,0,0,0,0,42.84,41.4,5.0,45.1,0
2026-02-22T14:42:00,25.4,23.4,49.2,65.0,0.243,14,6,1,0.0,10.0,25.4,0,0,2,0,25.4,25.7,3.1,30.9,1
2026-02-22T15:00:00,11.55,13.9,42.1,50.0,0.158,15,6,1,0.0,10.0,25.6,0,0,1,1,11.55,14.8,2.0,13.9,0
2026-02-22T15:18:00,17.45,20.9,44.2,50.0,0.116,15,6,1,0.0,10.0,34.8,0,0,0,0,17.45,21.9,2.6,22.1,0
2026-02-22T15:36:00,27.73,25.6,63.3,65.0,0.026,15,6,1,0.0,10.0,39.8,0,0,0,0,27.73,25.9,3.1,25.6,0
2026-02-22T15:54:00,33.96,31.3,58.0,65.0,0.108,15,6,1,0.0,10.0,24.3,0,0,2,1,33.96,32.7,3.9,38.5,1
2026-02-22T16:12:00,20.81,19.2,25.3,65.0,0.611,16,6,1,7.1,2.2,33.3,1,2,1,0,20.81,23.9,2.9,48.6,1
2026-02-22T16:30:00,20.32,18.8,59.2,65.0,0.089,16,6,1,0.0,10.0,38.8,0,0,2,0,20.32,19.5,2.3,20.0,0
2026-02-22T16:48:00,64.9,59.9,60.3,65.0,0.072,16,6,1,0.0,10.0,20.7,0,0,2,2,64.9,61.6,7.4,62.6,0
2026-02-22T17:06:00,62.34,57.5,53.4,65.0,0.178,17,6,1,0.0,10.0,26.9,0,0,0,2,62.34,61.6,7.4,74.7,1
2026-02-22T17:24:00,12.28,14.7,44.6,50.0,0.108,17,6,1,0.0,10.0,13.6,0,0,0,0,12.28,15.3,2.0,15.5,0
2026-02-22T17:42:00,17.66,21.2,41.8,50.0,0.164,17,6,1,0.7,3.3,25.8,0,0,2,2,17.66,22.6,2.7,21.2,0
2026-02-22T18:00:00,53.3,49.2,53.3,65.0,0.18,18,6,1,0.0,10.0,25.9,0,0,2,2,53.3,52.7,6.3,64.1,1
2026-02-22T18:18:00,11.76,14.1,46.4,50.0,0.072,18,6,1,0.0,10.0,36.2,0,0,0,2,11.76,14.5,2.0,16.6,1
2026-02-22T18:36:00,22.86,21.1,49.1,65.0,0.245,18,6,1,0.0,10.0,25.4,1,1,0,2,22.86,23.2,2.8,29.6,1
2026-02-22T18:54:00,31.34,28.9,44.5,65.0,0.315,18,6,1,0.0,10.0,28.6,1,1,0,2,31.34,32.5,3.9,40.4,1
2026-02-22T19:12:00,30.34,28.0,58.6,65.0,0.098,19,6,1,0.0,10.0,23.9,0,0,1,2,30.34,29.1,3.5,32.4,1
2026-02-22T19:30:00,59.3,54.7,54.4,65.0,0.163,19,6,1,0.0,10.0,17.6,0,0,2,2,59.3,58.3,7.0,67.8,1
2026-02-22T19:48:00,13.1,15.7,40.4,50.0,0.192,19,6,1,0.0,10.0,27.4,0,0,1,2,13.1,16.9,2.0,17.9,0
2026-02-22T20:06:00,19.85,23.8,42.1,50.0,0.158,20,6,1,0.0,10.0,27.0,0,0,0,1,19.85,25.3,3.0,25.1,0
2026-02-22T20:24:00,10.93,13.1,43.4,50.0,0.132,20,6,1,0.0,10.0,30.6,0,0,1,2,10.93,13.8,2.0,17.0,1
2026-02-22T20:42:00,40.28,37.2,51.1,65.0,0.214,20,6,1,0.0,10.0,27.6,0,0,1,2,40.28,40.4,4.8,47.3,1
2026-02-22T21:00:00,9.73,11.7,42.7,50.0,0.146,21,6,1,0.0,10.0,36.3,0,0,1,1,9.73,12.4,2.0,13.7,1
2026-02-22T21:18:00,26.23,24.2,41.5,65.0,0.362,21,6,1,0.0,10.0,31.2,1,2,1,1,26.23,27.7,3.3,39.1,1
2026-02-22T21:36:00,22.24,20.5,54.2,65.0,0.166,21,6,1,0.0,10.0,23.3,0,0,1,2,22.24,21.9,2.6,26.5,1
2026-02-22T21:54:00,49.63,45.8,59.6,65.0,0.083,21,6,1,0.0,10.0,22.3,0,0,1,0,49.63,47.3,5.7,48.9,0
2026-02-22T22:12:00,23.51,21.7,57.8,65.0,0.111,22,6,1,0.0,10.0,29.5,0,0,1,2,23.51,22.7,2.7,26.6,1
2026-02-22T22:30:00,50.94,47.0,42.5,65.0,0.346,22,6,1,0.0,10.0,30.8,1,2,2,1,50.94,53.5,6.4,71.8,1
2026-02-22T22:48:00,33.06,30.5,57.2,65.0,0.12,22,6,1,0.0,10.0,28.1,0,0,0,2,33.06,32.0,3.8,36.5,1
2026-02-22T23:06:00,54.36,50.2,58.4,65.0,0.102,23,6,1,0.0,10.0,29.9,0,0,0,0,54.36,52.2,6.3,53.6,0
2026-02-22T23:24:00,51.24,47.3,57.2,65.0,0.12,23,6,1,0.0,10.0,26.6,0,0,0,1,51.24,49.6,6.0,57.9,1
2026-02-22T23:42:00,24.59,22.7,54.8,65.0,0.157,23,6,1,0.0,10.0,26.9,0,0,2,2,24.59,24.1,2.9,22.7,0
2026-02-23T00:00:00,24.99,23.1,51.9,65.0,0.202,0,0,0,2.0,4.0,32.6,0,0,2,2,24.99,25.0,3.0,27.4,1
2026-02-23T00:18:00,21.14,19.5,54.7,65.0,0.158,0,0,0,3.6,2.4,36.1,0,0,0,1,21.14,20.7,2.5,22.8,1
2026-02-23T00:36:00,50.61,46.7,34.5,65.0,0.469,0,0,0,0.0,10.0,28.1,1,3,0,1,50.61,55.5,6.7,94.5,1
2026-02-23T00:54:00,32.85,30.3,55.7,65.0,0.143,0,0,0,0.0,10.0,31.5,0,0,2,2,32.85,32.0,3.8,32.0,0
2026-02-23T01:12:00,24.75,22.8,57.1,65.0,0.122,1,0,0,0.0,10.0,26.4,0,0,1,2,24.75,23.9,2.9,24.1,0
2026-02-23T01:30:00,55.73,51.4,60.5,65.0,0.069,1,0,0,0.0,10.0,30.7,0,0,0,2,55.73,52.8,6.3,57.4,0
2026-02-23T01:48:00,13.56,16.3,41.9,50.0,0.162,1,0,0,0.0,10.0,27.6,0,0,2,1,13.56,17.4,2.1,19.3,1
2026-02-23T02:06:00,50.03,46.2,30.9,65.0,0.525,2,0,0,2.3,3.0,33.1,1,3,0,1,50.03,55.9,6.7,100.2,1
2026-02-23T02:24:00,24.94,23.0,50.0,65.0,0.231,2,0,0,0.0,10.0,28.8,0,0,2,2,24.94,25.1,3.0,30.2,1
2026-02-23T02:42:00,64.64,59.7,59.3,65.0,0.088,2,0,0,0.0,10.0,31.1,0,0,0,1,64.64,61.8,7.4,66.8,0
2026-02-23T03:00:00,43.05,39.7,58.7,65.0,0.097,3,0,0,0.0,10.0,24.1,0,0,1,1,43.05,41.2,4.9,46.6,1
2026-02-23T03:18:00,51.93,47.9,56.2,65.0,0.135,3,0,0,0.0,10.0,18.4,0,0,1,2,51.93,50.5,6.1,58.5,1
2026-02-23T03:36:00,55.34,51.1,56.8,65.0,0.126,3,0,0,0.0,10.0,20.9,0,0,1,0,55.34,53.7,6.4,57.3,0
2026-02-23T03:54:00,16.86,20.2,42.5,50.0,0.15,3,0,0,0.0,10.0,17.6,0,0,1,0,16.86,21.4,2.6,28.6,1
2026-02-23T04:12:00,38.3,35.4,56.5,65.0,0.131,4,0,0,0.0,10.0,28.9,0,0,0,1,38.3,37.3,4.5,45.5,1
2026-02-23T04:30:00,62.96,58.1,63.1,65.0,0.029,4,0,0,0.0,10.0,27.3,0,0,0,1,62.96,58.8,7.1,58.1,0
2026-02-23T04:48:00,27.24,25.1,27.3,65.0,0.58,4,0,0,0.0,10.0,30.2,1,3,1,2,27.24,30.9,3.7,61.9,1
2026-02-23T05:06:00,31.42,29.0,53.2,65.0,0.182,5,0,0,0.0,10.0,34.9,0,0,1,1,31.42,31.1,3.7,35.1,1
2026-02-23T05:24:00,54.52,50.3,58.0,65.0,0.108,5,0,0,0.0,10.0,27.1,0,0,0,2,54.52,52.5,6.3,56.0,0
2026-02-23T05:42:00,61.62,56.9,51.1,65.0,0.214,5,0,0,3.7,3.3,21.9,0,0,1,2,61.62,61.8,7.4,71.1,1
2026-02-23T06:00:00,36.02,33.2,43.8,65.0,0.326,6,0,0,0.0,10.0,19.9,1,1,1,1,36.02,37.5,4.5,51.1,1
2026-02-23T06:18:00,14.01,16.8,49.8,50.0,0.004,6,0,0,0.0,10.0,38.8,0,0,0,2,14.01,16.8,2.0,18.2,0
2026-02-23T06:36:00,55.3,51.0,61.8,65.0,0.049,6,0,0,0.0,10.0,19.9,0,0,2,1,55.3,52.0,6.2,56.5,0
2026-02-23T06:54:00,37.43,34.6,57.5,65.0,0.115,6,0,0,0.0,10.0,29.0,0,0,2,0,37.43,36.2,4.3,43.6,1
2026-02-23T07:12:00,14.18,17.0,44.6,50.0,0.108,7,0,0,0.0,10.0,36.1,0,0,0,2,14.18,17.7,2.1,17.4,0
2026-02-23T07:30:00,29.11,26.9,46.2,65.0,0.289,7,0,0,0.0,10.0,21.3,1,1,0,2,29.11,30.0,3.6,36.8,1
2026-02-23T07:48:00,44.74,41.3,60.2,65.0,0.074,7,0,0,0.0,10.0,31.5,0,0,1,0,44.74,42.5,5.1,46.4,0
2026-02-23T08:06:00,52.63,48.6,41.9,65.0,0.355,8,0,0,0.0,10.0,28.0,0,0,0,0,52.63,55.5,6.7,81.5,1
2026-02-23T08:24:00,15.0,18.0,35.8,50.0,0.284,8,0,0,0.0,10.0,41.1,0,0,1,2,15.0,20.0,2.4,26.1,1
2026-02-23T08:42:00,56.92,52.5,37.9,65.0,0.417,8,0,0,0.0,10.0,32.5,0,0,1,2,56.92,61.3,7.4,93.8,1
2026-02-23T09:00:00,41.91,38.7,42.0,65.0,0.354,9,0,0,0.0,10.0,40.3,0,0,1,2,41.91,44.2,5.3,54.9,1
2026-02-23T09:18:00,35.01,32.3,34.2,65.0,0.474,9,0,0,0.0,10.0,23.6,0,0,0,1,35.01,38.4,4.6,60.9,1
2026-02-23T09:36:00,27.76,25.6,41.9,65.0,0.355,9,0,0,0.0,10.0,16.5,0,0,0,2,27.76,29.2,3.5,40.0,1
2026-02-23T09:54:00,18.03,21.6,34.0,50.0,0.32,9,0,0,0.0,10.0,23.6,0,0,1,1,18.03,24.4,2.9,32.8,1
2026-02-23T10:12:00,46.14,42.6,38.4,65.0,0.409,10,0,0,0.5,2.3,25.4,0,0,0,0,46.14,49.6,6.0,75.8,1
2026-02-23T10:30:00,10.92,13.1,18.0,50.0,0.64,10,0,0,0.4,4.7,27.9,1,2,0,2,10.92,16.5,2.0,37.4,1
2026-02-23T10:48:00,38.46,35.5,42.5,65.0,0.346,10,0,0,0.0,10.0,24.8,0,0,0,1,38.46,40.4,4.8,52.0,1
2026-02-23T11:06:00,50.59,46.7,32.0,65.0,0.508,11,0,0,0.0,10.0,24.5,1,3,2,2,50.59,56.2,6.7,94.8,1
2026-02-23T11:24:00,18.99,22.8,41.3,50.0,0.174,11,0,0,3.4,3.7,25.6,0,0,2,2,18.99,24.4,2.9,25.5,0
2026-02-23T11:42:00,54.77,50.6,53.2,65.0,0.182,11,0,0,0.0,10.0,21.8,0,0,0,2,54.77,54.3,6.5,64.4,1
2026-02-23T12:00:00,9.36,11.2,39.2,50.0,0.216,12,0,0,1.0,4.1,27.5,0,0,1,1,9.36,12.2,2.0,12.2,0
2026-02-23T12:18:00,49.21,45.4,54.8,65.0,0.157,12,0,0,0.0,10.0,19.3,0,0,0,2,49.21,48.3,5.8,56.2,1
2026-02-23T12:36:00,38.97,36.0,56.6,65.0,0.129,12,0,0,0.0,10.0,30.5,0,0,0,0,38.97,37.9,4.5,38.1,0
2026-02-23T12:54:00,8.66,10.4,29.3,50.0,0.414,12,0,0,0.0,10.0,40.5,1,2,0,2,8.66,12.1,2.0,17.3,1
2026-02-23T13:12:00,44.93,41.5,44.9,65.0,0.309,13,0,0,12.6,2.8,22.8,0,0,0,2,44.93,46.6,5.6,66.5,1
2026-02-23T13:30:00,54.5,50.3,51.4,65.0,0.209,13,0,0,1.5,2.6,31.5,0,0,0,1,54.5,54.5,6.5,60.3,1
2026-02-23T13:48:00,47.31,43.7,53.7,65.0,0.174,13,0,0,0.0,10.0,27.4,0,0,0,1,47.31,46.7,5.6,56.7,1
2026-02-23T14:06:00,61.28,56.6,58.6,65.0,0.098,14,0,0,0.0,10.0,37.3,0,0,0,1,61.28,58.8,7.1,65.7,1
2026-02-23T14:24:00,62.49,57.7,58.8,65.0,0.095,14,0,0,0.0,10.0,28.0,0,0,1,1,62.49,59.9,7.2,67.7,1
2026-02-23T14:42:00,48.09,44.4,57.3,65.0,0.118,14,0,0,0.0,10.0,15.1,0,0,0,2,48.09,46.5,5.6,49.6,0
2026-02-23T15:00:00,44.05,40.7,56.5,65.0,0.131,15,0,0,0.0,10.0,32.3,0,0,0,1,44.05,42.8,5.1,48.9,1
2026-02-23T15:18:00,18.8,22.6,40.9,50.0,0.182,15,0,0,1.0,2.2,27.2,0,0,0,2,18.8,24.2,2.9,23.5,0
2026-02-23T15:36:00,43.3,40.0,31.2,65.0,0.52,15,0,0,0.0,10.0,29.2,1,3,1,2,43.3,48.3,5.8,85.2,1
2026-02-23T15:54:00,35.02,32.3,58.6,65.0,0.098,15,0,0,0.0,10.0,31.5,0,0,1,2,35.02,33.6,4.0,36.4,0
2026-02-23T16:12:00,9.41,11.3,45.6,50.0,0.088,16,0,0,0.0,10.0,26.8,0,0,1,1,9.41,11.7,2.0,12.6,0
2026-02-23T16:30:00,14.98,18.0,41.3,50.0,0.174,16,0,0,0.0,10.0,33.0,0,0,1,2,14.98,19.3,2.3,21.8,1
2026-02-23T16:48:00,55.37,51.1,55.1,65.0,0.152,16,0,0,0.0,10.0,26.5,0,0,0,1,55.37,54.2,6.5,59.0,1
2026-02-23T17:06:00,33.25,30.7,38.3,65.0,0.411,17,0,0,0.0,10.0,27.6,0,0,0,0,33.25,35.7,4.3,50.9,1
2026-02-23T17:24:00,23.84,22.0,37.2,65.0,0.428,17,0,0,0.0,10.0,38.5,0,0,1,2,23.84,25.8,3.1,38.0,1
2026-02-23T17:42:00,27.96,25.8,40.8,65.0,0.372,17,0,0,0.0,10.0,34.1,0,0,0,2,27.96,29.6,3.6,40.4,1
2026-02-23T18:00:00,57.81,53.4,38.0,65.0,0.415,18,0,0,0.0,10.0,27.1,0,0,1,2,57.81,62.3,7.5,93.2,1
2026-02-23T18:18:00,45.52,42.0,40.8,65.0,0.372,18,0,0,0.0,10.0,26.4,0,0,0,2,45.52,48.2,5.8,64.9,1
2026-02-23T18:36:00,19.55,23.5,28.3,50.0,0.434,18,0,0,0.0,10.0,24.1,0,0,0,2,19.55,27.6,3.3,42.3,1
2026-02-23T18:54:00,41.83,38.6,40.0,65.0,0.385,18,0,0,0.0,10.0,23.5,0,0,1,2,41.83,44.5,5.3,66.3,1
2026-02-23T19:12:00,19.69,23.6,30.6,50.0,0.388,19,0,0,0.0,10.0,25.8,0,0,1,1,19.69,27.3,3.3,38.6,1
2026-02-23T19:30:00,36.15,33.4,36.0,65.0,0.446,19,0,0,0.0,10.0,41.4,0,0,2,2,36.15,39.4,4.7,62.1,1
2026-02-23T19:48:00,39.76,36.7,44.0,65.0,0.323,19,0,0,0.0,10.0,17.1,0,0,0,2,39.76,41.4,5.0,52.9,1
2026-02-23T20:06:00,11.01,13.2,26.6,50.0,0.468,20,0,0,0.0,10.0,31.1,0,0,0,0,11.01,15.7,2.0,26.2,1
2026-02-23T20:24:00,19.33,23.2,31.0,50.0,0.38,20,0,0,0.0,10.0,32.5,0,0,0,1,19.33,26.7,3.2,35.3,1
2026-02-23T20:42:00,20.92,19.3,36.8,65.0,0.434,20,0,0,0.0,10.0,33.8,0,0,0,2,20.92,22.7,2.7,35.0,1
2026-02-23T21:00:00,60.89,56.2,55.7,65.0,0.143,21,0,0,0.0,10.0,32.3,0,0,1,2,60.89,59.4,7.1,60.9,0
2026-02-23T21:18:00,11.48,13.8,41.0,50.0,0.18,21,0,0,1.2,4.9,27.9,0,0,0,2,11.48,14.8,2.0,18.4,1
2026-02-23T21:36:00,30.06,27.7,56.9,65.0,0.125,21,0,0,2.7,2.2,30.7,0,0,1,2,30.06,29.1,3.5,29.5,0
2026-02-23T21:54:00,53.43,49.3,55.3,65.0,0.149,21,0,0,0.0,10.0,20.3,0,0,0,1,53.43,52.2,6.3,55.7,0
2026-02-23T22:12:00,38.02,35.1,58.2,65.0,0.105,22,0,0,0.0,10.0,22.6,0,0,0,1,38.02,36.6,4.4,36.3,0
2026-02-23T22:30:00,42.08,38.8,59.6,65.0,0.083,22,0,0,0.0,10.0,29.8,0,0,1,2,42.08,40.1,4.8,39.5,0
2026-02-23T22:48:00,46.0,42.5,59.0,65.0,0.092,22,0,0,0.0,10.0,22.6,0,0,1,2,46.0,44.1,5.3,50.3,1
2026-02-23T23:06:00,40.19,37.1,56.3,65.0,0.134,23,0,0,0.0,10.0,23.1,0,0,0,2,40.19,39.1,4.7,47.1,1
2026-02-23T23:24:00,9.47,11.4,44.6,50.0,0.108,23,0,0,0.0,10.0,28.0,0,0,1,2,9.47,11.9,2.0,11.4,0
2026-02-23T23:42:00,17.77,21.3,45.6,50.0,0.088,23,0,0,2.9,2.3,34.0,0,0,0,0,17.77,22.0,2.6,22.9,0
2026-02-24T00:00:00,58.64,54.1,34.7,65.0,0.466,0,1,0,0.1,4.9,26.4,1,3,1,0,58.64,64.2,7.7,105.2,1
2026-02-24T00:18:00,19.13,23.0,45.3,50.0,0.094,0,1,0,0.0,10.0,25.4,0,0,0,2,19.13,23.9,2.9,23.2,0
2026-02-24T00:36:00,40.77,37.6,58.1,65.0,0.106,0,1,0,0.0,10.0,15.8,0,0,0,1,40.77,39.2,4.7,42.2,0
2026-02-24T00:54:00,27.23,25.1,56.4,65.0,0.132,0,1,0,0.0,10.0,24.9,0,0,2,2,27.23,26.4,3.2,29.2,1
2026-02-24T01:12:00,60.29,55.7,57.5,65.0,0.115,1,1,0,0.0,10.0,29.0,0,0,0,2,60.29,58.3,7.0,62.6,0
2026-02-24T01:30:00,49.73,45.9,63.4,65.0,0.025,1,1,0,0.0,10.0,15.3,0,0,1,1,49.73,46.4,5.6,48.5,0
2026-02-24T01:48:00,35.66,32.9,59.0,65.0,0.092,1,1,0,0.0,10.0,26.1,0,0,0,2,35.66,34.1,4.1,36.8,0
2026-02-24T02:06:00,60.95,56.3,39.2,65.0,0.397,2,1,0,0.0,10.0,29.7,1,2,2,1,60.95,65.2,7.8,96.3,1
2026-02-24T02:24:00,30.01,27.7,52.9,65.0,0.186,2,1,0,2.2,2.8,28.4,0,0,0,2,30.01,29.8,3.6,33.8,1
2026-02-24T02:42:00,24.24,22.4,59.8,65.0,0.08,2,1,0,0.0,10.0,26.0,0,0,1,1,24.24,23.1,2.8,22.4,0
2026-02-24T03:00:00,56.98,52.6,58.9,65.0,0.094,3,1,0,0.0,10.0,33.5,0,0,2,2,56.98,54.6,6.6,57.2,0
2026-02-24T03:18:00,54.63,50.4,59.9,65.0,0.078,3,1,0,0.0,10.0,27.2,0,0,2,2,54.63,52.0,6.2,61.8,1
2026-02-24T03:36:00,56.34,52.0,58.6,65.0,0.098,3,1,0,0.0,10.0,26.6,0,0,1,2,56.34,54.0,6.5,58.9,0
2026-02-24T03:54:00,40.64,37.5,58.8,65.0,0.095,3,1,0,0.0,10.0,16.0,0,0,0,2,40.64,38.9,4.7,43.0,0
2026-02-24T04:12:00,22.73,21.0,53.7,65.0,0.174,4,1,0,0.0,10.0,36.4,0,0,1,2,22.73,22.5,2.7,23.9,0
2026-02-24T04:30:00,42.25,39.0,59.1,65.0,0.091,4,1,0,0.0,10.0,23.4,0,0,1,2,42.25,40.4,4.8,40.1,0
2026-02-24T04:48:00,15.34,18.4,43.9,50.0,0.122,4,1,0,0.0,10.0,29.8,0,0,0,2,15.34,19.3,2.3,22.2,1
2026-02-24T05:06:00,12.28,14.7,43.1,50.0,0.138,5,1,0,0.0,10.0,28.5,0,0,0,1,12.28,15.5,2.0,20.2,1
2026-02-24T05:24:00,54.05,49.9,57.8,65.0,0.111,5,1,0,0.0,10.0,20.9,0,0,1,2,54.05,52.1,6.3,56.6,0
2026-02-24T05:42:00,24.54,22.7,58.5,65.0,0.1,5,1,0,0.0,10.0,24.0,0,0,0,2,24.54,23.6,2.8,23.5,0
2026-02-24T06:00:00,54.81,50.6,58.5,65.0,0.1,6,1,0,0.0,10.0,26.6,0,0,0,0,54.81,52.6,6.3,55.2,0
2026-02-24T06:18:00,32.0,29.5,49.7,65.0,0.235,6,1,0,0.0,10.0,21.7,0,0,0,0,32.0,32.3,3.9,41.4,1
2026-02-24T06:36:00,53.42,49.3,58.0,65.0,0.108,6,1,0,0.0,10.0,35.4,0,0,0,2,53.42,51.4,6.2,54.6,0
2026-02-24T06:54:00,37.26,34.4,58.2,65.0,0.105,6,1,0,0.0,10.0,24.5,0,0,1,2,37.26,35.8,4.3,36.9,0
2026-02-24T07:12:00,26.82,24.8,57.6,65.0,0.114,7,1,0,0.0,10.0,16.6,0,0,1,1,26.82,25.9,3.1,30.9,1
2026-02-24T07:30:00,9.81,11.8,45.9,50.0,0.082,7,1,0,0.0,10.0,27.7,0,0,1,1,9.81,12.2,2.0,13.4,0
2026-02-24T07:48:00,48.18,44.5,60.3,65.0,0.072,7,1,0,0.0,10.0,22.1,0,0,0,0,48.18,45.8,5.5,48.9,0
2026-02-24T08:06:00,42.59,39.3,38.1,65.0,0.414,8,1,0,0.0,10.0,27.7,0,0,2,1,42.59,45.8,5.5,64.0,1
2026-02-24T08:24:00,58.48,54.0,43.1,65.0,0.337,8,1,0,0.0,10.0,32.9,0,0,2,2,58.48,61.3,7.4,81.0,1
2026-02-24T08:42:00,13.03,15.6,23.2,50.0,0.536,8,1,0,1.9,2.6,25.0,0,0,0,1,13.03,18.9,2.3,36.3,1
2026-02-24T09:00:00,32.74,30.2,32.7,65.0,0.497,9,1,0,3.8,3.5,21.2,0,0,1,2,32.74,36.2,4.3,59.4,1
2026-02-24T09:18:00,55.31,51.1,31.6,65.0,0.514,9,1,0,0.0,10.0,34.1,1,1,0,0,55.31,61.6,7.4,107.1,1
2026-02-24T09:36:00,19.25,23.1,31.7,50.0,0.366,9,1,0,0.0,10.0,30.8,0,0,1,2,19.25,26.5,3.2,38.2,1
2026-02-24T09:54:00,9.32,11.2,29.3,50.0,0.414,9,1,0,0.0,10.0,27.0,0,0,0,0,9.32,13.1,2.0,17.4,1
2026-02-24T10:12:00,57.58,53.2,45.5,65.0,0.3,10,1,0,0.0,10.0,29.7,0,0,1,2,57.58,59.6,7.2,81.3,1
2026-02-24T10:30:00,63.77,58.9,41.1,65.0,0.368,10,1,0,0.0,10.0,23.1,0,0,2,2,63.77,67.6,8.1,95.9,1
2026-02-24T10:48:00,29.62,27.3,38.0,65.0,0.415,10,1,0,0.0,10.0,24.6,0,0,0,0,29.62,31.8,3.8,46.8,1
2026-02-24T11:06:00,38.73,35.8,59.0,65.0,0.092,11,1,0,0.0,10.0,30.5,0,0,1,2,38.73,37.1,4.5,37.5,0
2026-02-24T11:24:00,55.48,51.2,53.5,65.0,0.177,11,1,0,0.0,10.0,31.2,0,0,0,0,55.48,54.8,6.6,61.9,1
2026-02-24T11:42:00,60.9,56.2,59.2,65.0,0.089,11,1,0,0.0,10.0,28.2,0,0,0,2,60.9,58.2,7.0,61.3,0
2026-02-24T12:00:00,49.85,46.0,62.6,65.0,0.037,12,1,0,0.0,10.0,23.0,0,0,1,2,49.85,46.7,5.6,46.0,0
2026-02-24T12:18:00,34.12,31.5,62.1,65.0,0.045,12,1,0,0.0,10.0,18.8,0,0,0,0,34.12,32.1,3.9,37.0,1
2026-02-24T12:36:00,62.48,57.7,54.8,65.0,0.157,12,1,0,0.0,10.0,26.9,0,0,0,2,62.48,61.3,7.4,67.2,1
2026-02-24T12:54:00,62.34,57.5,56.7,65.0,0.128,12,1,0,0.0,10.0,28.4,0,0,2,2,62.34,60.4,7.2,66.7,1
2026-02-24T13:12:00,62.75,57.9,55.9,65.0,0.14,13,1,0,0.0,10.0,29.7,0,0,0,2,62.75,61.1,7.3,68.3,1
2026-02-24T13:30:00,33.61,31.0,57.7,65.0,0.112,13,1,0,0.0,10.0,20.8,0,0,2,1,33.61,32.4,3.9,34.1,0
2026-02-24T13:48:00,35.92,33.2,56.2,65.0,0.135,13,1,0,0.0,10.0,27.0,0,0,0,1,35.92,35.0,4.2,40.7,1
2026-02-24T14:06:00,23.01,21.2,58.0,65.0,0.108,14,1,0,0.0,10.0,33.4,0,0,1,1,23.01,22.1,2.7,22.9,0
2026-02-24T14:24:00,16.69,20.0,43.1,50.0,0.138,14,1,0,0.0,10.0,22.3,0,0,0,2,16.69,21.1,2.5,22.9,0
2026-02-24T14:42:00,42.89,39.6,57.5,65.0,0.115,14,1,0,0.0,10.0,29.2,0,0,1,2,42.89,41.4,5.0,41.3,0
2026-02-24T15:00:00,48.02,44.3,54.9,65.0,0.155,15,1,0,0.0,10.0,23.8,0,0,2,2,48.02,47.0,5.6,51.7,1
2026-02-24T15:18:00,41.76,38.5,58.9,65.0,0.094,15,1,0,0.0,10.0,21.8,0,0,0,2,41.76,39.9,4.8,46.2,1
2026-02-24T15:36:00,41.97,38.7,51.9,65.0,0.202,15,1,0,0.0,10.0,24.3,1,1,0,0,41.97,41.8,5.0,47.6,1
2026-02-24T15:54:00,20.01,18.5,55.8,65.0,0.142,15,1,0,0.0,10.0,19.2,0,0,0,0,20.01,19.6,2.4,18.5,0
2026-02-24T16:12:00,15.08,18.1,47.9,50.0,0.042,16,1,0,0.0,10.0,19.3,0,0,0,2,15.08,18.4,2.2,22.6,1
2026-02-24T16:30:00,61.95,57.2,57.0,65.0,0.123,16,1,0,0.0,10.0,19.4,0,0,0,2,61.95,60.0,7.2,67.5,1
2026-02-24T16:48:00,42.29,39.0,56.7,65.0,0.128,16,1,0,3.5,4.7,31.3,0,0,1,1,42.29,41.0,4.9,42.3,0
2026-02-24T17:06:00,32.76,30.2,38.6,65.0,0.406,17,1,0,0.0,10.0,27.3,0,0,1,1,32.76,35.1,4.2,52.1,1
2026-02-24T17:24:00,59.35,54.8,38.3,65.0,0.411,17,1,0,0.0,10.0,30.3,0,0,1,0,59.35,63.8,7.7,92.0,1
2026-02-24T17:42:00,18.98,22.8,18.0,50.0,0.64,17,1,0,0.0,10.0,19.3,1,3,2,2,18.98,28.6,3.4,67.2,1
2026-02-24T18:00:00,23.18,21.4,32.3,65.0,0.503,18,1,0,2.3,2.3,26.2,0,0,2,1,23.18,25.7,3.1,45.5,1
2026-02-24T18:18:00,57.9,53.4,39.9,65.0,0.386,18,1,0,0.0,10.0,25.2,0,0,0,0,57.9,61.6,7.4,82.3,1
2026-02-24T18:36:00,24.37,22.5,22.2,65.0,0.658,18,1,0,17.7,2.9,26.2,0,0,0,1,24.37,28.4,3.4,65.6,1
2026-02-24T18:54:00,58.91,54.4,38.6,65.0,0.406,18,1,0,0.0,10.0,25.8,0,0,0,0,58.91,63.2,7.6,92.1,1
2026-02-24T19:12:00,23.48,21.7,42.6,65.0,0.345,19,1,0,0.0,10.0,20.4,0,0,0,0,23.48,24.7,3.0,30.9,1
2026-02-24T19:30:00,55.41,51.1,42.0,65.0,0.354,19,1,0,0.0,10.0,23.1,0,0,0,2,55.41,58.3,7.0,82.2,1
2026-02-24T19:48:00,51.56,47.6,44.3,65.0,0.318,19,1,0,0.0,10.0,25.0,0,0,0,2,51.56,53.7,6.4,68.9,1
2026-02-24T20:06:00,57.44,53.0,26.5,65.0,0.592,20,1,0,12.6,2.0,23.8,0,0,0,2,57.44,65.6,7.9,128.1,1
2026-02-24T20:24:00,49.72,45.9,23.3,65.0,0.642,20,1,0,0.0,10.0,22.7,1,2,0,2,49.72,57.7,6.9,130.8,1
2026-02-24T20:42:00,54.82,50.6,40.2,65.0,0.382,20,1,0,0.0,10.0,29.8,0,0,0,1,54.82,58.3,7.0,81.4,1
2026-02-24T21:00:00,14.82,17.8,47.2,50.0,0.056,21,1,0,0.1,4.9,23.1,0,0,0,2,14.82,18.2,2.2,17.8,0
2026-02-24T21:18:00,43.34,40.0,58.6,65.0,0.098,21,1,0,0.0,10.0,17.6,0,0,1,0,43.34,41.6,5.0,43.9,0
2026-02-24T21:36:00,48.08,44.4,57.4,65.0,0.117,21,1,0,0.0,10.0,15.8,0,0,0,2,48.08,46.5,5.6,49.5,0
2026-02-24T21:54:00,55.52,51.2,54.6,65.0,0.16,21,1,0,0.0,10.0,21.3,0,0,0,1,55.52,54.5,6.5,59.0,1
2026-02-24T22:12:00,63.66,58.8,53.7,65.0,0.174,22,1,0,2.4,4.0,30.4,0,0,0,2,63.66,62.9,7.5,71.0,1
2026-02-24T22:30:00,61.15,56.4,50.6,65.0,0.222,22,1,0,0.0,10.0,25.6,0,0,0,2,61.15,61.4,7.4,74.2,1
2026-02-24T22:48:00,18.84,22.6,44.3,50.0,0.114,22,1,0,0.0,10.0,18.3,0,0,0,2,18.84,23.6,2.8,28.3,1
2026-02-24T23:06:00,63.43,58.6,57.4,65.0,0.117,23,1,0,0.0,10.0,31.8,0,0,1,1,63.43,61.3,7.4,67.8,1
2026-02-24T23:24:00,24.42,22.5,60.2,65.0,0.074,23,1,0,0.0,10.0,26.9,0,0,1,2,24.42,23.2,2.8,24.7,0
2026-02-24T23:42:00,21.26,19.6,57.7,65.0,0.112,23,1,0,0.0,10.0,40.4,0,0,0,1,21.26,20.5,2.5,20.7,0
2026-02-25T00:00:00,29.31,27.1,56.2,65.0,0.135,0,2,0,0.0,10.0,22.5,0,0,1,2,29.31,28.6,3.4,30.1,0
2026-02-25T00:18:00,28.31,26.1,55.5,65.0,0.146,0,2,0,1.5,4.5,26.3,0,0,2,1,28.31,27.6,3.3,35.6,1
2026-02-25T00:36:00,13.94,16.7,43.7,50.0,0.126,0,2,0,0.0,10.0,22.4,0,0,0,2,13.94,17.5,2.1,23.5,1
2026-02-25T00:54:00,14.9,17.9,45.0,50.0,0.1,0,2,0,0.0,10.0,22.0,0,0,2,0,14.9,18.6,2.2,17.9,0
2026-02-25T01:12:00,17.21,20.7,18.0,50.0,0.64,1,2,0,0.0,10.0,20.0,1,3,0,1,17.21,26.0,3.1,58.1,1
2026-02-25T01:30:00,14.13,17.0,45.4,50.0,0.092,1,2,0,0.0,10.0,25.1,0,0,1,2,14.13,17.6,2.1,24.8,1
2026-02-25T01:48:00,15.27,18.3,42.0,50.0,0.16,1,2,0,0.0,10.0,31.0,0,0,0,2,15.27,19.5,2.3,18.4,0
2026-02-25T02:06:00,49.9,46.1,60.3,65.0,0.072,2,2,0,0.0,10.0,18.9,0,0,0,2,49.9,47.4,5.7,53.2,1
2026-02-25T02:24:00,34.99,32.3,57.6,65.0,0.114,2,2,0,0.0,10.0,20.7,0,0,1,2,34.99,33.8,4.1,37.5,1
2026-02-25T02:42:00,62.48,57.7,59.5,65.0,0.085,2,2,0,0.0,10.0,20.2,0,0,1,2,62.48,59.7,7.2,62.5,0
2026-02-25T03:00:00,49.3,45.5,56.2,65.0,0.135,3,2,0,0.0,10.0,11.2,0,0,0,2,49.3,48.0,5.8,54.8,1
2026-02-25T03:18:00,19.5,23.4,36.4,50.0,0.272,3,2,0,0.0,10.0,33.2,1,1,0,2,19.5,25.9,3.1,31.4,1
2026-02-25T03:36:00,56.65,52.3,59.2,65.0,0.089,3,2,0,0.0,10.0,36.1,0,0,1,1,56.65,54.2,6.5,53.0,0
2026-02-25T03:54:00,21.86,20.2,54.7,65.0,0.158,3,2,0,0.0,10.0,34.1,0,0,0,1,21.86,21.5,2.6,23.2,0
2026-02-25T04:12:00,17.86,21.4,44.6,50.0,0.108,4,2,0,0.0,10.0,24.9,0,0,1,0,17.86,22.3,2.7,25.3,1
2026-02-25T04:30:00,63.37,58.5,57.9,65.0,0.109,4,2,0,0.0,10.0,26.8,0,0,2,0,63.37,61.1,7.3,66.7,0
2026-02-25T04:48:00,20.26,18.7,57.5,65.0,0.115,4,2,0,0.0,10.0,30.0,0,0,0,2,20.26,19.6,2.4,23.8,1
2026-02-25T05:06:00,54.42,50.2,59.3,65.0,0.088,5,2,0,0.0,10.0,26.7,0,0,2,2,54.42,52.0,6.2,52.3,0
2026-02-25T05:24:00,57.92,53.5,51.3,65.0,0.211,5,2,0,0.0,10.0,27.5,0,0,2,2,57.92,58.0,7.0,69.6,1
2026-02-25T05:42:00,64.93,59.9,57.1,65.0,0.122,5,2,0,0.0,10.0,24.1,0,0,1,0,64.93,62.8,7.5,65.9,0
2026-02-25T06:00:00,17.76,21.3,41.4,50.0,0.172,6,2,0,0.0,10.0,21.9,0,0,1,2,17.76,22.8,2.7,22.6,0
2026-02-25T06:18:00,63.13,58.3,58.8,65.0,0.095,6,2,0,0.0,10.0,24.8,0,0,0,2,63.13,60.5,7.3,63.1,0
2026-02-25T06:36:00,51.39,47.4,54.6,65.0,0.16,6,2,0,0.0,10.0,24.4,0,0,0,1,51.39,50.4,6.0,58.2,1
2026-02-25T06:54:00,41.59,38.4,37.0,65.0,0.431,6,2,0,0.0,10.0,27.2,1,3,1,0,41.59,45.0,5.4,66.6,1
2026-02-25T07:12:00,21.57,19.9,50.3,65.0,0.226,7,2,0,0.0,10.0,33.3,0,0,0,1,21.57,21.7,2.6,26.2,1
2026-02-25T07:30:00,48.27,44.6,57.0,65.0,0.123,7,2,0,0.0,10.0,25.1,0,0,0,1,48.27,46.8,5.6,49.0,0
2026-02-25T07:48:00,10.69,12.8,45.0,50.0,0.1,7,2,0,0.0,10.0,17.7,0,0,2,0,10.69,13.3,2.0,12.8,0
2026-02-25T08:06:00,13.04,15.6,25.4,50.0,0.492,8,2,0,0.0,10.0,27.5,0,0,1,0,13.04,18.7,2.2,29.0,1
2026-02-25T08:24:00,49.71,45.9,37.7,65.0,0.42,8,2,0,0.0,10.0,22.4,0,0,1,2,49.71,53.6,6.4,80.5,1
2026-02-25T08:42:00,30.17,27.8,42.3,65.0,0.349,8,2,0,0.0,10.0,21.1,0,0,0,1,30.17,31.7,3.8,44.3,1
2026-02-25T09:00:00,15.04,18.0,33.5,50.0,0.33,9,2,0,0.0,10.0,24.1,0,0,0,1,15.04,20.4,2.4,27.6,1
2026-02-25T09:18:00,46.65,43.1,42.7,65.0,0.343,9,2,0,0.0,10.0,23.3,0,0,0,2,46.65,49.0,5.9,64.9,1
2026-02-25T09:36:00,31.5,29.1,38.9,65.0,0.402,9,2,0,0.0,10.0,27.4,0,0,2,1,31.5,33.8,4.1,50.1,1
2026-02-25T09:54:00,51.56,47.6,36.9,65.0,0.432,9,2,0,0.0,10.0,27.7,0,0,0,2,51.56,55.8,6.7,85.2,1
2026-02-25T10:12:00,52.37,48.3,39.0,65.0,0.4,10,2,0,0.0,10.0,25.0,0,0,1,1,52.37,56.0,6.7,82.2,1
2026-02-25T10:30:00,33.75,31.2,40.5,65.0,0.377,10,2,0,0.0,10.0,25.2,0,0,0,2,33.75,35.9,4.3,51.7,1
2026-02-25T10:48:00,39.86,36.8,39.8,65.0,0.388,10,2,0,0.0,10.0,33.0,0,0,0,2,39.86,42.5,5.1,62.9,1
2026-02-25T11:06:00,54.19,50.0,54.5,65.0,0.162,11,2,0,0.0,10.0,29.4,0,0,2,0,54.19,53.2,6.4,60.0,1
2026-02-25T11:24:00,52.98,48.9,56.7,65.0,0.128,11,2,0,0.0,10.0,9.9,0,0,1,2,52.98,51.4,6.2,56.0,0
2026-02-25T11:42:00,60.86,56.2,55.0,65.0,0.154,11,2,0,0.0,10.0,27.8,0,0,0,1,60.86,59.7,7.2,68.4,1
2026-02-25T12:00:00,25.27,23.3,60.7,65.0,0.066,12,2,0,0.0,10.0,32.3,0,0,2,1,25.27,23.9,2.9,23.5,0
2026-02-25T12:18:00,25.36,23.4,57.6,65.0,0.114,12,2,0,0.0,10.0,25.1,0,0,1,1,25.36,24.5,2.9,30.4,1
2026-02-25T12:36:00,8.2,9.8,45.9,50.0,0.082,12,2,0,0.0,10.0,17.9,0,0,0,1,8.2,10.1,2.0,11.8,1
2026-02-25T12:54:00,32.09,29.6,50.1,65.0,0.229,12,2,0,0.0,10.0,22.7,0,0,2,2,32.09,32.3,3.9,38.7,1
2026-02-25T13:12:00,56.96,52.6,53.4,65.0,0.178,13,2,0,0.0,10.0,30.0,0,0,0,2,56.96,56.3,6.8,66.0,1
2026-02-25T13:30:00,55.77,51.5,53.7,65.0,0.174,13,2,0,0.0,10.0,21.7,0,0,1,0,55.77,55.1,6.6,64.1,1
2026-02-25T13:48:00,10.33,12.4,46.0,50.0,0.08,13,2,0,0.0,10.0,30.2,0,0,1,0,10.33,12.8,2.0,12.4,0
2026-02-25T14:06:00,42.99,39.7,57.7,65.0,0.112,14,2,0,0.0,10.0,34.3,0,0,1,0,42.99,41.5,5.0,47.0,1
2026-02-25T14:24:00,21.89,20.2,56.9,65.0,0.125,14,2,0,0.0,10.0,36.3,0,0,1,2,21.89,21.2,2.5,28.1,1
2026-02-25T14:42:00,15.22,18.3,43.1,50.0,0.138,14,2,0,0.0,10.0,29.3,0,0,1,2,15.22,19.3,2.3,18.5,0
2026-02-25T15:00:00,16.38,19.7,49.1,50.0,0.018,15,2,0,0.0,10.0,25.4,0,0,1,0,16.38,19.8,2.4,19.8,0
2026-02-25T15:18:00,44.37,41.0,45.1,65.0,0.306,15,2,0,10.2,3.3,14.7,0,0,0,1,44.37,46.0,5.5,58.6,1
2026-02-25T15:36:00,11.91,14.3,41.4,50.0,0.172,15,2,0,0.0,10.0,31.7,0,0,0,0,11.91,15.3,2.0,17.8,1
2026-02-25T15:54:00,32.47,30.0,58.5,65.0,0.1,15,2,0,0.0,10.0,29.6,0,0,1,0,32.47,31.2,3.7,31.7,0
2026-02-25T16:12:00,60.71,56.0,64.9,65.0,0.002,16,2,0,0.0,10.0,21.3,0,0,2,1,60.71,56.0,6.7,56.0,0
2026-02-25T16:30:00,47.67,44.0,56.4,65.0,0.132,16,2,0,0.9,4.7,23.3,0,0,2,0,47.67,46.3,5.6,49.2,0
2026-02-25T16:48:00,63.56,58.7,56.9,65.0,0.125,16,2,0,0.0,10.0,30.8,0,0,0,2,63.56,61.6,7.4,65.6,0
2026-02-25T17:06:00,59.2,54.6,27.4,65.0,0.578,17,2,0,5.4,3.4,14.2,0,0,1,0,59.2,67.2,8.1,126.1,1
2026-02-25T17:24:00,36.01,33.2,43.9,65.0,0.325,17,2,0,0.0,10.0,21.7,0,0,1,2,36.01,37.5,4.5,45.7,1
2026-02-25T17:42:00,22.25,20.5,39.3,65.0,0.395,17,2,0,0.0,10.0,34.0,0,0,0,1,22.25,23.7,2.8,33.3,1
2026-02-25T18:00:00,16.34,19.6,26.8,50.0,0.464,18,2,0,0.1,2.8,28.0,0,0,0,0,16.34,23.2,2.8,34.3,1
2026-02-25T18:18:00,24.86,22.9,38.2,65.0,0.412,18,2,0,0.0,10.0,27.1,0,0,0,2,24.86,26.7,3.2,37.8,1
2026-02-25T18:36:00,31.38,29.0,39.4,65.0,0.394,18,2,0,0.0,10.0,24.5,0,0,2,2,31.38,33.6,4.0,46.5,1
2026-02-25T18:54:00,24.76,22.9,36.0,65.0,0.446,18,2,0,0.0,10.0,37.6,0,0,0,1,24.76,27.0,3.2,46.5,1
2026-02-25T19:12:00,31.87,29.4,18.0,65.0,0.723,19,2,0,3.2,2.0,30.8,1,3,2,1,31.87,37.9,4.5,104.7,1
2026-02-25T19:30:00,31.39,29.0,43.0,65.0,0.338,19,2,0,0.0,10.0,30.6,0,0,1,2,31.39,32.9,3.9,45.4,1
2026-02-25T19:48:00,28.02,25.9,40.3,65.0,0.38,19,2,0,0.0,10.0,23.3,0,0,2,1,28.02,29.8,3.6,41.5,1
2026-02-25T20:06:00,31.36,28.9,34.2,65.0,0.474,20,2,0,0.0,10.0,23.2,1,1,2,2,31.36,34.4,4.1,55.4,1
2026-02-25T20:24:00,46.12,42.6,32.2,65.0,0.505,20,2,0,0.0,10.0,22.1,1,1,0,2,46.12,51.2,6.1,81.5,1
2026-02-25T20:42:00,38.67,35.7,39.2,65.0,0.397,20,2,0,0.0,10.0,22.0,0,0,0,2,38.67,41.4,5.0,55.7,1
2026-02-25T21:00:00,58.56,54.1,45.2,65.0,0.305,21,2,0,10.4,4.6,28.1,0,0,0,2,58.56,60.7,7.3,76.9,1
2026-02-25T21:18:00,55.32,51.1,55.2,65.0,0.151,21,2,0,0.0,10.0,22.6,0,0,0,2,55.32,54.2,6.5,60.8,1
2026-02-25T21:36:00,56.3,52.0,58.2,65.0,0.105,21,2,0,0.0,10.0,21.7,0,0,0,1,56.3,54.2,6.5,58.1,0
2026-02-25T21:54:00,36.93,34.1,55.9,65.0,0.14,21,2,0,1.7,4.6,30.7,0,0,0,1,36.93,36.0,4.3,41.1,1
2026-02-25T22:12:00,16.58,19.9,39.5,50.0,0.21,22,2,0,0.0,10.0,22.2,0,0,0,1,16.58,21.6,2.6,26.4,1
2026-02-25T22:30:00,39.94,36.9,58.1,65.0,0.106,22,2,0,0.0,10.0,22.7,0,0,2,1,39.94,38.5,4.6,43.2,1
2026-02-25T22:48:00,55.14,50.9,55.1,65.0,0.152,22,2,0,0.0,10.0,23.9,0,0,0,2,55.14,54.0,6.5,62.3,1
2026-02-25T23:06:00,18.05,21.7,43.2,50.0,0.136,23,2,0,0.0,10.0,29.0,0,0,0,0,18.05,22.9,2.7,26.2,1
2026-02-25T23:24:00,39.51,36.5,59.6,65.0,0.083,23,2,0,0.0,10.0,26.6,0,0,0,0,39.51,37.7,4.5,42.0,1
2026-02-25T23:42:00,25.84,23.9,52.5,65.0,0.192,23,2,0,0.0,10.0,22.8,0,0,0,2,25.84,25.7,3.1,30.4,1
2026-02-26T00:00:00,22.31,20.6,56.6,65.0,0.129,0,3,0,0.0,10.0,22.8,0,0,1,1,22.31,21.7,2.6,23.7,1
2026-02-26T00:18:00,37.73,34.8,60.5,65.0,0.069,0,3,0,0.0,10.0,35.0,0,0,0,1,37.73,35.8,4.3,34.8,0
2026-02-26T00:36:00,49.3,45.5,55.2,65.0,0.151,0,3,0,0.0,10.0,23.0,0,0,0,2,49.3,48.2,5.8,53.5,1
2026-02-26T00:54:00,16.48,19.8,46.9,50.0,0.062,0,3,0,0.0,10.0,18.1,0,0,1,0,16.48,20.3,2.4,19.8,0
2026-02-26T01:12:00,20.72,19.1,60.1,65.0,0.075,1,3,0,0.0,10.0,41.1,0,0,2,1,20.72,19.7,2.4,20.3,0
2026-02-26T01:30:00,43.06,39.7,53.8,65.0,0.172,1,3,0,0.0,10.0,14.0,0,0,0,0,43.06,42.4,5.1,43.4,0
2026-02-26T01:48:00,13.02,15.6,47.1,50.0,0.058,1,3,0,0.0,10.0,25.7,0,0,1,2,13.02,16.0,2.0,20.8,1
2026-02-26T02:06:00,32.07,29.6,56.4,65.0,0.132,2,3,0,0.0,10.0,22.3,0,0,0,2,32.07,31.2,3.7,31.3,0
2026-02-26T02:24:00,37.2,34.3,55.4,65.0,0.148,2,3,0,0.0,10.0,29.6,0,0,2,2,37.2,36.3,4.4,41.4,1
2026-02-26T02:42:00,40.36,37.3,55.9,65.0,0.14,2,3,0,0.0,10.0,23.4,0,0,0,1,40.36,39.4,4.7,41.0,0
2026-02-26T03:00:00,59.11,54.6,56.6,65.0,0.129,3,3,0,0.0,10.0,18.9,0,0,0,2,59.11,57.4,6.9,62.5,0
2026-02-26T03:18:00,13.32,16.0,43.9,50.0,0.122,3,3,0,0.0,10.0,19.5,0,0,0,1,13.32,16.8,2.0,21.6,1
2026-02-26T03:36:00,11.59,13.9,51.1,50.0,0.0,3,3,0,0.0,10.0,19.6,0,0,0,2,11.59,13.9,2.0,15.0,0
2026-02-26T03:54:00,32.01,29.5,62.0,65.0,0.046,3,3,0,0.0,10.0,24.0,0,0,0,0,32.01,30.0,3.6,35.2,1
2026-02-26T04:12:00,19.11,22.9,42.1,50.0,0.158,4,3,0,0.0,10.0,30.1,0,0,1,1,19.11,24.3,2.9,26.5,1
2026-02-26T04:30:00,36.91,34.1,58.3,65.0,0.103,4,3,0,0.0,10.0,23.3,0,0,0,1,36.91,35.5,4.3,39.4,1
2026-02-26T04:48:00,43.77,40.4,52.8,65.0,0.188,4,3,0,1.7,2.9,22.8,0,0,0,0,43.77,43.4,5.2,48.3,1
2026-02-26T05:06:00,58.66,54.1,53.8,65.0,0.172,5,3,0,0.0,10.0,24.0,0,0,1,1,58.66,57.8,6.9,64.7,1
2026-02-26T05:24:00,10.7,12.8,47.5,50.0,0.05,5,3,0,0.0,10.0,20.6,0,0,0,2,10.7,13.1,2.0,17.3,1
2026-02-26T05:42:00,45.63,42.1,59.8,65.0,0.08,5,3,0,0.0,10.0,26.8,0,0,1,0,45.63,43.4,5.2,42.5,0
2026-02-26T06:00:00,63.24,58.4,56.5,65.0,0.131,6,3,0,0.0,10.0,19.7,0,0,0,2,63.24,61.5,7.4,61.2,0
2026-02-26T06:18:00,29.05,26.8,56.9,65.0,0.125,6,3,0,0.0,10.0,23.6,0,0,0,2,29.05,28.1,3.4,32.4,1
2026-02-26T06:36:00,46.31,42.7,56.8,65.0,0.126,6,3,0,0.0,10.0,28.1,0,0,0,1,46.31,44.9,5.4,47.7,0
2026-02-26T06:54:00,30.76,28.4,58.3,65.0,0.103,6,3,0,0.0,10.0,27.1,0,0,0,2,30.76,29.6,3.6,31.2,0
2026-02-26T07:12:00,28.21,26.0,57.5,65.0,0.115,7,3,0,0.0,10.0,39.0,0,0,1,2,28.21,27.2,3.3,31.1,1
2026-02-26T07:30:00,21.26,19.6,55.0,65.0,0.154,7,3,0,0.0,10.0,31.8,0,0,1,0,21.26,20.8,2.5,21.5,0
2026-02-26T07:48:00,12.28,14.7,46.9,50.0,0.062,7,3,0,0.0,10.0,36.6,0,0,1,1,12.28,15.1,2.0,16.0,0
2026-02-26T08:06:00,28.44,26.3,39.0,65.0,0.4,8,3,0,1.3,4.0,22.4,0,0,0,1,28.44,30.5,3.7,41.5,1
2026-02-26T08:24:00,39.32,36.3,38.6,65.0,0.406,8,3,0,0.0,10.0,26.8,0,0,1,0,39.32,42.2,5.1,60.6,1
2026-02-26T08:42:00,54.27,50.1,33.3,65.0,0.488,8,3,0,0.0,10.0,31.7,1,1,2,1,54.27,59.9,7.2,97.1,1
2026-02-26T09:00:00,22.6,20.9,38.1,65.0,0.414,9,3,0,0.0,10.0,20.0,0,0,0,2,22.6,24.4,2.9,35.8,1
2026-02-26T09:18:00,17.52,21.0,26.1,50.0,0.478,9,3,0,0.0,10.0,28.7,0,0,0,2,17.52,25.0,3.0,43.0,1
2026-02-26T09:36:00,46.48,42.9,40.5,65.0,0.377,9,3,0,0.0,10.0,35.0,0,0,0,0,46.48,49.4,5.9,67.1,1
2026-02-26T09:54:00,59.95,55.3,38.6,65.0,0.406,9,3,0,0.0,10.0,21.4,0,0,0,2,59.95,64.3,7.7,95.2,1
2026-02-26T10:12:00,59.13,54.6,41.8,65.0,0.357,10,3,0,0.0,10.0,27.3,0,0,0,2,59.13,62.4,7.5,89.0,1
2026-02-26T10:30:00,54.89,50.7,39.0,65.0,0.4,10,3,0,0.0,10.0,26.9,0,0,1,2,54.89,58.8,7.1,87.2,1
2026-02-26T10:48:00,64.18,59.2,40.3,65.0,0.38,10,3,0,1.9,2.8,24.2,0,0,1,2,64.18,68.2,8.2,94.3,1
2026-02-26T11:06:00,9.31,11.2,43.8,50.0,0.124,11,3,0,0.0,10.0,26.4,0,0,0,2,9.31,11.8,2.0,16.0,1
2026-02-26T11:24:00,10.48,12.6,51.8,50.0,0.0,11,3,0,0.0,10.0,23.3,0,0,0,0,10.48,12.6,2.0,12.6,0
2026-02-26T11:42:00,41.94,38.7,65.8,65.0,0.0,11,3,0,0.0,10.0,33.6,0,0,0,2,41.94,38.7,4.6,40.9,0
2026-02-26T12:00:00,52.31,48.3,53.8,65.0,0.172,12,3,0,0.0,10.0,24.4,0,0,1,1,52.31,51.6,6.2,56.3,1
2026-02-26T12:18:00,9.5,11.4,44.4,50.0,0.112,12,3,0,0.0,10.0,25.9,0,0,1,0,9.5,11.9,2.0,12.6,0
2026-02-26T12:36:00,29.99,27.7,61.3,65.0,0.057,12,3,0,0.0,10.0,20.4,0,0,2,2,29.99,28.3,3.4,28.0,0
2026-02-26T12:54:00,42.96,39.7,54.8,65.0,0.157,12,3,0,0.0,10.0,21.2,0,0,0,1,42.96,42.2,5.1,46.2,1
2026-02-26T13:12:00,13.59,16.3,40.8,50.0,0.184,13,3,0,0.0,10.0,31.0,0,0,0,1,13.59,17.5,2.1,24.5,1
2026-02-26T13:30:00,55.62,51.3,53.4,65.0,0.178,13,3,0,3.7,2.3,24.3,0,0,1,1,55.62,55.0,6.6,59.4,1
2026-02-26T13:48:00,44.48,41.1,58.5,65.0,0.1,13,3,0,0.0,10.0,26.6,0,0,0,2,44.48,42.7,5.1,46.0,0
2026-02-26T14:06:00,31.33,28.9,55.9,65.0,0.14,14,3,0,0.0,10.0,29.1,0,0,0,2,31.33,30.5,3.7,37.6,1
2026-02-26T14:24:00,49.84,46.0,50.6,65.0,0.222,14,3,0,5.1,2.6,28.6,0,0,0,0,49.84,50.1,6.0,56.4,1
2026-02-26T14:42:00,30.28,28.0,56.7,65.0,0.128,14,3,0,0.0,10.0,26.2,0,0,0,2,30.28,29.4,3.5,32.9,1
2026-02-26T15:00:00,12.77,15.3,46.1,50.0,0.078,15,3,0,0.0,10.0,24.8,0,0,1,2,12.77,15.8,2.0,15.4,0
2026-02-26T15:18:00,24.36,22.5,56.9,65.0,0.125,15,3,0,0.4,3.3,26.9,0,0,1,1,24.36,23.6,2.8,22.5,0
2026-02-26T15:36:00,22.29,20.6,62.2,65.0,0.043,15,3,0,0.0,10.0,29.5,0,0,0,2,22.29,21.0,2.5,22.6,0
2026-02-26T15:54:00,27.58,25.5,56.6,65.0,0.129,15,3,0,0.0,10.0,29.2,0,0,1,1,27.58,26.8,3.2,31.6,1
2026-02-26T16:12:00,15.59,18.7,47.9,50.0,0.042,16,3,0,1.9,2.5,15.3,0,0,1,2,15.59,19.0,2.3,20.5,0
2026-02-26T16:30:00,38.09,35.2,53.7,65.0,0.174,16,3,0,0.0,10.0,22.7,0,0,2,0,38.09,37.6,4.5,44.0,1
2026-02-26T16:48:00,15.53,18.6,37.5,50.0,0.25,16,3,0,0.0,10.0,26.2,0,0,0,0,15.53,20.5,2.5,23.2,1
2026-02-26T17:06:00,10.06,12.1,26.0,50.0,0.48,17,3,0,0.0,10.0,40.1,0,0,2,2,10.06,14.4,2.0,21.6,1
2026-02-26T17:24:00,17.93,21.5,34.8,50.0,0.304,17,3,0,0.0,10.0,23.5,0,0,0,1,17.93,24.1,2.9,34.0,1
2026-02-26T17:42:00,44.82,41.4,34.9,65.0,0.463,17,3,0,0.0,10.0,33.9,0,0,0,1,44.82,49.1,5.9,80.3,1
2026-02-26T18:00:00,37.02,34.2,41.9,65.0,0.355,18,3,0,0.0,10.0,41.3,0,0,0,1,37.02,39.1,4.7,48.8,1
2026-02-26T18:18:00,61.71,57.0,41.2,65.0,0.366,18,3,0,0.0,10.0,26.0,0,0,1,2,61.71,65.3,7.8,91.2,1
2026-02-26T18:36:00,48.14,44.4,43.6,65.0,0.329,18,3,0,0.0,10.0,40.8,0,0,2,1,48.14,50.2,6.0,65.9,1
2026-02-26T18:54:00,46.66,43.1,40.9,65.0,0.371,18,3,0,0.0,10.0,19.2,0,0,2,1,46.66,49.5,5.9,66.7,1
2026-02-26T19:12:00,46.6,43.0,44.0,65.0,0.323,19,3,0,0.0,10.0,33.2,0,0,0,0,46.6,48.6,5.8,63.8,1
2026-02-26T19:30:00,8.7,10.4,33.8,50.0,0.324,19,3,0,0.9,3.5,29.2,0,0,1,2,8.7,11.7,2.0,14.3,1
2026-02-26T19:48:00,61.08,56.4,43.0,65.0,0.338,19,3,0,0.0,10.0,29.0,0,0,1,2,61.08,64.0,7.7,85.6,1
2026-02-26T20:06:00,64.12,59.2,40.5,65.0,0.377,20,3,0,0.0,10.0,33.9,0,0,1,0,64.12,68.1,8.2,99.0,1
2026-02-26T20:24:00,43.16,39.8,39.9,65.0,0.386,20,3,0,0.0,10.0,23.3,0,0,1,2,43.16,45.9,5.5,66.5,1
2026-02-26T20:42:00,14.64,17.6,34.1,50.0,0.318,20,3,0,0.0,10.0,34.5,0,0,0,2,14.64,19.8,2.4,24.3,1
2026-02-26T21:00:00,42.53,39.3,58.5,65.0,0.1,21,3,0,0.0,10.0,23.2,0,0,0,2,42.53,40.9,4.9,44.1,0
2026-02-26T21:18:00,17.91,21.5,47.0,50.0,0.06,21,3,0,0.0,10.0,27.2,0,0,0,2,17.91,22.0,2.6,23.0,0
2026-02-26T21:36:00,46.9,43.3,56.9,65.0,0.125,21,3,0,2.1,3.0,29.5,0,0,0,0,46.9,45.5,5.5,44.5,0
2026-02-26T21:54:00,10.53,12.6,48.9,50.0,0.022,21,3,0,0.0,10.0,31.2,0,0,1,2,10.53,12.7,2.0,13.1,0
2026-02-26T22:12:00,13.75,16.5,44.1,50.0,0.118,22,3,0,0.0,10.0,29.2,0,0,0,2,13.75,17.3,2.1,18.9,0
2026-02-26T22:30:00,48.51,44.8,56.3,65.0,0.134,22,3,0,0.0,10.0,17.4,0,0,1,1,48.51,47.2,5.7,49.0,0
2026-02-26T22:48:00,28.89,26.7,56.3,65.0,0.134,22,3,0,0.0,10.0,26.2,0,0,0,2,28.89,28.1,3.4,30.2,0
2026-02-26T23:06:00,55.02,50.8,60.5,65.0,0.069,23,3,0,0.0,10.0,22.7,0,0,2,1,55.02,52.2,6.3,54.6,0
2026-02-26T23:24:00,10.91,13.1,42.1,50.0,0.158,23,3,0,0.0,10.0,20.4,0,0,1,2,10.91,13.9,2.0,14.2,0
2026-02-26T23:42:00,39.31,36.3,47.6,65.0,0.268,23,3,0,6.9,4.1,30.8,0,0,1,2,39.31,40.2,4.8,50.1,1
2026-02-27T00:00:00,14.85,17.8,40.8,50.0,0.184,0,4,0,0.0,10.0,30.6,0,0,1,0,14.85,19.1,2.3,21.6,1
2026-02-27T00:18:00,56.69,52.3,55.0,65.0,0.154,0,4,0,0.0,10.0,40.0,0,0,0,0,56.69,55.5,6.7,60.4,1
2026-02-27T00:36:00,13.04,15.6,48.4,50.0,0.032,0,4,0,0.0,10.0,18.2,0,0,2,0,13.04,15.8,2.0,16.6,0
2026-02-27T00:54:00,23.66,21.8,59.2,65.0,0.089,0,4,0,0.0,10.0,23.6,0,0,1,0,23.66,22.6,2.7,22.8,0
2026-02-27T01:12:00,44.71,41.3,57.4,65.0,0.117,1,4,0,0.0,10.0,31.0,0,0,2,2,44.71,43.2,5.2,48.2,1
2026-02-27T01:30:00,10.24,12.3,41.0,50.0,0.18,1,4,0,0.0,10.0,25.9,0,0,1,0,10.24,13.2,2.0,16.1,1
2026-02-27T01:48:00,23.46,21.7,55.9,65.0,0.14,1,4,0,0.0,10.0,26.6,0,0,1,2,23.46,22.9,2.7,27.7,1
2026-02-27T02:06:00,59.78,55.2,54.3,65.0,0.165,2,4,0,0.0,10.0,17.4,0,0,1,1,59.78,58.8,7.1,66.2,1
2026-02-27T02:24:00,42.1,38.9,45.1,65.0,0.306,2,4,0,6.7,2.1,30.6,0,0,0,1,42.1,43.7,5.2,54.4,1
2026-02-27T02:42:00,47.81,44.1,58.8,65.0,0.095,2,4,0,0.0,10.0,36.5,0,0,0,0,47.81,45.8,5.5,45.3,0
2026-02-27T03:00:00,58.75,54.2,58.1,65.0,0.106,3,4,0,0.0,10.0,31.9,0,0,1,0,58.75,56.5,6.8,60.8,0
2026-02-27T03:18:00,61.68,56.9,52.6,65.0,0.191,3,4,0,0.0,10.0,33.5,0,0,0,0,61.68,61.2,7.3,72.5,1
2026-02-27T03:36:00,63.48,58.6,51.3,65.0,0.211,3,4,0,0.0,10.0,23.9,0,0,2,0,63.48,63.5,7.6,77.6,1
2026-02-27T03:54:00,57.66,53.2,53.0,65.0,0.185,3,4,0,1.1,4.7,25.2,0,0,0,2,57.66,57.1,6.9,62.9,1
2026-02-27T04:12:00,8.19,9.8,37.1,50.0,0.258,4,4,0,0.0,10.0,20.1,0,0,0,2,8.19,10.8,2.0,10.4,0
2026-02-27T04:30:00,58.59,54.1,51.4,65.0,0.209,4,4,0,1.6,3.7,32.3,0,0,1,2,58.59,58.6,7.0,70.9,1
2026-02-27T04:48:00,15.14,18.2,46.1,50.0,0.078,4,4,0,0.0,10.0,25.6,0,0,1,0,15.14,18.8,2.3,20.5,0
2026-02-27T05:06:00,50.2,46.3,60.9,65.0,0.063,5,4,0,0.0,10.0,18.9,0,0,1,2,50.2,47.5,5.7,49.1,0
2026-02-27T05:24:00,21.28,19.6,58.9,65.0,0.094,5,4,0,0.0,10.0,22.5,0,0,1,2,21.28,20.3,2.4,25.4,1
2026-02-27T05:42:00,51.95,48.0,67.6,65.0,0.0,5,4,0,0.0,10.0,19.3,0,0,0,1,51.95,48.0,5.8,48.0,0
2026-02-27T06:00:00,20.54,19.0,56.1,65.0,0.137,6,4,0,0.0,10.0,35.8,0,0,0,0,20.54,20.0,2.4,22.3,1
2026-02-27T06:18:00,58.1,53.6,62.3,65.0,0.042,6,4,0,0.0,10.0,32.0,0,0,0,2,58.1,54.5,6.5,53.6,0
2026-02-27T06:36:00,22.29,20.6,58.3,65.0,0.103,6,4,0,0.0,10.0,29.6,0,0,0,1,22.29,21.4,2.6,20.6,0
2026-02-27T06:54:00,28.91,26.7,52.1,65.0,0.198,6,4,0,0.0,10.0,30.6,0,0,2,2,28.91,28.8,3.5,32.8,1
2026-02-27T07:12:00,37.75,34.8,55.3,65.0,0.149,7,4,0,0.0,10.0,30.2,0,0,2,2,37.75,36.9,4.4,41.6,1
2026-02-27T07:30:00,44.14,40.7,53.1,65.0,0.183,7,4,0,0.0,10.0,30.7,0,0,0,1,44.14,43.7,5.2,48.7,1
2026-02-27T07:48:00,15.29,18.3,41.1,50.0,0.178,7,4,0,0.0,10.0,37.4,0,0,1,2,15.29,19.6,2.4,23.5,1
2026-02-27T08:06:00,19.01,22.8,31.1,50.0,0.378,8,4,0,0.0,10.0,29.4,0,0,0,0,19.01,26.2,3.1,39.4,1
2026-02-27T08:24:00,53.03,49.0,28.9,65.0,0.555,8,4,0,9.8,4.8,32.1,0,0,1,1,53.03,59.9,7.2,110.2,1
2026-02-27T08:42:00,13.06,15.7,33.0,50.0,0.34,8,4,0,0.0,10.0,20.3,0,0,0,1,13.06,17.8,2.1,22.6,1
2026-02-27T09:00:00,53.07,49.0,38.6,65.0,0.406,9,4,0,0.0,10.0,32.6,0,0,2,1,53.07,57.0,6.8,82.3,1
2026-02-27T09:18:00,8.34,10.0,28.7,50.0,0.426,9,4,0,2.3,3.1,25.3,0,0,0,2,8.34,11.7,2.0,15.7,1
2026-02-27T09:36:00,28.08,25.9,39.6,65.0,0.391,9,4,0,0.0,10.0,23.7,0,0,0,0,28.08,30.0,3.6,50.3,1
2026-02-27T09:54:00,52.92,48.8,41.1,65.0,0.368,9,4,0,0.0,10.0,14.8,0,0,2,1,52.92,56.0,6.7,74.8,1
2026-02-27T10:12:00,24.28,22.4,39.4,65.0,0.394,10,4,0,0.0,10.0,27.5,0,0,0,2,24.28,25.9,3.1,36.9,1
2026-02-27T10:30:00,10.21,12.3,31.9,50.0,0.362,10,4,0,0.0,10.0,26.4,0,0,0,1,10.21,14.1,2.0,16.5,1
2026-02-27T10:48:00,56.57,52.2,31.9,65.0,0.509,10,4,0,0.0,10.0,31.2,0,0,0,1,56.57,62.8,7.5,108.1,1
2026-02-27T11:06:00,24.4,22.5,58.6,65.0,0.098,11,4,0,0.0,10.0,28.6,0,0,0,1,24.4,23.4,2.8,25.8,0
2026-02-27T11:24:00,25.51,23.5,56.2,65.0,0.135,11,4,0,0.0,10.0,24.8,0,0,1,2,25.51,24.8,3.0,28.9,1
2026-02-27T11:42:00,26.58,24.5,60.0,65.0,0.077,11,4,0,0.0,10.0,33.0,0,0,1,1,26.58,25.3,3.0,26.8,0
2026-02-27T12:00:00,9.68,11.6,45.1,50.0,0.098,12,4,0,0.0,10.0,23.2,0,0,0,0,9.68,12.1,2.0,13.0,0
2026-02-27T12:18:00,12.39,14.9,42.6,50.0,0.148,12,4,0,0.0,10.0,28.2,0,0,1,0,12.39,15.8,2.0,18.3,1
2026-02-27T12:36:00,57.09,52.7,57.2,65.0,0.12,12,4,0,0.0,10.0,33.4,0,0,0,0,57.09,55.2,6.6,63.4,1
2026-02-27T12:54:00,19.35,23.2,37.7,50.0,0.246,12,4,0,2.8,3.7,18.3,0,0,1,2,19.35,25.5,3.1,27.1,1
2026-02-27T13:12:00,60.52,55.9,30.8,65.0,0.526,13,4,0,9.4,4.1,26.7,1,2,0,0,60.52,67.7,8.1,119.6,1
2026-02-27T13:30:00,52.45,48.4,57.4,65.0,0.117,13,4,0,0.0,10.0,37.9,0,0,2,2,52.45,50.7,6.1,54.6,0
2026-02-27T13:48:00,8.49,10.2,18.2,50.0,0.636,13,4,0,0.0,10.0,35.2,1,3,0,1,8.49,12.8,2.0,30.8,1
2026-02-27T14:06:00,12.66,15.2,42.1,50.0,0.158,14,4,0,0.0,10.0,29.1,0,0,0,1,12.66,16.2,2.0,15.2,0
2026-02-27T14:24:00,12.85,15.4,40.5,50.0,0.19,14,4,0,0.0,10.0,18.1,0,0,1,2,12.85,16.6,2.0,19.2,1
2026-02-27T14:42:00,23.22,21.4,52.4,65.0,0.194,14,4,0,5.6,4.1,16.2,0,0,0,0,23.22,23.1,2.8,28.3,1
2026-02-27T15:00:00,63.52,58.6,60.1,65.0,0.075,15,4,0,0.0,10.0,23.5,0,0,0,1,63.52,60.4,7.2,60.0,0
2026-02-27T15:18:00,45.19,41.7,53.8,65.0,0.172,15,4,0,0.0,10.0,25.1,0,0,0,2,45.19,44.6,5.4,51.3,1
2026-02-27T15:36:00,56.15,51.8,61.3,65.0,0.057,15,4,0,0.0,10.0,18.9,0,0,0,2,56.15,53.0,6.4,56.6,0
2026-02-27T15:54:00,58.28,53.8,56.2,65.0,0.135,15,4,0,0.0,10.0,31.6,0,0,0,1,58.28,56.7,6.8,65.5,1
2026-02-27T16:12:00,54.87,50.6,56.7,65.0,0.128,16,4,0,0.0,10.0,36.0,0,0,2,1,54.87,53.2,6.4,58.6,1
2026-02-27T16:30:00,29.8,27.5,57.8,65.0,0.111,16,4,0,0.8,2.6,19.0,0,0,0,2,29.8,28.7,3.4,27.5,0
2026-02-27T16:48:00,39.32,36.3,55.9,65.0,0.14,16,4,0,2.9,4.1,24.7,0,0,1,1,39.32,38.3,4.6,42.7,1
2026-02-27T17:06:00,28.87,26.6,39.9,65.0,0.386,17,4,0,0.0,10.0,31.3,0,0,0,2,28.87,30.7,3.7,41.2,1
2026-02-27T17:24:00,18.17,21.8,35.9,50.0,0.282,17,4,0,0.0,10.0,33.0,0,0,0,1,18.17,24.3,2.9,36.3,1
2026-02-27T17:42:00,13.7,16.4,31.4,50.0,0.372,17,4,0,0.0,10.0,30.6,0,0,0,0,13.7,18.8,2.3,25.4,1
2026-02-27T18:00:00,42.51,39.2,39.5,65.0,0.392,18,4,0,0.0,10.0,25.1,0,0,2,2,42.51,45.3,5.4,61.0,1
2026-02-27T18:18:00,52.57,48.5,40.7,65.0,0.374,18,4,0,0.0,10.0,27.2,0,0,1,2,52.57,55.8,6.7,77.6,1
2026-02-27T18:36:00,16.67,20.0,34.1,50.0,0.318,18,4,0,0.0,10.0,15.0,0,0,2,1,16.67,22.5,2.7,29.7,1
2026-02-27T18:54:00,13.9,16.7,28.9,50.0,0.422,18,4,0,0.0,10.0,28.8,0,0,0,2,13.9,19.5,2.3,31.0,1
2026-02-27T19:12:00,22.39,20.7,41.7,65.0,0.358,19,4,0,0.0,10.0,29.5,0,0,1,1,22.39,23.7,2.8,27.2,1
2026-02-27T19:30:00,47.87,44.2,19.6,65.0,0.698,19,4,0,0.0,10.0,33.0,1,3,1,2,47.87,56.5,6.8,144.3,1
2026-02-27T19:48:00,13.09,15.7,29.9,50.0,0.402,19,4,0,0.0,10.0,22.4,0,0,0,2,13.09,18.2,2.2,22.8,1
2026-02-27T20:06:00,28.25,26.1,39.9,65.0,0.386,20,4,0,0.0,10.0,27.0,0,0,1,1,28.25,30.1,3.6,48.1,1
2026-02-27T20:24:00,57.75,53.3,43.1,65.0,0.337,20,4,0,0.0,10.0,17.1,0,0,1,2,57.75,60.5,7.3,84.6,1
2026-02-27T20:42:00,22.02,20.3,38.1,65.0,0.414,20,4,0,0.8,3.9,30.9,0,0,0,1,22.02,23.7,2.8,36.4,1
2026-02-27T21:00:00,34.22,31.6,55.7,65.0,0.143,21,4,0,0.0,10.0,21.6,0,0,0,2,34.22,33.4,4.0,37.4,1
2026-02-27T21:18:00,28.83,26.6,54.3,65.0,0.165,21,4,0,0.3,2.6,24.7,0,0,1,0,28.83,28.4,3.4,30.4,0
2026-02-27T21:36:00,23.56,21.7,56.0,65.0,0.138,21,4,0,0.0,10.0,32.6,0,0,2,1,23.56,22.9,2.7,23.9,0
2026-02-27T21:54:00,62.25,57.5,55.1,65.0,0.152,21,4,0,0.0,10.0,28.6,0,0,0,2,62.25,61.0,7.3,67.3,1
2026-02-27T22:12:00,64.93,59.9,59.7,65.0,0.082,22,4,0,0.0,10.0,30.9,0,0,0,2,64.93,61.9,7.4,67.6,0
2026-02-27T22:30:00,36.57,33.8,59.2,65.0,0.089,22,4,0,0.0,10.0,35.7,0,0,2,0,36.57,35.0,4.2,39.8,1
2026-02-27T22:48:00,15.33,18.4,45.6,50.0,0.088,22,4,0,0.0,10.0,24.5,0,0,1,1,15.33,19.0,2.3,23.6,1
2026-02-27T23:06:00,49.54,45.7,56.0,65.0,0.138,23,4,0,0.0,10.0,32.4,0,0,0,0,49.54,48.2,5.8,52.8,1
2026-02-27T23:24:00,12.75,15.3,43.6,50.0,0.128,23,4,0,0.0,10.0,31.6,0,0,1,2,12.75,16.1,2.0,15.3,0
2026-02-27T23:42:00,29.08,26.8,57.1,65.0,0.122,23,4,0,0.0,10.0,22.4,0,0,2,2,29.08,28.1,3.4,33.6,1
2026-02-28T00:00:00,14.03,16.8,44.9,50.0,0.102,0,5,1,0.0,10.0,26.7,0,0,0,0,14.03,17.5,2.1,21.5,1
2026-02-28T00:18:00,63.54,58.7,57.6,65.0,0.114,0,5,1,0.0,10.0,21.6,0,0,1,2,63.54,61.4,7.4,64.8,0
2026-02-28T00:36:00,49.68,45.9,55.4,65.0,0.148,0,5,1,0.7,3.9,18.3,0,0,1,1,49.68,48.6,5.8,53.3,1
2026-02-28T00:54:00,40.48,37.4,54.8,65.0,0.157,0,5,1,0.0,10.0,15.9,0,0,1,1,40.48,39.7,4.8,48.3,1
2026-02-28T01:12:00,8.58,10.3,43.7,50.0,0.126,1,5,1,0.0,10.0,41.1,0,0,1,2,8.58,10.8,2.0,12.3,1
2026-02-28T01:30:00,61.64,56.9,46.3,65.0,0.288,1,5,1,0.0,10.0,28.9,1,1,1,1,61.64,63.5,7.6,78.1,1
2026-02-28T01:48:00,15.89,19.1,44.0,50.0,0.12,1,5,1,0.0,10.0,28.0,0,0,0,2,15.89,20.0,2.4,23.2,1
2026-02-28T02:06:00,34.6,31.9,58.8,65.0,0.095,2,5,1,0.0,10.0,16.2,0,0,2,2,34.6,33.1,4.0,34.1,0
2026-02-28T02:24:00,14.48,17.4,46.0,50.0,0.08,2,5,1,0.0,10.0,21.1,0,0,1,2,14.48,18.0,2.2,21.4,1
2026-02-28T02:42:00,58.57,54.1,52.9,65.0,0.186,2,5,1,0.0,10.0,33.7,0,0,1,1,58.57,58.1,7.0,68.3,1
2026-02-28T03:00:00,55.83,51.5,58.5,65.0,0.1,3,5,1,0.0,10.0,20.8,0,0,0,0,55.83,53.6,6.4,54.6,0
2026-02-28T03:18:00,58.44,53.9,55.0,65.0,0.154,3,5,1,0.0,10.0,25.2,0,0,2,1,58.44,57.2,6.9,69.8,1
2026-02-28T03:36:00,15.58,18.7,44.8,50.0,0.104,3,5,1,0.0,10.0,31.7,0,0,1,1,15.58,19.5,2.3,24.3,1
2026-02-28T03:54:00,39.6,36.6,56.7,65.0,0.128,3,5,1,0.0,10.0,29.3,0,0,0,1,39.6,38.5,4.6,42.0,0
2026-02-28T04:12:00,51.48,47.5,61.3,65.0,0.057,4,5,1,0.0,10.0,37.5,0,0,1,2,51.48,48.6,5.8,53.5,0
2026-02-28T04:30:00,51.49,47.5,61.4,65.0,0.055,4,5,1,0.0,10.0,39.2,0,0,0,2,51.49,48.5,5.8,48.9,0
2026-02-28T04:48:00,64.03,59.1,55.0,65.0,0.154,4,5,1,0.0,10.0,28.9,0,0,1,1,64.03,62.7,7.5,68.7,1
2026-02-28T05:06:00,17.22,20.7,50.3,50.0,0.0,5,5,1,0.0,10.0,20.4,0,0,1,2,17.22,20.7,2.5,20.7,0
2026-02-28T05:24:00,16.17,19.4,41.2,50.0,0.176,5,5,1,0.0,10.0,30.8,0,0,1,1,16.17,20.8,2.5,26.3,1
2026-02-28T05:42:00,42.49,39.2,51.0,65.0,0.215,5,5,1,8.3,2.2,20.9,0,0,2,0,42.49,42.6,5.1,50.1,1
2026-02-28T06:00:00,40.47,37.4,54.6,65.0,0.16,6,5,1,0.0,10.0,26.8,0,0,0,2,40.47,39.8,4.8,43.7,1
2026-02-28T06:18:00,21.54,19.9,55.4,65.0,0.148,6,5,1,0.0,10.0,18.9,0,0,2,1,21.54,21.1,2.5,22.7,0
2026-02-28T06:36:00,43.53,40.2,56.1,65.0,0.137,6,5,1,0.0,10.0,34.1,0,0,0,2,43.53,42.4,5.1,43.7,0
2026-02-28T06:54:00,59.97,55.4,62.3,65.0,0.042,6,5,1,0.0,10.0,31.5,0,0,0,0,59.97,56.3,6.8,55.9,0
2026-02-28T07:12:00,8.27,9.9,25.9,50.0,0.482,7,5,1,0.0,10.0,30.1,1,2,1,2,8.27,11.8,2.0,17.6,1
2026-02-28T07:30:00,25.07,23.1,58.3,65.0,0.103,7,5,1,0.0,10.0,32.4,0,0,2,1,25.07,24.1,2.9,24.4,0
2026-02-28T07:48:00,60.57,55.9,56.5,65.0,0.131,7,5,1,0.0,10.0,14.5,0,0,1,2,60.57,58.8,7.1,64.5,1
2026-02-28T08:06:00,57.85,53.4,57.5,65.0,0.115,8,5,1,0.0,10.0,30.3,0,0,0,0,57.85,55.9,6.7,60.8,0
2026-02-28T08:24:00,23.48,21.7,50.6,65.0,0.222,8,5,1,0.0,10.0,22.7,1,1,0,0,23.48,23.6,2.8,25.7,1
2026-02-28T08:42:00,26.79,24.7,60.8,65.0,0.065,8,5,1,0.0,10.0,28.1,0,0,0,0,26.79,25.3,3.0,28.3,0
2026-02-28T09:00:00,60.14,55.5,53.0,65.0,0.185,9,5,1,1.1,2.9,23.6,0,0,0,2,60.14,59.6,7.2,62.9,0
2026-02-28T09:18:00,61.32,56.6,48.4,65.0,0.255,9,5,1,9.1,2.3,25.6,0,0,0,0,61.32,62.4,7.5,74.7,1
2026-02-28T09:36:00,10.69,12.8,43.3,50.0,0.134,9,5,1,0.0,10.0,36.7,0,0,0,1,10.69,13.5,2.0,16.1,1
2026-02-28T09:54:00,47.38,43.7,50.6,65.0,0.222,9,5,1,2.0,4.4,36.9,0,0,0,2,47.38,47.6,5.7,54.1,1
2026-02-28T10:12:00,13.6,16.3,49.4,50.0,0.012,10,5,1,0.0,10.0,24.5,0,0,2,0,13.6,16.4,2.0,16.3,0
2026-02-28T10:30:00,27.69,25.6,57.9,65.0,0.109,10,5,1,0.0,10.0,18.8,0,0,0,2,27.69,26.7,3.2,27.9,0
2026-02-28T10:48:00,31.63,29.2,54.1,65.0,0.168,10,5,1,0.0,10.0,28.4,0,0,1,2,31.63,31.2,3.7,34.8,1
2026-02-28T11:06:00,15.15,18.2,41.2,50.0,0.176,11,5,1,0.0,10.0,25.3,0,0,2,0,15.15,19.5,2.3,24.4,1
2026-02-28T11:24:00,32.15,29.7,54.2,65.0,0.166,11,5,1,0.0,10.0,21.6,0,0,2,2,32.15,31.7,3.8,34.2,1
2026-02-28T11:42:00,64.37,59.4,60.4,65.0,0.071,11,5,1,0.0,10.0,25.1,0,0,0,0,64.37,61.1,7.3,66.0,0
2026-02-28T12:00:00,38.02,35.1,52.1,65.0,0.198,12,5,1,1.8,3.8,35.1,0,0,1,1,38.02,37.9,4.5,39.6,0
2026-02-28T12:18:00,33.93,31.3,58.9,65.0,0.094,12,5,1,0.0,10.0,27.5,0,0,2,2,33.93,32.5,3.9,36.8,1
2026-02-28T12:36:00,49.16,45.4,55.1,65.0,0.152,12,5,1,0.0,10.0,24.8,0,0,1,1,49.16,48.2,5.8,53.9,1
2026-02-28T12:54:00,36.23,33.4,58.8,65.0,0.095,12,5,1,0.0,10.0,30.7,0,0,1,0,36.23,34.7,4.2,35.2,0
2026-02-28T13:12:00,59.98,55.4,57.5,65.0,0.115,13,5,1,0.0,10.0,28.2,0,0,1,1,59.98,57.9,6.9,63.6,0
2026-02-28T13:30:00,31.11,28.7,58.4,65.0,0.102,13,5,1,0.0,10.0,17.5,0,0,1,1,31.11,29.9,3.6,33.3,1
2026-02-28T13:48:00,64.12,59.2,64.5,65.0,0.008,13,5,1,0.0,10.0,36.5,0,0,0,0,64.12,59.4,7.1,59.2,0
2026-02-28T14:06:00,18.91,22.7,37.0,50.0,0.26,14,5,1,0.0,10.0,25.0,0,0,1,0,18.91,25.1,3.0,31.5,1
2026-02-28T14:24:00,55.82,51.5,42.9,65.0,0.34,14,5,1,0.0,10.0,27.7,1,2,0,1,55.82,58.5,7.0,79.7,1
2026-02-28T14:42:00,19.94,23.9,41.6,50.0,0.168,14,5,1,0.0,10.0,27.6,0,0,0,1,19.94,25.5,3.1,25.5,0
2026-02-28T15:00:00,39.81,36.7,60.2,65.0,0.074,15,5,1,0.0,10.0,22.8,0,0,2,1,39.81,37.8,4.5,39.1,0
2026-02-28T15:18:00,15.18,18.2,41.0,50.0,0.18,15,5,1,0.0,10.0,35.7,0,0,0,2,15.18,19.5,2.3,21.4,1
2026-02-28T15:36:00,25.33,23.4,51.8,65.0,0.203,15,5,1,0.0,10.0,29.3,0,0,0,2,25.33,25.3,3.0,24.2,0
2026-02-28T15:54:00,57.7,53.3,57.3,65.0,0.118,15,5,1,0.0,10.0,30.9,0,0,1,2,57.7,55.8,6.7,60.8,0
2026-02-28T16:12:00,54.79,50.6,55.9,65.0,0.14,16,5,1,0.0,10.0,25.3,0,0,0,1,54.79,53.4,6.4,58.7,1
2026-02-28T16:30:00,21.77,20.1,59.6,65.0,0.083,16,5,1,0.0,10.0,17.7,0,0,1,2,21.77,20.8,2.5,22.4,0
2026-02-28T16:48:00,36.39,33.6,58.7,65.0,0.097,16,5,1,0.0,10.0,22.0,0,0,2,1,36.39,34.9,4.2,37.2,0
2026-02-28T17:06:00,31.15,28.8,54.8,65.0,0.157,17,5,1,0.0,10.0,24.2,0,0,0,0,31.15,30.6,3.7,33.6,1
2026-02-28T17:24:00,61.7,57.0,57.4,65.0,0.117,17,5,1,0.0,10.0,26.7,0,0,0,2,61.7,59.7,7.2,66.6,1
2026-02-28T17:42:00,35.62,32.9,57.1,65.0,0.122,17,5,1,0.0,10.0,24.6,0,0,1,2,35.62,34.5,4.1,40.5,1
2026-02-28T18:00:00,57.12,52.7,51.9,65.0,0.202,18,5,1,0.0,10.0,19.1,0,0,0,1,57.12,57.0,6.8,67.5,1
2026-02-28T18:18:00,59.15,54.6,56.3,65.0,0.134,18,5,1,0.0,10.0,24.9,0,0,0,2,59.15,57.5,6.9,65.0,1
2026-02-28T18:36:00,55.17,50.9,30.5,65.0,0.531,18,5,1,0.0,10.0,28.9,1,3,0,2,55.17,61.7,7.4,105.7,1
2026-02-28T18:54:00,12.47,15.0,46.9,50.0,0.062,18,5,1,0.0,10.0,22.5,0,0,1,2,12.47,15.4,2.0,16.3,0
2026-02-28T19:12:00,63.55,58.7,56.7,65.0,0.128,19,5,1,0.0,10.0,17.3,0,0,1,2,63.55,61.7,7.4,70.7,1
2026-02-28T19:30:00,18.4,22.1,43.3,50.0,0.134,19,5,1,0.0,10.0,35.1,0,0,1,1,18.4,23.3,2.8,22.1,0
2026-02-28T19:48:00,43.23,39.9,58.4,65.0,0.102,19,5,1,0.0,10.0,14.6,0,0,1,2,43.23,41.5,5.0,43.1,0
2026-02-28T20:06:00,26.14,24.1,55.7,65.0,0.143,20,5,1,0.0,10.0,41.5,0,0,2,2,26.14,25.5,3.1,31.9,1
2026-02-28T20:24:00,38.27,35.3,61.9,65.0,0.048,20,5,1,0.0,10.0,26.5,0,0,0,2,38.27,36.0,4.3,35.8,0
2026-02-28T20:42:00,33.83,31.2,60.6,65.0,0.068,20,5,1,0.0,10.0,26.6,0,0,0,2,33.83,32.0,3.8,33.6,0
2026-02-28T21:00:00,40.57,37.4,54.5,65.0,0.162,21,5,1,0.0,10.0,36.6,0,0,2,1,40.57,39.8,4.8,44.6,1
2026-02-28T21:18:00,51.59,47.6,58.1,65.0,0.106,21,5,1,0.0,10.0,19.7,0,0,0,1,51.59,49.6,6.0,51.3,0
2026-02-28T21:36:00,53.16,49.1,54.1,65.0,0.168,21,5,1,0.0,10.0,37.8,0,0,1,1,53.16,52.4,6.3,54.5,0
2026-02-28T21:54:00,53.46,49.3,36.3,65.0,0.442,21,5,1,0.0,10.0,27.7,1,3,0,2,53.46,58.0,7.0,89.2,1
2026-02-28T22:12:00,41.01,37.9,59.4,65.0,0.086,22,5,1,0.0,10.0,19.7,0,0,1,1,41.01,39.2,4.7,39.9,0
2026-02-28T22:30:00,26.79,24.7,55.0,65.0,0.154,22,5,1,0.0,10.0,33.1,0,0,0,2,26.79,26.2,3.1,30.3,1
2026-02-28T22:48:00,50.62,46.7,52.1,65.0,0.198,22,5,1,0.0,10.0,34.4,0,0,0,0,50.62,50.4,6.0,56.4,1
2026-02-28T23:06:00,16.8,20.2,41.8,50.0,0.164,23,5,1,0.0,10.0,34.2,0,0,0,0,16.8,21.5,2.6,24.4,1
2026-02-28T23:24:00,47.79,44.1,62.9,65.0,0.032,23,5,1,0.0,10.0,29.4,0,0,0,2,47.79,44.7,5.4,48.6,0
2026-02-28T23:42:00,60.81,56.1,55.2,65.0,0.151,23,5,1,0.0,10.0,19.2,0,0,2,1,60.81,59.5,7.1,64.1,0
2026-03-01T00:00:00,33.11,30.6,61.2,65.0,0.058,0,6,1,0.0,10.0,23.7,0,0,0,2,33.11,31.3,3.8,34.4,0
2026-03-01T00:18:00,21.67,20.0,34.3,65.0,0.472,0,6,1,1.6,3.8,18.5,1,3,1,0,21.67,23.8,2.9,41.5,1
2026-03-01T00:36:00,54.0,49.8,58.5,65.0,0.1,0,6,1,0.0,10.0,21.0,0,0,1,0,54.0,51.8,6.2,54.8,0
2026-03-01T00:54:00,59.5,54.9,61.5,65.0,0.054,0,6,1,0.0,10.0,34.8,0,0,0,2,59.5,56.1,6.7,63.2,1
2026-03-01T01:12:00,27.02,24.9,58.6,65.0,0.098,1,6,1,0.0,10.0,27.7,0,0,0,2,27.02,25.9,3.1,26.7,0
2026-03-01T01:30:00,58.74,54.2,60.0,65.0,0.077,1,6,1,0.0,10.0,22.5,0,0,0,0,58.74,55.9,6.7,59.1,0
2026-03-01T01:48:00,45.97,42.4,57.7,65.0,0.112,1,6,1,0.0,10.0,17.5,0,0,0,0,45.97,44.3,5.3,44.5,0
2026-03-01T02:06:00,23.64,21.8,55.8,65.0,0.142,2,6,1,0.0,10.0,32.4,0,0,2,2,23.64,23.0,2.8,29.1,1
2026-03-01T02:24:00,9.38,11.3,46.4,50.0,0.072,2,6,1,0.0,10.0,27.8,0,0,1,1,9.38,11.6,2.0,15.1,1
2026-03-01T02:42:00,41.77,38.6,55.5,65.0,0.146,2,6,1,5.8,2.4,28.1,0,0,2,2,41.77,40.9,4.9,45.6,1
2026-03-01T03:00:00,34.2,31.6,58.3,65.0,0.103,3,6,1,0.0,10.0,20.1,0,0,2,1,34.2,32.9,3.9,35.1,0
2026-03-01T03:18:00,63.55,58.7,51.8,65.0,0.203,3,6,1,0.0,10.0,29.5,0,0,0,2,63.55,63.5,7.6,73.8,1
2026-03-01T03:36:00,59.79,55.2,61.4,65.0,0.055,3,6,1,0.0,10.0,27.9,0,0,1,2,59.79,56.4,6.8,59.6,0
2026-03-01T03:54:00,20.74,19.1,53.4,65.0,0.178,3,6,1,0.0,10.0,31.5,0,0,0,1,20.74,20.5,2.5,23.0,1
2026-03-01T04:12:00,54.68,50.5,58.4,65.0,0.102,4,6,1,0.0,10.0,25.8,0,0,0,1,54.68,52.6,6.3,53.9,0
2026-03-01T04:30:00,27.06,25.0,51.7,65.0,0.205,4,6,1,0.0,10.0,27.1,0,0,2,0,27.06,27.1,3.3,32.2,1
2026-03-01T04:48:00,57.63,53.2,52.2,65.0,0.197,4,6,1,0.0,10.0,23.9,0,0,0,0,57.63,57.4,6.9,70.1,1
2026-03-01T05:06:00,21.76,20.1,52.6,65.0,0.191,5,6,1,0.0,10.0,21.2,0,0,1,0,21.76,21.6,2.6,25.7,1
2026-03-01T05:24:00,23.74,21.9,57.3,65.0,0.118,5,6,1,0.0,10.0,26.3,0,0,1,0,23.74,22.9,2.7,26.3,1
2026-03-01T05:42:00,33.57,31.0,45.0,65.0,0.308,5,6,1,8.1,4.1,24.4,0,0,2,0,33.57,34.8,4.2,42.5,1
2026-03-01T06:00:00,27.74,25.6,54.6,65.0,0.16,6,6,1,0.0,10.0,32.9,0,0,0,1,27.74,27.2,3.3,31.3,1
2026-03-01T06:18:00,61.56,56.8,60.0,65.0,0.077,6,6,1,0.0,10.0,32.3,0,0,0,2,61.56,58.5,7.0,58.7,0
2026-03-01T06:36:00,51.2,47.3,49.5,65.0,0.238,6,6,1,0.0,10.0,31.3,0,0,0,1,51.2,51.8,6.2,64.8,1
2026-03-01T06:54:00,63.58,58.7,57.1,65.0,0.122,6,6,1,0.0,10.0,31.9,0,0,1,2,63.58,61.6,7.4,71.8,1
2026-03-01T07:12:00,44.76,41.3,51.3,65.0,0.211,7,6,1,0.0,10.0,36.4,0,0,2,2,44.76,44.8,5.4,53.4,1
2026-03-01T07:30:00,27.75,25.6,53.9,65.0,0.171,7,6,1,0.0,10.0,16.2,0,0,2,0,27.75,27.4,3.3,27.9,0
2026-03-01T07:48:00,55.75,51.5,57.0,65.0,0.123,7,6,1,0.0,10.0,22.4,0,0,2,1,55.75,54.0,6.5,58.8,0
2026-03-01T08:06:00,29.52,27.2,54.2,65.0,0.166,8,6,1,0.0,10.0,28.1,0,0,0,1,29.52,29.0,3.5,31.8,1
2026-03-01T08:24:00,15.58,18.7,38.6,50.0,0.228,8,6,1,2.1,2.3,17.4,0,0,0,2,15.58,20.4,2.4,19.2,0
2026-03-01T08:42:00,53.34,49.2,54.8,65.0,0.157,8,6,1,0.0,10.0,21.9,0,0,1,1,53.34,52.3,6.3,59.3,1
2026-03-01T09:00:00,55.98,51.7,56.1,65.0,0.137,9,6,1,0.0,10.0,29.9,0,0,0,2,55.98,54.5,6.5,61.0,1
2026-03-01T09:18:00,54.05,49.9,30.5,65.0,0.531,9,6,1,0.0,10.0,20.3,1,3,2,2,54.05,60.5,7.3,105.8,1
2026-03-01T09:36:00,37.39,34.5,57.5,65.0,0.115,9,6,1,0.0,10.0,15.4,0,0,2,2,37.39,36.1,4.3,39.5,0
2026-03-01T09:54:00,29.47,27.2,58.3,65.0,0.103,9,6,1,0.0,10.0,23.8,0,0,1,2,29.47,28.3,3.4,28.6,0
2026-03-01T10:12:00,23.8,22.0,55.2,65.0,0.151,10,6,1,0.0,10.0,20.1,0,0,0,2,23.8,23.3,2.8,26.8,1
2026-03-01T10:30:00,12.18,14.6,46.5,50.0,0.07,10,6,1,0.0,10.0,31.1,0,0,2,2,12.18,15.0,2.0,16.5,0
2026-03-01T10:48:00,21.55,19.9,60.7,65.0,0.066,10,6,1,0.0,10.0,24.6,0,0,0,2,21.55,20.4,2.4,21.8,0
2026-03-01T11:06:00,25.09,23.2,55.8,65.0,0.142,11,6,1,0.0,10.0,26.5,0,0,0,0,25.09,24.5,2.9,29.6,1
2026-03-01T11:24:00,20.21,18.7,60.2,65.0,0.074,11,6,1,0.0,10.0,28.4,0,0,0,1,20.21,19.3,2.3,19.2,0
2026-03-01T11:42:00,43.93,40.6,53.3,65.0,0.18,11,6,1,0.0,10.0,12.3,0,0,0,2,43.93,43.5,5.2,52.6,1
2026-03-01T12:00:00,22.78,21.0,57.5,65.0,0.115,12,6,1,0.0,10.0,27.7,0,0,1,2,22.78,22.0,2.6,26.7,1
2026-03-01T12:18:00,50.06,46.2,52.9,65.0,0.186,12,6,1,4.6,4.2,30.1,0,0,1,0,50.06,49.6,6.0,55.6,1
2026-03-01T12:36:00,18.53,22.2,43.5,50.0,0.13,12,6,1,0.6,3.4,33.9,0,0,2,2,18.53,23.4,2.8,22.2,0
2026-03-01T12:54:00,46.97,43.4,57.8,65.0,0.111,12,6,1,0.4,3.4,28.7,0,0,0,0,46.97,45.3,5.4,49.6,0
2026-03-01T13:12:00,40.16,37.1,39.9,65.0,0.386,13,6,1,0.0,10.0,28.5,1,2,0,1,40.16,42.8,5.1,60.8,1
2026-03-01T13:30:00,50.05,46.2,60.5,65.0,0.069,13,6,1,0.0,10.0,38.8,0,0,0,0,50.05,47.5,5.7,52.3,0
2026-03-01T13:48:00,19.72,23.7,44.2,50.0,0.116,13,6,1,0.0,10.0,20.5,0,0,0,0,19.72,24.8,3.0,27.1,0
2026-03-01T14:06:00,33.62,31.0,48.1,65.0,0.26,14,6,1,6.1,3.1,32.9,0,0,0,2,33.62,34.2,4.1,45.6,1
2026-03-01T14:24:00,51.51,47.5,56.9,65.0,0.125,14,6,1,0.6,3.9,32.3,0,0,2,2,51.51,49.9,6.0,56.7,1
2026-03-01T14:42:00,51.53,47.6,55.3,65.0,0.149,14,6,1,0.0,10.0,18.8,0,0,2,2,51.53,50.4,6.0,54.6,0
2026-03-01T15:00:00,32.81,30.3,60.9,65.0,0.063,15,6,1,0.0,10.0,20.5,0,0,1,2,32.81,31.1,3.7,32.5,0
2026-03-01T15:18:00,28.22,26.0,56.4,65.0,0.132,15,6,1,0.0,10.0,31.4,0,0,0,1,28.22,27.4,3.3,29.9,0
2026-03-01T15:36:00,27.08,25.0,56.9,65.0,0.125,15,6,1,0.0,10.0,35.4,0,0,0,2,27.08,26.2,3.1,26.0,0
2026-03-01T15:54:00,19.02,22.8,39.3,50.0,0.214,15,6,1,0.0,10.0,34.4,0,0,2,2,19.02,24.8,3.0,30.6,1
2026-03-01T16:12:00,59.72,55.1,58.0,65.0,0.108,16,6,1,0.0,10.0,21.1,0,0,0,0,59.72,57.5,6.9,59.5,0
2026-03-01T16:30:00,28.72,26.5,29.7,65.0,0.543,16,6,1,0.0,10.0,26.4,1,3,1,0,28.72,32.3,3.9,61.3,1
2026-03-01T16:48:00,43.67,40.3,56.3,65.0,0.134,16,6,1,0.0,10.0,33.2,0,0,0,1,43.67,42.5,5.1,42.1,0
2026-03-01T17:06:00,63.31,58.4,49.7,65.0,0.235,17,6,1,10.2,2.5,25.6,0,0,0,0,63.31,63.9,7.7,75.0,1
2026-03-01T17:24:00,50.69,46.8,54.3,65.0,0.165,17,6,1,0.0,10.0,26.6,0,0,0,2,50.69,49.9,6.0,57.9,1
2026-03-01T17:42:00,35.75,33.0,56.4,65.0,0.132,17,6,1,0.0,10.0,26.8,0,0,0,1,35.75,34.7,4.2,36.7,0
2026-03-01T18:00:00,26.66,24.6,55.2,65.0,0.151,18,6,1,0.0,10.0,18.4,0,0,1,0,26.66,26.1,3.1,31.9,1
2026-03-01T18:18:00,52.75,48.7,53.3,65.0,0.18,18,6,1,0.0,10.0,27.3,0,0,2,2,52.75,52.2,6.3,57.9,1
2026-03-01T18:36:00,47.75,44.1,58.3,65.0,0.103,18,6,1,0.1,3.4,21.5,0,0,0,1,47.75,45.9,5.5,51.8,1
2026-03-01T18:54:00,53.83,49.7,52.5,65.0,0.192,18,6,1,0.7,4.7,22.1,0,0,2,0,53.83,53.5,6.4,61.3,1
2026-03-01T19:12:00,8.12,9.7,47.1,50.0,0.058,19,6,1,0.0,10.0,25.8,0,0,0,2,8.12,9.9,2.0,9.8,0
2026-03-01T19:30:00,38.27,35.3,58.0,65.0,0.108,19,6,1,0.0,10.0,35.7,0,0,2,2,38.27,36.8,4.4,43.1,1
2026-03-01T19:48:00,52.84,48.8,56.1,65.0,0.137,19,6,1,0.0,10.0,24.0,0,0,2,1,52.84,51.5,6.2,54.7,0
2026-03-01T20:06:00,62.43,57.6,56.2,65.0,0.135,20,6,1,0.0,10.0,28.5,0,0,1,2,62.43,60.7,7.3,67.4,1
2026-03-01T20:24:00,13.8,16.6,40.5,50.0,0.19,20,6,1,0.0,10.0,25.8,0,0,0,2,13.8,17.9,2.1,19.9,1
2026-03-01T20:42:00,55.76,51.5,56.5,65.0,0.131,20,6,1,0.0,10.0,27.8,0,0,0,2,55.76,54.2,6.5,59.9,1
2026-03-01T21:00:00,29.75,27.5,56.2,65.0,0.135,21,6,1,0.0,10.0,28.9,0,0,0,0,29.75,29.0,3.5,28.0,0
2026-03-01T21:18:00,30.3,28.0,60.0,65.0,0.077,21,6,1,0.0,10.0,27.1,0,0,0,2,30.3,28.9,3.5,31.9,0
2026-03-01T21:36:00,62.59,57.8,56.9,65.0,0.125,21,6,1,0.0,10.0,25.3,0,0,0,2,62.59,60.7,7.3,66.6,1
2026-03-01T21:54:00,17.76,21.3,45.0,50.0,0.1,21,6,1,0.0,10.0,33.4,0,0,0,0,17.76,22.2,2.7,23.1,0
2026-03-01T22:12:00,53.77,49.6,56.9,65.0,0.125,22,6,1,0.0,10.0,24.5,0,0,0,2,53.77,52.1,6.3,57.9,1
2026-03-01T22:30:00,8.03,9.6,38.0,50.0,0.24,22,6,1,0.0,10.0,23.3,0,0,0,2,8.03,10.5,2.0,14.4,1
2026-03-01T22:48:00,40.52,37.4,61.1,65.0,0.06,22,6,1,0.0,10.0,23.2,0,0,1,0,40.52,38.3,4.6,37.4,0
2026-03-01T23:06:00,54.89,50.7,57.8,65.0,0.111,23,6,1,0.0,10.0,28.2,0,0,0,1,54.89,53.0,6.4,54.9,0
2026-03-01T23:24:00,63.87,59.0,61.2,65.0,0.058,23,6,1,0.0,10.0,20.5,0,0,0,2,63.87,60.4,7.2,60.6,0
2026-03-01T23:42:00,34.07,31.4,47.5,65.0,0.269,23,6,1,0.0,10.0,23.7,0,0,0,0,34.07,34.8,4.2,43.5,1
2026-03-02T00:00:00,13.19,15.8,43.7,50.0,0.126,0,0,0,0.0,10.0,18.9,0,0,0,2,13.19,16.6,2.0,19.7,1
2026-03-02T00:18:00,15.38,18.5,38.8,50.0,0.224,0,0,0,0.0,10.0,15.3,0,0,0,2,15.38,20.2,2.4,25.3,1
2026-03-02T00:36:00,49.71,45.9,57.0,65.0,0.123,0,0,0,0.0,10.0,21.3,0,0,1,2,49.71,48.2,5.8,50.7,0
2026-03-02T00:54:00,21.17,19.5,60.9,65.0,0.063,0,0,0,0.0,10.0,31.8,0,0,2,0,21.17,20.0,2.4,19.5,0
2026-03-02T01:12:00,42.06,38.8,53.3,65.0,0.18,1,0,0,0.0,10.0,26.8,0,0,2,2,42.06,41.6,5.0,49.0,1
2026-03-02T01:30:00,35.21,32.5,61.3,65.0,0.057,1,0,0,1.6,4.9,17.2,0,0,0,1,35.21,33.2,4.0,36.7,0
2026-03-02T01:48:00,10.99,13.2,46.4,50.0,0.072,1,0,0,0.0,10.0,34.1,0,0,1,1,10.99,13.6,2.0,13.2,0
2026-03-02T02:06:00,50.23,46.4,54.8,65.0,0.157,2,0,0,0.0,10.0,27.0,0,0,1,1,50.23,49.3,5.9,54.9,1
2026-03-02T02:24:00,22.63,20.9,61.0,65.0,0.062,2,0,0,0.0,10.0,22.5,0,0,1,2,22.63,21.4,2.6,24.4,1
2026-03-02T02:42:00,26.43,24.4,46.5,65.0,0.285,2,0,0,0.1,2.3,29.3,1,1,1,2,26.43,27.2,3.3,31.9,1
2026-03-02T03:00:00,8.69,10.4,32.2,50.0,0.356,3,0,0,0.0,10.0,34.9,1,2,0,2,8.69,11.9,2.0,14.5,1
2026-03-02T03:18:00,64.91,59.9,55.8,65.0,0.142,3,0,0,0.0,10.0,26.9,0,0,0,2,64.91,63.3,7.6,73.3,1
2026-03-02T03:36:00,46.36,42.8,55.5,65.0,0.146,3,0,0,0.0,10.0,31.5,0,0,1,2,46.36,45.3,5.4,52.7,1
2026-03-02T03:54:00,36.63,33.8,59.8,65.0,0.08,3,0,0,0.0,10.0,17.8,0,0,2,1,36.63,34.9,4.2,33.8,0
2026-03-02T04:12:00,31.85,29.4,60.3,65.0,0.072,4,0,0,0.0,10.0,23.6,0,0,0,0,31.85,30.2,3.6,32.5,0
2026-03-02T04:30:00,40.76,37.6,54.4,65.0,0.163,4,0,0,0.0,10.0,26.1,0,0,0,2,40.76,40.1,4.8,43.9,1
2026-03-02T04:48:00,34.15,31.5,56.5,65.0,0.131,4,0,0,0.0,10.0,27.2,0,0,0,2,34.15,33.2,4.0,34.0,0
2026-03-02T05:06:00,22.61,20.9,51.2,65.0,0.212,5,0,0,0.0,10.0,27.3,0,0,2,1,22.61,22.7,2.7,24.8,1
2026-03-02T05:24:00,64.59,59.6,57.5,65.0,0.115,5,0,0,0.0,10.0,30.7,0,0,1,2,64.59,62.3,7.5,65.3,0
2026-03-02T05:42:00,52.68,48.6,53.5,65.0,0.177,5,0,0,0.0,10.0,27.5,1,1,1,1,52.68,52.0,6.2,61.4,1
2026-03-02T06:00:00,15.57,18.7,51.7,50.0,0.0,6,0,0,0.0,10.0,25.7,0,0,0,0,15.57,18.7,2.2,18.7,0
2026-03-02T06:18:00,50.2,46.3,58.1,65.0,0.106,6,0,0,0.0,10.0,22.7,0,0,0,0,50.2,48.3,5.8,56.0,1
2026-03-02T06:36:00,58.85,54.3,59.2,65.0,0.089,6,0,0,0.0,10.0,12.8,0,0,1,2,58.85,56.2,6.7,64.5,1
2026-03-02T06:54:00,64.32,59.4,55.1,65.0,0.152,6,0,0,0.0,10.0,21.4,0,0,1,1,64.32,63.0,7.6,69.4,1
2026-03-02T07:12:00,37.32,34.4,58.7,65.0,0.097,7,0,0,0.0,10.0,29.0,0,0,0,0,37.32,35.7,4.3,38.0,0
2026-03-02T07:30:00,10.46,12.6,46.9,50.0,0.062,7,0,0,0.0,10.0,26.9,0,0,1,1,10.46,12.9,2.0,12.6,0
2026-03-02T07:48:00,48.26,44.5,58.9,65.0,0.094,7,0,0,0.0,10.0,24.4,0,0,0,1,48.26,46.2,5.5,49.9,0
2026-03-02T08:06:00,53.95,49.8,39.4,65.0,0.394,8,0,0,0.0,10.0,32.5,0,0,1,0,53.95,57.6,6.9,77.8,1
2026-03-02T08:24:00,11.02,13.2,30.7,50.0,0.386,8,0,0,0.0,10.0,24.7,0,0,1,0,11.02,15.2,2.0,21.5,1
2026-03-02T08:42:00,32.41,29.9,41.9,65.0,0.355,8,0,0,0.0,10.0,28.0,0,0,1,2,32.41,34.1,4.1,45.6,1
2026-03-02T09:00:00,54.33,50.2,37.0,65.0,0.431,9,0,0,6.8,3.6,27.7,0,0,1,2,54.33,58.9,7.1,88.8,1
2026-03-02T09:18:00,30.23,27.9,35.7,65.0,0.451,9,0,0,0.0,10.0,17.9,0,0,2,2,30.23,32.9,3.9,48.2,1
2026-03-02T09:36:00,47.39,43.7,36.6,65.0,0.437,9,0,0,0.0,10.0,36.1,0,0,1,1,47.39,51.3,6.2,69.4,1
2026-03-02T09:54:00,34.26,31.6,43.2,65.0,0.335,9,0,0,0.0,10.0,24.6,0,0,1,0,34.26,35.8,4.3,43.8,1
2026-03-02T10:12:00,32.79,30.3,42.8,65.0,0.342,10,0,0,0.0,10.0,37.1,0,0,0,1,32.79,34.4,4.1,47.1,1
2026-03-02T10:30:00,35.87,33.1,38.8,65.0,0.403,10,0,0,0.0,10.0,31.4,0,0,2,1,35.87,38.4,4.6,56.6,1
2026-03-02T10:48:00,18.32,22.0,33.2,50.0,0.336,10,0,0,4.2,3.8,24.7,0,0,2,0,18.32,25.0,3.0,32.7,1
2026-03-02T11:06:00,23.56,21.7,51.5,65.0,0.208,11,0,0,0.0,10.0,14.1,0,0,2,2,23.56,23.5,2.8,24.2,0
2026-03-02T11:24:00,56.57,52.2,53.1,65.0,0.183,11,0,0,0.0,10.0,22.0,0,0,2,1,56.57,56.0,6.7,65.8,1
2026-03-02T11:42:00,41.08,37.9,58.0,65.0,0.108,11,0,0,0.0,10.0,10.3,0,0,0,2,41.08,39.5,4.7,45.3,1
2026-03-02T12:00:00,38.46,35.5,54.8,65.0,0.157,12,0,0,0.0,10.0,26.7,0,0,1,2,38.46,37.7,4.5,47.5,1
2026-03-02T12:18:00,62.78,58.0,51.0,65.0,0.215,12,0,0,3.9,2.2,25.6,0,0,1,0,62.78,63.0,7.6,71.4,1
2026-03-02T12:36:00,29.37,27.1,52.9,65.0,0.186,12,0,0,0.0,10.0,25.0,0,0,0,2,29.37,29.1,3.5,32.3,1
2026-03-02T12:54:00,43.11,39.8,58.1,65.0,0.106,12,0,0,0.0,10.0,28.7,0,0,0,2,43.11,41.5,5.0,47.8,1
2026-03-02T13:12:00,55.8,51.5,53.8,65.0,0.172,13,0,0,0.0,10.0,12.7,0,0,1,2,55.8,55.0,6.6,60.9,1
2026-03-02T13:30:00,41.9,38.7,58.5,65.0,0.1,13,0,0,0.0,10.0,24.9,0,0,0,2,41.9,40.2,4.8,43.5,0
2026-03-02T13:48:00,13.81,16.6,45.1,50.0,0.098,13,0,0,0.0,10.0,34.6,0,0,0,2,13.81,17.3,2.1,18.2,0
2026-03-02T14:06:00,8.54,10.2,35.2,50.0,0.296,14,0,0,7.5,2.2,27.7,0,0,2,2,8.54,11.4,2.0,14.6,1
2026-03-02T14:24:00,58.41,53.9,53.2,65.0,0.182,14,0,0,0.0,10.0,32.0,0,0,2,1,58.41,57.8,6.9,66.4,1
2026-03-02T14:42:00,37.09,34.2,64.7,65.0,0.005,14,0,0,0.0,10.0,20.6,0,0,1,0,37.09,34.3,4.1,34.2,0
2026-03-02T15:00:00,10.53,12.6,45.0,50.0,0.1,15,0,0,0.0,10.0,24.1,0,0,0,0,10.53,13.1,2.0,15.8,1
2026-03-02T15:18:00,57.55,53.1,53.8,65.0,0.172,15,0,0,0.0,10.0,38.6,0,0,2,1,57.55,56.8,6.8,67.4,1
2026-03-02T15:36:00,26.43,24.4,62.1,65.0,0.045,15,0,0,0.0,10.0,25.1,0,0,2,2,26.43,24.8,3.0,25.7,0
2026-03-02T15:54:00,58.44,53.9,57.7,65.0,0.112,15,0,0,0.0,10.0,21.6,0,0,0,1,58.44,56.3,6.8,59.8,0
2026-03-02T16:12:00,36.37,33.6,56.6,65.0,0.129,16,0,0,0.0,10.0,25.8,0,0,1,2,36.37,35.3,4.2,37.3,0
2026-03-02T16:30:00,57.05,52.7,47.9,65.0,0.263,16,0,0,9.5,4.2,31.4,0,0,1,2,57.05,58.2,7.0,71.8,1
2026-03-02T16:48:00,40.65,37.5,57.8,65.0,0.111,16,0,0,0.0,10.0,27.2,0,0,1,0,40.65,39.2,4.7,37.5,0
2026-03-02T17:06:00,39.49,36.5,43.3,65.0,0.334,17,0,0,0.0,10.0,23.8,0,0,0,2,39.49,41.4,5.0,50.9,1
2026-03-02T17:24:00,36.6,33.8,34.9,65.0,0.463,17,0,0,7.3,4.8,31.4,0,0,0,2,36.6,40.1,4.8,65.2,1
2026-03-02T17:42:00,42.67,39.4,37.0,65.0,0.431,17,0,0,0.0,10.0,17.3,0,0,0,2,42.67,46.2,5.5,72.0,1
2026-03-02T18:00:00,17.39,20.9,28.7,50.0,0.426,18,0,0,0.0,10.0,28.1,0,0,0,2,17.39,24.5,2.9,33.4,1
2026-03-02T18:18:00,42.22,39.0,18.0,65.0,0.723,18,0,0,0.0,10.0,19.2,1,3,0,1,42.22,50.3,6.0,138.5,1
2026-03-02T18:36:00,38.1,35.2,41.3,65.0,0.365,18,0,0,0.0,10.0,21.8,0,0,0,0,38.1,40.3,4.8,54.3,1
2026-03-02T18:54:00,62.16,57.4,41.7,65.0,0.358,18,0,0,0.0,10.0,22.4,0,0,0,2,62.16,65.6,7.9,90.0,1
2026-03-02T19:12:00,53.73,49.6,45.9,65.0,0.294,19,0,0,0.0,10.0,34.5,0,0,0,1,53.73,55.4,6.6,73.4,1
2026-03-02T19:30:00,49.79,46.0,36.6,65.0,0.437,19,0,0,0.0,10.0,25.5,1,1,1,2,49.79,54.0,6.5,77.8,1
2026-03-02T19:48:00,35.75,33.0,36.2,65.0,0.443,19,0,0,2.2,3.4,27.1,0,0,0,1,35.75,38.8,4.7,63.0,1
2026-03-02T20:06:00,37.32,34.4,39.8,65.0,0.388,20,0,0,0.0,10.0,28.0,0,0,1,0,37.32,39.7,4.8,55.4,1
2026-03-02T20:24:00,12.11,14.5,26.9,50.0,0.462,20,0,0,1.2,3.0,19.5,0,0,0,2,12.11,17.2,2.1,30.7,1
2026-03-02T20:42:00,37.8,34.9,41.0,65.0,0.369,20,0,0,0.0,10.0,35.4,0,0,1,0,37.8,40.1,4.8,51.6,1
2026-03-02T21:00:00,22.55,20.8,57.9,65.0,0.109,21,0,0,0.0,10.0,38.4,0,0,0,1,22.55,21.7,2.6,24.1,1
2026-03-02T21:18:00,27.12,25.0,56.9,65.0,0.125,21,0,0,0.0,10.0,25.0,0,0,2,0,27.12,26.2,3.1,28.1,0
2026-03-02T21:36:00,25.64,23.7,54.2,65.0,0.166,21,0,0,0.0,10.0,25.2,0,0,2,2,25.64,25.3,3.0,26.8,0
2026-03-02T21:54:00,55.22,51.0,54.0,65.0,0.169,21,0,0,0.0,10.0,23.4,0,0,0,2,55.22,54.4,6.5,60.9,1
2026-03-02T22:12:00,46.79,43.2,57.6,65.0,0.114,22,0,0,0.0,10.0,21.6,0,0,1,2,46.79,45.2,5.4,46.3,0
2026-03-02T22:30:00,13.78,16.5,42.7,50.0,0.146,22,0,0,5.1,4.1,26.1,0,0,0,2,13.78,17.5,2.1,17.5,0
2026-03-02T22:48:00,56.5,52.2,54.3,65.0,0.165,22,0,0,0.0,10.0,25.5,0,0,2,1,56.5,55.6,6.7,58.8,0
2026-03-02T23:06:00,32.06,29.6,43.6,65.0,0.329,23,0,0,0.0,10.0,23.3,1,2,0,1,32.06,33.5,4.0,46.1,1
2026-03-02T23:24:00,22.54,20.8,54.4,65.0,0.163,23,0,0,0.0,10.0,29.7,0,0,0,2,22.54,22.2,2.7,21.8,0
2026-03-02T23:42:00,43.97,40.6,51.3,65.0,0.211,23,0,0,0.0,10.0,31.3,0,0,0,2,43.97,44.0,5.3,51.2,1
2026-03-03T00:00:00,44.19,40.8,54.3,65.0,0.165,0,1,0,0.0,10.0,29.8,0,0,0,1,44.19,43.5,5.2,51.2,1
2026-03-03T00:18:00,62.48,57.7,54.5,65.0,0.162,0,1,0,0.0,10.0,19.4,0,0,1,1,62.48,61.4,7.4,68.0,1
2026-03-03T00:36:00,45.86,42.3,59.1,65.0,0.091,0,1,0,0.0,10.0,30.1,0,0,1,1,45.86,43.8,5.3,46.6,0
2026-03-03T00:54:00,50.94,47.0,44.5,65.0,0.315,0,1,0,0.0,10.0,18.6,1,1,0,2,50.94,52.9,6.3,70.5,1
2026-03-03T01:12:00,19.46,23.4,48.0,50.0,0.04,1,1,0,0.6,4.6,29.4,0,0,2,2,19.46,23.8,2.9,23.7,0
2026-03-03T01:30:00,19.11,22.9,48.2,50.0,0.036,1,1,0,0.0,10.0,19.6,0,0,2,2,19.11,23.2,2.8,22.9,0
2026-03-03T01:48:00,28.28,26.1,60.4,65.0,0.071,1,1,0,0.0,10.0,11.9,0,0,2,1,28.28,26.8,3.2,27.7,0
2026-03-03T02:06:00,36.75,33.9,49.4,65.0,0.24,2,1,0,0.0,10.0,18.9,0,0,0,0,36.75,37.2,4.5,41.3,1
2026-03-03T02:24:00,58.46,54.0,53.3,65.0,0.18,2,1,0,0.0,10.0,16.9,0,0,1,1,58.46,57.9,6.9,66.5,1
2026-03-03T02:42:00,59.41,54.8,56.7,65.0,0.128,2,1,0,1.4,3.5,21.4,0,0,2,2,59.41,57.6,6.9,63.7,1
2026-03-03T03:00:00,38.01,35.1,53.7,65.0,0.174,3,1,0,0.6,2.5,28.9,0,0,0,0,38.01,37.5,4.5,44.2,1
2026-03-03T03:18:00,62.05,57.3,55.6,65.0,0.145,3,1,0,0.0,10.0,25.4,0,0,1,2,62.05,60.6,7.3,66.1,1
2026-03-03T03:36:00,55.37,51.1,36.7,65.0,0.435,3,1,0,0.0,10.0,29.3,1,2,1,2,55.37,60.0,7.2,94.7,1
2026-03-03T03:54:00,35.24,32.5,60.0,65.0,0.077,3,1,0,0.0,10.0,36.0,0,0,0,2,35.24,33.5,4.0,34.7,0
2026-03-03T04:12:00,46.09,42.5,56.0,65.0,0.138,4,1,0,0.0,10.0,26.8,0,0,1,1,46.09,44.8,5.4,52.7,1
2026-03-03T04:30:00,22.53,20.8,59.5,65.0,0.085,4,1,0,0.0,10.0,34.7,0,0,1,2,22.53,21.5,2.6,20.8,0
2026-03-03T04:48:00,58.39,53.9,56.0,65.0,0.138,4,1,0,0.0,10.0,25.2,0,0,0,0,58.39,56.9,6.8,64.7,1
2026-03-03T05:06:00,13.8,16.6,41.8,50.0,0.164,5,1,0,0.0,10.0,26.9,0,0,0,0,13.8,17.7,2.1,18.8,0
2026-03-03T05:24:00,44.11,40.7,57.5,65.0,0.115,5,1,0,0.0,10.0,25.5,0,0,0,2,44.11,42.6,5.1,47.3,1
2026-03-03T05:42:00,64.75,59.8,55.5,65.0,0.146,5,1,0,0.0,10.0,33.2,0,0,0,2,64.75,63.3,7.6,71.5,1
2026-03-03T06:00:00,29.87,27.6,56.8,65.0,0.126,6,1,0,0.0,10.0,33.7,0,0,0,1,29.87,29.0,3.5,30.3,0
2026-03-03T06:18:00,57.86,53.4,54.1,65.0,0.168,6,1,0,0.0,10.0,25.4,0,0,0,2,57.86,57.0,6.8,62.6,1
2026-03-03T06:36:00,31.3,28.9,57.0,65.0,0.123,6,1,0,0.0,10.0,26.0,0,0,1,1,31.3,30.3,3.6,33.2,0
2026-03-03T06:54:00,19.07,22.9,43.9,50.0,0.122,6,1,0,2.6,4.0,28.4,0,0,1,1,19.07,24.0,2.9,26.8,1
2026-03-03T07:12:00,52.99,48.9,52.8,65.0,0.188,7,1,0,0.8,2.1,31.0,0,0,1,1,52.99,52.6,6.3,53.6,0
2026-03-03T07:30:00,60.26,55.6,58.2,65.0,0.105,7,1,0,0.2,3.5,24.2,0,0,0,2,60.26,57.9,6.9,62.9,0
2026-03-03T07:48:00,51.78,47.8,57.6,65.0,0.114,7,1,0,0.0,10.0,32.7,0,0,0,2,51.78,50.0,6.0,54.7,0
2026-03-03T08:06:00,24.7,22.8,41.6,65.0,0.36,8,1,0,0.0,10.0,27.1,0,0,0,0,24.7,26.1,3.1,32.2,1
2026-03-03T08:24:00,48.74,45.0,43.5,65.0,0.331,8,1,0,0.0,10.0,25.0,0,0,0,1,48.74,51.0,6.1,67.8,1
2026-03-03T08:42:00,49.46,45.7,40.2,65.0,0.382,8,1,0,0.0,10.0,20.1,0,0,0,0,49.46,52.7,6.3,70.8,1
2026-03-03T09:00:00,61.14,56.4,37.4,65.0,0.425,9,1,0,0.0,10.0,20.4,0,0,1,0,61.14,66.0,7.9,97.9,1
2026-03-03T09:18:00,46.54,43.0,42.0,65.0,0.354,9,1,0,0.0,10.0,20.8,0,0,0,2,46.54,49.1,5.9,65.8,1
2026-03-03T09:36:00,34.14,31.5,38.1,65.0,0.414,9,1,0,0.0,10.0,36.1,0,0,0,1,34.14,36.7,4.4,55.7,1
2026-03-03T09:54:00,47.52,43.9,38.1,65.0,0.414,9,1,0,0.0,10.0,34.3,0,0,2,2,47.52,51.2,6.1,76.6,1
2026-03-03T10:12:00,17.18,20.6,29.5,50.0,0.41,10,1,0,0.0,10.0,20.4,0,0,0,2,17.18,24.0,2.9,37.5,1
2026-03-03T10:30:00,33.57,31.0,44.4,65.0,0.317,10,1,0,0.0,10.0,28.6,0,0,0,1,33.57,34.9,4.2,42.2,1
2026-03-03T10:48:00,20.4,18.8,37.9,65.0,0.417,10,1,0,0.0,10.0,27.1,0,0,1,2,20.4,21.9,2.6,29.6,1
2026-03-03T11:06:00,18.4,22.1,43.7,50.0,0.126,11,1,0,0.0,10.0,22.0,0,0,0,2,18.4,23.2,2.8,29.1,1
2026-03-03T11:24:00,58.9,54.4,54.5,65.0,0.162,11,1,0,0.0,10.0,30.5,0,0,0,1,58.9,57.9,6.9,63.7,1
2026-03-03T11:42:00,30.77,28.4,52.0,65.0,0.2,11,1,0,0.0,10.0,25.6,0,0,0,2,30.77,30.7,3.7,32.5,0
2026-03-03T12:00:00,42.89,39.6,56.5,65.0,0.131,12,1,0,5.8,2.5,22.3,0,0,1,2,42.89,41.7,5.0,43.0,0
2026-03-03T12:18:00,15.07,18.1,42.6,50.0,0.148,12,1,0,0.0,10.0,30.5,0,0,0,0,15.07,19.2,2.3,20.4,0
2026-03-03T12:36:00,23.05,21.3,54.4,65.0,0.163,12,1,0,0.0,10.0,16.5,0,0,1,2,23.05,22.7,2.7,27.3,1
2026-03-03T12:54:00,42.35,39.1,57.8,65.0,0.111,12,1,0,0.0,10.0,30.7,0,0,1,0,42.35,40.8,4.9,43.2,0
2026-03-03T13:12:00,44.34,40.9,57.1,65.0,0.122,13,1,0,0.0,10.0,22.8,0,0,1,2,44.34,42.9,5.1,43.1,0
2026-03-03T13:30:00,54.62,50.4,54.5,65.0,0.162,13,1,0,0.0,10.0,29.1,0,0,1,2,54.62,53.7,6.4,58.6,1
2026-03-03T13:48:00,46.12,42.6,52.4,65.0,0.194,13,1,0,0.5,3.1,31.2,0,0,1,1,46.12,45.9,5.5,54.2,1
2026-03-03T14:06:00,59.81,55.2,56.9,65.0,0.125,14,1,0,0.0,10.0,34.5,0,0,1,1,59.81,58.0,7.0,60.9,0
2026-03-03T14:24:00,11.65,14.0,45.2,50.0,0.096,14,1,0,1.9,2.6,31.5,0,0,0,2,11.65,14.5,2.0,18.1,1
2026-03-03T14:42:00,57.42,53.0,42.1,65.0,0.352,14,1,0,8.7,3.4,23.4,0,0,2,2,57.42,60.5,7.3,82.4,1
2026-03-03T15:00:00,58.3,53.8,62.4,65.0,0.04,15,1,0,0.0,10.0,21.7,0,0,0,2,58.3,54.7,6.6,56.4,0
2026-03-03T15:18:00,25.32,23.4,59.4,65.0,0.086,15,1,0,0.0,10.0,27.2,0,0,0,1,25.32,24.2,2.9,24.1,0
2026-03-03T15:36:00,38.43,35.5,57.1,65.0,0.122,15,1,0,0.0,10.0,34.7,0,0,0,2,38.43,37.2,4.5,38.7,0
2026-03-03T15:54:00,61.08,56.4,52.7,65.0,0.189,15,1,0,0.0,10.0,33.7,0,0,2,2,61.08,60.7,7.3,75.2,1
2026-03-03T16:12:00,13.93,16.7,45.8,50.0,0.084,16,1,0,0.0,10.0,35.0,0,0,0,2,13.93,17.3,2.1,20.6,1
2026-03-03T16:30:00,63.86,58.9,52.1,65.0,0.198,16,1,0,0.0,10.0,26.9,0,0,0,2,63.86,63.6,7.6,73.5,1
2026-03-03T16:48:00,17.15,20.6,41.5,50.0,0.17,16,1,0,0.0,10.0,18.7,0,0,1,2,17.15,22.0,2.6,22.5,0
2026-03-03T17:06:00,53.71,49.6,42.0,65.0,0.354,17,1,0,0.0,10.0,35.6,0,0,0,2,53.71,56.6,6.8,77.4,1
2026-03-03T17:24:00,61.27,56.6,42.4,65.0,0.348,17,1,0,1.0,4.8,23.6,0,0,1,2,61.27,64.5,7.7,87.6,1
2026-03-03T17:42:00,40.64,37.5,38.7,65.0,0.405,17,1,0,0.0,10.0,38.1,0,0,0,1,40.64,43.6,5.2,68.1,1
2026-03-03T18:00:00,46.09,42.5,43.3,65.0,0.334,18,1,0,0.0,10.0,28.0,0,0,1,2,46.09,48.2,5.8,64.9,1
2026-03-03T18:18:00,45.5,42.0,37.5,65.0,0.423,18,1,0,0.0,10.0,16.7,0,0,1,1,45.5,49.1,5.9,69.2,1
2026-03-03T18:36:00,8.11,9.7,29.5,50.0,0.41,18,1,0,0.0,10.0,31.1,0,0,0,2,8.11,11.3,2.0,15.1,1
2026-03-03T18:54:00,21.53,19.9,42.2,65.0,0.351,18,1,0,0.0,10.0,24.0,0,0,0,0,21.53,22.7,2.7,25.9,1
2026-03-03T19:12:00,62.2,57.4,38.1,65.0,0.414,19,1,0,0.0,10.0,25.3,0,0,1,2,62.2,66.9,8.0,96.7,1
2026-03-03T19:30:00,21.01,19.4,39.3,65.0,0.395,19,1,0,0.0,10.0,29.2,0,0,1,2,21.01,22.5,2.7,32.9,1
2026-03-03T19:48:00,64.53,59.6,37.3,65.0,0.426,19,1,0,0.0,10.0,23.4,0,0,0,0,64.53,69.8,8.4,106.3,1
2026-03-03T20:06:00,64.68,59.7,41.2,65.0,0.366,20,1,0,0.0,10.0,23.7,0,0,1,2,64.68,68.4,8.2,98.7,1
2026-03-03T20:24:00,44.37,41.0,38.8,65.0,0.403,20,1,0,0.0,10.0,26.0,0,0,0,2,44.37,47.6,5.7,69.7,1
2026-03-03T20:42:00,59.76,55.2,36.6,65.0,0.437,20,1,0,0.6,2.7,24.2,0,0,2,0,59.76,64.8,7.8,98.9,1
2026-03-03T21:00:00,62.13,57.4,56.0,65.0,0.138,21,1,0,2.3,2.5,18.6,0,0,1,1,62.13,60.6,7.3,66.6,1
2026-03-03T21:18:00,23.38,21.6,62.2,65.0,0.043,21,1,0,0.0,10.0,34.9,0,0,2,1,23.38,22.0,2.6,25.8,1
2026-03-03T21:36:00,64.79,59.8,57.8,65.0,0.111,21,1,0,0.0,10.0,18.2,0,0,0,2,64.79,62.5,7.5,65.6,0
2026-03-03T21:54:00,15.67,18.8,43.2,50.0,0.136,21,1,0,0.0,10.0,20.7,0,0,0,0,15.67,19.8,2.4,21.6,0
2026-03-03T22:12:00,55.72,51.4,56.4,65.0,0.132,22,1,0,0.0,10.0,20.6,0,0,1,0,55.72,54.1,6.5,58.5,0
2026-03-03T22:30:00,26.3,24.3,51.2,65.0,0.212,22,1,0,5.2,2.8,30.4,0,0,0,2,26.3,26.4,3.2,31.1,1
2026-03-03T22:48:00,52.88,48.8,58.7,65.0,0.097,22,1,0,0.0,10.0,22.4,0,0,1,0,52.88,50.7,6.1,50.9,0
2026-03-03T23:06:00,16.65,20.0,43.4,50.0,0.132,23,1,0,0.0,10.0,21.6,0,0,1,0,16.65,21.1,2.5,22.4,0
2026-03-03T23:24:00,54.22,50.0,60.4,65.0,0.071,23,1,0,0.0,10.0,25.8,0,0,0,2,54.22,51.4,6.2,51.5,0
2026-03-03T23:42:00,35.55,32.8,57.3,65.0,0.118,23,1,0,0.0,10.0,23.8,0,0,1,0,35.55,34.3,4.1,37.5,0
2026-03-04T00:00:00,45.56,42.1,55.4,65.0,0.148,0,2,0,0.0,10.0,24.2,0,0,1,2,45.56,44.6,5.4,49.6,1
2026-03-04T00:18:00,32.83,30.3,57.1,65.0,0.122,0,2,0,0.0,10.0,37.6,0,0,0,1,32.83,31.8,3.8,33.3,0
2026-03-04T00:36:00,42.55,39.3,61.7,65.0,0.051,0,2,0,0.0,10.0,26.2,0,0,0,2,42.55,40.1,4.8,44.2,0
2026-03-04T00:54:00,41.18,38.0,59.7,65.0,0.082,0,2,0,0.0,10.0,33.5,0,0,1,2,41.18,39.2,4.7,41.0,0
2026-03-04T01:12:00,48.98,45.2,54.0,65.0,0.169,1,2,0,0.0,10.0,20.4,0,0,0,0,48.98,48.3,5.8,53.2,1
2026-03-04T01:30:00,44.88,41.4,60.0,65.0,0.077,1,2,0,0.0,10.0,23.9,0,0,1,2,44.88,42.7,5.1,44.1,0
2026-03-04T01:48:00,54.19,50.0,60.6,65.0,0.068,1,2,0,0.0,10.0,27.7,0,0,0,0,54.19,51.4,6.2,56.1,0
2026-03-04T02:06:00,32.06,29.6,61.7,65.0,0.051,2,2,0,0.0,10.0,36.1,0,0,0,2,32.06,30.2,3.6,31.2,0
2026-03-04T02:24:00,52.19,48.2,50.5,65.0,0.223,2,2,0,6.1,3.9,17.8,0,0,1,2,52.19,52.5,6.3,58.5,1
2026-03-04T02:42:00,50.99,47.1,58.1,65.0,0.106,2,2,0,0.0,10.0,23.3,0,0,0,1,50.99,49.1,5.9,53.2,0
2026-03-04T03:00:00,56.61,52.3,53.3,65.0,0.18,3,2,0,0.0,10.0,23.1,0,0,0,1,56.61,56.1,6.7,69.9,1
2026-03-04T03:18:00,26.86,24.8,57.0,65.0,0.123,3,2,0,0.0,10.0,27.9,0,0,0,2,26.86,26.0,3.1,33.8,1
2026-03-04T03:36:00,62.52,57.7,58.7,65.0,0.097,3,2,0,0.0,10.0,35.0,0,0,1,2,62.52,59.9,7.2,62.3,0
2026-03-04T03:54:00,55.45,51.2,54.3,65.0,0.165,3,2,0,0.0,10.0,29.6,0,0,2,2,55.45,54.6,6.6,60.3,1
2026-03-04T04:12:00,34.91,32.2,54.5,65.0,0.162,4,2,0,0.0,10.0,29.6,0,0,1,2,34.91,34.3,4.1,37.1,1
2026-03-04T04:30:00,21.01,19.4,58.0,65.0,0.108,4,2,0,0.0,10.0,25.4,0,0,0,1,21.01,20.2,2.4,22.6,1
2026-03-04T04:48:00,41.15,38.0,33.3,65.0,0.488,4,2,0,0.0,10.0,26.1,1,3,1,2,41.15,45.4,5.4,70.1,1
2026-03-04T05:06:00,13.87,16.6,38.5,50.0,0.23,5,2,0,0.0,10.0,37.6,0,0,1,1,13.87,18.1,2.2,23.1,1
2026-03-04T05:24:00,48.6,44.9,39.7,65.0,0.389,5,2,0,0.0,10.0,46.9,1,2,1,2,48.6,51.9,6.2,75.5,1
2026-03-04T05:42:00,27.83,25.7,56.4,65.0,0.132,5,2,0,0.0,10.0,23.4,0,0,0,2,27.83,27.1,3.3,32.1,1
2026-03-04T06:00:00,59.83,55.2,55.9,65.0,0.14,6,2,0,0.0,10.0,15.9,0,0,2,2,59.83,58.3,7.0,68.6,1
2026-03-04T06:18:00,19.94,23.9,47.2,50.0,0.056,6,2,0,0.0,10.0,27.5,0,0,1,2,19.94,24.4,2.9,26.6,0
2026-03-04T06:36:00,33.44,30.9,59.5,65.0,0.085,6,2,0,0.3,3.8,31.5,0,0,1,1,33.44,32.0,3.8,31.8,0
2026-03-04T06:54:00,34.28,31.6,58.7,65.0,0.097,6,2,0,0.0,10.0,25.4,0,0,0,0,34.28,32.8,3.9,32.3,0
2026-03-04T07:12:00,17.17,20.6,36.5,50.0,0.27,7,2,0,0.0,10.0,33.3,1,1,1,2,17.17,22.8,2.7,27.4,1
2026-03-04T07:30:00,53.2,49.1,57.4,65.0,0.117,7,2,0,0.0,10.0,21.3,0,0,0,2,53.2,51.4,6.2,55.1,0
2026-03-04T07:48:00,37.63,34.7,52.9,65.0,0.186,7,2,0,0.0,10.0,30.7,0,0,2,1,37.63,37.3,4.5,39.8,0
2026-03-04T08:06:00,41.42,38.2,38.2,65.0,0.412,8,2,0,0.0,10.0,29.2,0,0,0,1,41.42,44.5,5.3,67.7,1
2026-03-04T08:24:00,23.88,22.0,40.1,65.0,0.383,8,2,0,2.2,2.0,31.7,0,0,1,1,23.88,25.4,3.0,34.8,1
2026-03-04T08:42:00,58.23,53.8,39.3,65.0,0.395,8,2,0,0.0,10.0,28.1,0,0,2,0,58.23,62.3,7.5,88.7,1
2026-03-04T09:00:00,54.04,49.9,43.6,65.0,0.329,9,2,0,0.0,10.0,14.4,0,0,2,1,54.04,56.5,6.8,73.8,1
2026-03-04T09:18:00,32.45,30.0,36.0,65.0,0.446,9,2,0,0.4,2.8,27.1,0,0,0,2,32.45,35.4,4.2,53.9,1
2026-03-04T09:36:00,28.82,26.6,35.4,65.0,0.455,9,2,0,1.8,3.7,27.3,0,0,0,2,28.82,31.4,3.8,51.5,1
2026-03-04T09:54:00,64.87,59.9,41.4,65.0,0.363,9,2,0,0.1,2.7,26.4,0,0,2,1,64.87,68.6,8.2,94.2,1
2026-03-04T10:12:00,28.62,26.4,41.9,65.0,0.355,10,2,0,0.0,10.0,37.0,0,0,0,1,28.62,30.1,3.6,35.9,1
2026-03-04T10:30:00,50.66,46.8,40.6,65.0,0.375,10,2,0,0.0,10.0,36.7,0,0,0,1,50.66,53.8,6.5,75.4,1
2026-03-04T10:48:00,31.11,28.7,35.4,65.0,0.455,10,2,0,1.4,4.6,41.1,0,0,0,0,31.11,33.9,4.1,50.0,1
2026-03-04T11:06:00,11.19,13.4,38.2,50.0,0.236,11,2,0,3.1,4.0,22.1,0,0,0,0,11.19,14.7,2.0,25.3,1
2026-03-04T11:24:00,37.25,34.4,56.2,65.0,0.135,11,2,0,0.5,3.5,28.2,0,0,2,1,37.25,36.3,4.4,38.7,0
2026-03-04T11:42:00,15.64,18.8,46.9,50.0,0.062,11,2,0,0.0,10.0,34.3,0,0,0,0,15.64,19.3,2.3,20.8,0
2026-03-04T12:00:00,12.37,14.8,37.9,50.0,0.242,12,2,0,0.0,10.0,23.0,1,1,2,2,12.37,16.2,2.0,20.0,1
2026-03-04T12:18:00,47.47,43.8,57.7,65.0,0.112,12,2,0,3.0,4.2,27.8,0,0,1,2,47.47,45.8,5.5,50.2,0
2026-03-04T12:36:00,16.82,20.2,41.6,50.0,0.168,12,2,0,0.0,10.0,22.4,0,0,1,1,16.82,21.6,2.6,23.7,1
2026-03-04T12:54:00,22.39,20.7,56.4,65.0,0.132,12,2,0,0.0,10.0,28.9,0,0,1,0,22.39,21.8,2.6,23.9,1
2026-03-04T13:12:00,23.76,21.9,53.9,65.0,0.171,13,2,0,2.6,2.1,25.3,0,0,0,2,23.76,23.4,2.8,26.6,1
2026-03-04T13:30:00,54.43,50.2,60.0,65.0,0.077,13,2,0,0.8,3.9,26.0,0,0,0,1,54.43,51.7,6.2,54.2,0
2026-03-04T13:48:00,61.72,57.0,56.1,65.0,0.137,13,2,0,0.2,3.7,22.9,0,0,0,2,61.72,60.1,7.2,67.1,1
2026-03-04T14:06:00,54.65,50.4,57.8,65.0,0.111,14,2,0,0.0,10.0,27.3,0,0,1,1,54.65,52.6,6.3,54.8,0
2026-03-04T14:24:00,14.21,17.1,18.0,50.0,0.64,14,2,0,0.0,10.0,25.5,1,3,1,2,14.21,21.5,2.6,48.4,1
2026-03-04T14:42:00,40.76,37.6,58.8,65.0,0.095,14,2,0,0.0,10.0,27.8,0,0,0,0,40.76,39.0,4.7,41.9,0
2026-03-04T15:00:00,51.77,47.8,58.9,65.0,0.094,15,2,0,0.0,10.0,10.2,0,0,2,2,51.77,49.6,6.0,52.1,0
2026-03-04T15:18:00,9.51,11.4,45.1,50.0,0.098,15,2,0,0.0,10.0,31.4,0,0,0,2,9.51,11.8,2.0,11.4,0
2026-03-04T15:36:00,19.7,23.6,40.9,50.0,0.182,15,2,0,0.0,10.0,27.9,0,0,0,2,19.7,25.3,3.0,29.9,1
2026-03-04T15:54:00,24.66,22.8,52.7,65.0,0.189,15,2,0,0.0,10.0,22.6,0,0,1,0,24.66,24.5,2.9,27.3,1
2026-03-04T16:12:00,42.18,38.9,55.6,65.0,0.145,16,2,0,0.0,10.0,24.8,0,0,1,2,42.18,41.2,4.9,45.8,1
2026-03-04T16:30:00,55.8,51.5,57.0,65.0,0.123,16,2,0,0.0,10.0,30.8,0,0,0,0,55.8,54.0,6.5,57.5,0
2026-03-04T16:48:00,25.13,23.2,58.2,65.0,0.105,16,2,0,0.0,10.0,29.9,0,0,0,0,25.13,24.2,2.9,28.3,1
2026-03-04T17:06:00,60.8,56.1,44.2,65.0,0.32,17,2,0,0.0,10.0,29.5,0,0,0,2,60.8,63.3,7.6,83.5,1
2026-03-04T17:24:00,50.36,46.5,18.5,65.0,0.715,17,2,0,0.0,10.0,28.7,1,3,1,1,50.36,59.8,7.2,164.5,1
2026-03-04T17:42:00,40.29,37.2,41.4,65.0,0.363,17,2,0,0.0,10.0,38.1,0,0,0,1,40.29,42.6,5.1,53.6,1
